UPDATE `quest_template` SET `QuestType`='0' WHERE  `ID`=54952;

DELETE FROM `smart_scripts` WHERE `entryorguid`=-21000503 AND `source_type`=0 AND `id`=0 AND `link`=0;
DELETE FROM `smart_scripts` WHERE `entryorguid`=-1051143 AND `source_type`=0 AND `id`=0 AND `link`=0;
DELETE FROM `smart_scripts` WHERE `entryorguid`=-1051125 AND `source_type`=0 AND `id`=0 AND `link`=0;
DELETE FROM `smart_scripts` WHERE `entryorguid`=-1050322 AND `source_type`=0 AND `id`=0 AND `link`=0;
DELETE FROM `smart_scripts` WHERE `entryorguid`=-1050297 AND `source_type`=0 AND `id`=0 AND `link`=0;
DELETE FROM `smart_scripts` WHERE `entryorguid`=-1050291 AND `source_type`=0 AND `id`=0 AND `link`=0;
DELETE FROM `smart_scripts` WHERE `entryorguid`=-1050273 AND `source_type`=0 AND `id`=0 AND `link`=0;
DELETE FROM `smart_scripts` WHERE `entryorguid`=-1050259 AND `source_type`=0 AND `id`=0 AND `link`=0;
DELETE FROM `smart_scripts` WHERE `entryorguid`=-1050195 AND `source_type`=0 AND `id`=0 AND `link`=0;
DELETE FROM `smart_scripts` WHERE `entryorguid`=-1050194 AND `source_type`=0 AND `id`=0 AND `link`=0;
DELETE FROM `smart_scripts` WHERE `entryorguid`=-1050194 AND `source_type`=0 AND `id`=1 AND `link`=0;
DELETE FROM `smart_scripts` WHERE `entryorguid`=-1050194 AND `source_type`=0 AND `id`=2 AND `link`=0;
DELETE FROM `smart_scripts` WHERE `entryorguid`=-1050145 AND `source_type`=0 AND `id`=0 AND `link`=0;
DELETE FROM `smart_scripts` WHERE `entryorguid`=-1050027 AND `source_type`=0 AND `id`=0 AND `link`=0;
DELETE FROM `smart_scripts` WHERE `entryorguid`=-965537 AND `source_type`=0 AND `id`=0 AND `link`=1;
DELETE FROM `smart_scripts` WHERE `entryorguid`=-965537 AND `source_type`=0 AND `id`=1 AND `link`=0;
DELETE FROM `smart_scripts` WHERE `entryorguid`=-850182 AND `source_type`=0 AND `id`=0 AND `link`=0;
DELETE FROM `smart_scripts` WHERE `entryorguid`=-850180 AND `source_type`=0 AND `id`=0 AND `link`=0;
DELETE FROM `smart_scripts` WHERE `entryorguid`=-850176 AND `source_type`=0 AND `id`=0 AND `link`=0;
DELETE FROM `smart_scripts` WHERE `entryorguid`=-850173 AND `source_type`=0 AND `id`=0 AND `link`=0;
DELETE FROM `smart_scripts` WHERE `entryorguid`=-850172 AND `source_type`=0 AND `id`=0 AND `link`=0;
DELETE FROM `smart_scripts` WHERE `entryorguid`=-850171 AND `source_type`=0 AND `id`=0 AND `link`=0;
DELETE FROM `smart_scripts` WHERE `entryorguid`=-850170 AND `source_type`=0 AND `id`=0 AND `link`=0;
DELETE FROM `smart_scripts` WHERE `entryorguid`=-850168 AND `source_type`=0 AND `id`=0 AND `link`=0;
DELETE FROM `smart_scripts` WHERE `entryorguid`=-850165 AND `source_type`=0 AND `id`=0 AND `link`=0;
DELETE FROM `smart_scripts` WHERE `entryorguid`=-850149 AND `source_type`=0 AND `id`=0 AND `link`=0;
DELETE FROM `smart_scripts` WHERE `entryorguid`=-850147 AND `source_type`=0 AND `id`=0 AND `link`=0;
DELETE FROM `smart_scripts` WHERE `entryorguid`=-850130 AND `source_type`=0 AND `id`=0 AND `link`=0;
DELETE FROM `smart_scripts` WHERE `entryorguid`=-850130 AND `source_type`=0 AND `id`=1 AND `link`=0;
DELETE FROM `smart_scripts` WHERE `entryorguid`=-850125 AND `source_type`=0 AND `id`=0 AND `link`=0;
DELETE FROM `smart_scripts` WHERE `entryorguid`=-850111 AND `source_type`=0 AND `id`=0 AND `link`=0;
DELETE FROM `smart_scripts` WHERE `entryorguid`=-850065 AND `source_type`=0 AND `id`=0 AND `link`=0;
DELETE FROM `smart_scripts` WHERE `entryorguid`=-650127 AND `source_type`=0 AND `id`=0 AND `link`=0;
DELETE FROM `smart_scripts` WHERE `entryorguid`=-650127 AND `source_type`=0 AND `id`=1 AND `link`=0;
DELETE FROM `smart_scripts` WHERE `entryorguid`=-650126 AND `source_type`=0 AND `id`=0 AND `link`=0;
DELETE FROM `smart_scripts` WHERE `entryorguid`=-650124 AND `source_type`=0 AND `id`=0 AND `link`=0;
DELETE FROM `smart_scripts` WHERE `entryorguid`=-650122 AND `source_type`=0 AND `id`=0 AND `link`=0;
DELETE FROM `smart_scripts` WHERE `entryorguid`=-650121 AND `source_type`=0 AND `id`=0 AND `link`=0;
DELETE FROM `smart_scripts` WHERE `entryorguid`=-650121 AND `source_type`=0 AND `id`=1 AND `link`=0;
DELETE FROM `smart_scripts` WHERE `entryorguid`=-650120 AND `source_type`=0 AND `id`=0 AND `link`=0;
DELETE FROM `smart_scripts` WHERE `entryorguid`=-650117 AND `source_type`=0 AND `id`=0 AND `link`=0;
DELETE FROM `smart_scripts` WHERE `entryorguid`=-650115 AND `source_type`=0 AND `id`=0 AND `link`=0;
DELETE FROM `smart_scripts` WHERE `entryorguid`=-650113 AND `source_type`=0 AND `id`=0 AND `link`=0;
DELETE FROM `smart_scripts` WHERE `entryorguid`=-650112 AND `source_type`=0 AND `id`=0 AND `link`=0;
DELETE FROM `smart_scripts` WHERE `entryorguid`=-650110 AND `source_type`=0 AND `id`=0 AND `link`=0;
DELETE FROM `smart_scripts` WHERE `entryorguid`=-650107 AND `source_type`=0 AND `id`=0 AND `link`=0;
DELETE FROM `smart_scripts` WHERE `entryorguid`=-650105 AND `source_type`=0 AND `id`=0 AND `link`=0;
DELETE FROM `smart_scripts` WHERE `entryorguid`=-650102 AND `source_type`=0 AND `id`=0 AND `link`=0;
DELETE FROM `smart_scripts` WHERE `entryorguid`=-650096 AND `source_type`=0 AND `id`=0 AND `link`=0;
DELETE FROM `smart_scripts` WHERE `entryorguid`=-650090 AND `source_type`=0 AND `id`=0 AND `link`=0;
DELETE FROM `smart_scripts` WHERE `entryorguid`=-650090 AND `source_type`=0 AND `id`=1 AND `link`=0;
DELETE FROM `smart_scripts` WHERE `entryorguid`=-650087 AND `source_type`=0 AND `id`=0 AND `link`=0;
DELETE FROM `smart_scripts` WHERE `entryorguid`=-650085 AND `source_type`=0 AND `id`=0 AND `link`=0;
DELETE FROM `smart_scripts` WHERE `entryorguid`=-650081 AND `source_type`=0 AND `id`=0 AND `link`=0;
DELETE FROM `smart_scripts` WHERE `entryorguid`=-650080 AND `source_type`=0 AND `id`=0 AND `link`=0;
DELETE FROM `smart_scripts` WHERE `entryorguid`=-650070 AND `source_type`=0 AND `id`=0 AND `link`=0;
DELETE FROM `smart_scripts` WHERE `entryorguid`=-650056 AND `source_type`=0 AND `id`=0 AND `link`=0;
DELETE FROM `smart_scripts` WHERE `entryorguid`=-650030 AND `source_type`=0 AND `id`=0 AND `link`=0;
DELETE FROM `smart_scripts` WHERE `entryorguid`=-650011 AND `source_type`=0 AND `id`=0 AND `link`=0;
DELETE FROM `smart_scripts` WHERE `entryorguid`=-650003 AND `source_type`=0 AND `id`=0 AND `link`=0;
DELETE FROM `smart_scripts` WHERE `entryorguid`=-650002 AND `source_type`=0 AND `id`=0 AND `link`=0;

UPDATE `creature_template` SET `minlevel`=47, `maxlevel`=47 WHERE `entry`=96756; -- Ymiron, the Fallen King
UPDATE `creature_template` SET `unit_flags3`=16777217 WHERE `entry`=111374; -- Xal'atath
UPDATE `creature_template` SET `minlevel`=45, `maxlevel`=45 WHERE `entry`=102108; -- Captured Shieldmaiden
UPDATE `creature_template` SET `minlevel`=45, `maxlevel`=45 WHERE `entry`=101013; -- Captured Runecarver
UPDATE `creature_template` SET `minlevel`=45, `maxlevel`=45 WHERE `entry` IN (102896, 102104); -- Enslaved Shieldmaiden
UPDATE `creature_template` SET `minlevel`=46, `maxlevel`=46 WHERE `entry`=97200; -- Seacursed Soulkeeper
UPDATE `creature_template` SET `minlevel`=45, `maxlevel`=45 WHERE `entry` IN (114712, 102375, 102894); -- Runecarver Slave
UPDATE `creature_template` SET `minlevel`=45, `maxlevel`=45 WHERE `entry`=97043; -- Seacursed Slaver
UPDATE `creature_template` SET `minlevel`=50, `maxlevel`=50, `unit_flags3`=16777217 WHERE `entry`=120652; -- Global Affix Stalker
UPDATE `creature_template` SET `minlevel`=45, `maxlevel`=45, `unit_flags3`=16777217 WHERE `entry`=97208; -- Spear
UPDATE `creature_template` SET `minlevel`=45, `maxlevel`=45, `unit_flags3`=0 WHERE `entry`=97163; -- Cursed Falke
UPDATE `creature_template` SET `minlevel`=45, `maxlevel`=45, `unit_flags`=0, `unit_flags3`=16777216 WHERE `entry`=104906; -- Captured Val'kyr
UPDATE `creature_template` SET `minlevel`=46, `maxlevel`=46 WHERE `entry`=97185; -- The Grimewalker
UPDATE `creature_template` SET `minlevel`=47, `maxlevel`=47 WHERE `entry`=96754; -- Harbaron
UPDATE `creature_template` SET `minlevel`=46, `maxlevel`=46 WHERE `entry`=97097; -- Helarjar Champion
UPDATE `creature_template` SET `unit_flags3`=16777217 WHERE `entry`=111221; -- Xal'atath
UPDATE `creature_template` SET `minlevel`=45, `maxlevel`=45 WHERE `entry`=98973; -- Skeletal Warrior
UPDATE `creature_template` SET `minlevel`=45, `maxlevel`=45, `unit_flags3`=16785409 WHERE `entry`=102830; -- Deceased Sorcerer
UPDATE `creature_template` SET `minlevel`=46, `maxlevel`=46, `dynamicflags`=0 WHERE `entry`=97182; -- Night Watch Mariner
UPDATE `creature_template` SET `minlevel`=45, `maxlevel`=45, `unit_flags3`=16777217 WHERE `entry`=102742; -- Fallen Shieldmaiden
UPDATE `creature_template` SET `minlevel`=46, `maxlevel`=46, `faction`=16, `speed_walk`=1.20000004768371582, `speed_run`=1.428571462631225585, `BaseAttackTime`=1000, `unit_flags`=32768, `unit_flags2`=2048 WHERE `entry`=103605; -- Shroudseeker
UPDATE `creature_template` SET `minlevel`=45, `maxlevel`=45, `unit_flags3`=16777217 WHERE `entry`=102769; -- Decrepit Runecarver
UPDATE `creature_template` SET `minlevel`=45, `maxlevel`=45, `unit_flags3`=16777217 WHERE `entry`=111833; -- Thal'kiel
UPDATE `creature_template` SET `minlevel`=45, `maxlevel`=45 WHERE `entry`=97119; -- Shroud Hound
UPDATE `creature_template` SET `minlevel`=40, `maxlevel`=40, `faction`=35, `npcflag`=128, `BaseAttackTime`=2000, `unit_flags2`=2048 WHERE `entry`=188142; -- Motion Sick Peon's Soul
UPDATE `creature_template` SET `minlevel`=45, `maxlevel`=45 WHERE `entry` IN (102326, 102327, 102325, 98291); -- Seacursed Rower
UPDATE `creature_template` SET `minlevel`=45, `maxlevel`=45 WHERE `entry`=97365; -- Seacursed Mistmender
UPDATE `creature_template` SET `minlevel`=46, `maxlevel`=46 WHERE `entry`=99188; -- Waterlogged Soul Guard
UPDATE `creature_template` SET `minlevel`=45, `maxlevel`=45 WHERE `entry`=98919; -- Seacursed Swiftblade
UPDATE `creature_template` SET `minlevel`=45, `maxlevel`=45 WHERE `entry`=103115; -- Helheim

-- GameObject Template data
UPDATE `gameobject_template` SET `ContentTuningId`=1155, `VerifiedBuild`=45745 WHERE `entry`=253001; -- Rune-etched Archway
UPDATE `gameobject_template` SET `ContentTuningId`=1155, `VerifiedBuild`=45745 WHERE `entry`=247041; -- Echoing Horn of the Damned
UPDATE `gameobject_template` SET `ContentTuningId`=1155, `VerifiedBuild`=45745 WHERE `entry` IN (245066, 245062, 245067, 245063, 245064, 245065); -- Kvaldir Cage
UPDATE `gameobject_template` SET `VerifiedBuild`=45745 WHERE `entry` IN (224648, 252145);

-- Scaling
DELETE FROM `creature_template_scaling` WHERE (`DifficultyID`=23 AND `Entry` IN (96756,102108,101013,102896,97200,114712,97043,97208,102375,102104,102894,97163,104906,97185,96754,97097,98973,102830,97182,102742,103605,102769,97119,188142,102326,97365,102327,99188,98919,103115,102325,98291));
INSERT INTO `creature_template_scaling` (`Entry`, `DifficultyID`, `LevelScalingDeltaMin`, `LevelScalingDeltaMax`, `ContentTuningID`, `VerifiedBuild`) VALUES
(96756, 23, 2, 2, 629, 45745),
(102108, 23, 0, 0, 1155, 45745),
(101013, 23, 0, 0, 1155, 45745),
(102896, 23, 0, 0, 1155, 45745),
(97200, 23, 1, 1, 629, 45745),
(114712, 23, 0, 0, 629, 45745),
(97043, 23, 0, 0, 629, 45745),
(97208, 23, 0, 0, 1155, 45745),
(102375, 23, 0, 0, 629, 45745),
(102104, 23, 0, 0, 629, 45745),
(102894, 23, 0, 0, 1155, 45745),
(97163, 23, 0, 0, 629, 45745),
(104906, 23, 0, 0, 1155, 45745),
(97185, 23, 1, 1, 629, 45745),
(96754, 23, 2, 2, 629, 45745),
(97097, 23, 1, 1, 629, 45745),
(98973, 23, 0, 0, 629, 45745),
(102830, 23, 0, 0, 1155, 45745),
(97182, 23, 1, 1, 629, 45745),
(102742, 23, 0, 0, 1155, 45745),
(103605, 23, 1, 1, 629, 45745),
(102769, 23, 0, 0, 1155, 45745),
(97119, 23, 0, 0, 629, 45745),
(188142, 23, 0, 0, 2219, 45745),
(102326, 23, 0, 0, 1155, 45745),
(97365, 23, 0, 0, 629, 45745),
(102327, 23, 0, 0, 1155, 45745),
(99188, 23, 1, 1, 629, 45745),
(98919, 23, 0, 0, 629, 45745),
(103115, 23, 0, 0, 1155, 45745),
(102325, 23, 0, 0, 1155, 45745),
(98291, 23, 0, 0, 1155, 45745);

DELETE FROM `creature_model_info` WHERE `DisplayID`=106378;
INSERT INTO `creature_model_info` (`DisplayID`, `BoundingRadius`, `CombatReach`, `DisplayID_Other_Gender`, `VerifiedBuild`) VALUES
(106378, 0.372000008821487426, 1.5, 0, 45745);

UPDATE `creature_model_info` SET `VerifiedBuild`=45745 WHERE `DisplayID` IN (26725, 30710, 67556, 66181, 66184, 66183, 67179, 25801, 67001, 64200, 64467, 25630, 70529, 66102, 66103, 27824, 66090, 65823);
UPDATE `creature_model_info` SET `BoundingRadius`=1.549580812454223632, `CombatReach`=0, `VerifiedBuild`=45745 WHERE `DisplayID`=65753;

-- Creature Equip Template
DELETE FROM `creature_equip_template` WHERE (`ID`=1 AND `CreatureID` IN (96756,102896,97200,114712,97043,102375,102104,102894,97185,96754,97097,98973,97182,102326,97365,99188,98919,98291));
INSERT INTO `creature_equip_template` (`CreatureID`, `ID`, `ItemID1`, `AppearanceModID1`, `ItemVisual1`, `ItemID2`, `AppearanceModID2`, `ItemVisual2`, `ItemID3`, `AppearanceModID3`, `ItemVisual3`, `VerifiedBuild`) VALUES
(96756, 1, 129189, 0, 0, 0, 0, 0, 0, 0, 0, 45745), -- Ymiron, the Fallen King
(102896, 1, 127346, 0, 0, 77408, 0, 0, 0, 0, 0, 45745), -- Enslaved Shieldmaiden
(97200, 1, 132557, 0, 0, 0, 0, 0, 0, 0, 0, 45745), -- Seacursed Soulkeeper
(114712, 1, 61297, 0, 0, 0, 0, 0, 0, 0, 0, 45745), -- Runecarver Slave
(97043, 1, 81357, 0, 0, 0, 0, 0, 0, 0, 0, 45745), -- Seacursed Slaver
(102375, 1, 61297, 0, 0, 0, 0, 0, 0, 0, 0, 45745), -- Runecarver Slave
(102104, 1, 127346, 0, 0, 77408, 0, 0, 0, 0, 0, 45745), -- Enslaved Shieldmaiden
(102894, 1, 130196, 0, 0, 0, 0, 0, 0, 0, 0, 45745), -- Runecarver Slave
(97185, 1, 115802, 0, 0, 0, 0, 0, 0, 0, 0, 45745), -- The Grimewalker
(96754, 1, 88793, 0, 0, 0, 0, 0, 0, 0, 0, 45745), -- Harbaron
(97097, 1, 76287, 0, 0, 107823, 0, 0, 0, 0, 0, 45745), -- Helarjar Champion
(98973, 1, 106837, 0, 0, 106837, 0, 0, 0, 0, 0, 45745), -- Skeletal Warrior
(97182, 1, 118083, 0, 0, 6341, 0, 0, 0, 0, 0, 45745), -- Night Watch Mariner
(102326, 1, 81357, 0, 0, 0, 0, 0, 0, 0, 0, 45745), -- Seacursed Rower
(97365, 1, 35942, 0, 0, 0, 0, 0, 0, 0, 0, 45745), -- Seacursed Mistmender
(99188, 1, 113562, 0, 0, 56173, 0, 0, 0, 0, 0, 45745), -- Waterlogged Soul Guard
(98919, 1, 77076, 0, 0, 75009, 0, 0, 0, 0, 0, 45745), -- Seacursed Swiftblade
(98291, 1, 81357, 0, 0, 0, 0, 0, 0, 0, 0, 45745); -- Seacursed Rower

-- Vendor Data
DELETE FROM `npc_vendor` WHERE (`entry`=188142 AND `item`=191734 AND `ExtendedCost`=2 AND `type`=1);
INSERT INTO `npc_vendor` (`entry`, `slot`, `item`, `maxcount`, `ExtendedCost`, `type`, `PlayerConditionID`, `IgnoreFiltering`, `VerifiedBuild`) VALUES
(188142, 1, 191734, 0, 2, 1, 0, 0, 45745); -- -Unknown-

-- Vehicle data
DELETE FROM `vehicle_template_accessory` WHERE `entry` IN (97043, 101013, 102108, 102327, 102325);
INSERT INTO `vehicle_template_accessory` (`entry`, `accessory_entry`, `seat_id`, `minion`, `description`, `summontype`, `summontimer`) VALUES
(97043, 97208, 0, 0, 'Seacursed Slaver - Spear', 6, 3000000), -- Seacursed Slaver - Spear
(101013, 102375, 0, 0, 'Captured Runecarver - Runecarver Slave', 6, 3000000), -- Captured Runecarver - Runecarver Slave
(102108, 102104, 0, 0, 'Captured Shieldmaiden - Enslaved Shieldmaiden', 6, 3000000), -- Captured Shieldmaiden - Enslaved Shieldmaiden
(102327, 102326, 0, 0, 'Seacursed Rower - Seacursed Rower', 6, 3000000), -- Seacursed Rower - Seacursed Rower
(102325, 98291, 0, 0, 'Seacursed Rower - Seacursed Rower', 6, 3000000); -- Seacursed Rower - Seacursed Rower

-- Spellclick data
DELETE FROM `npc_spellclick_spells` WHERE `npc_entry` IN (97043, 101013, 102108, 102327, 102325);
INSERT INTO `npc_spellclick_spells` (`npc_entry`, `spell_id`, `cast_flags`, `user_type`) VALUES
(97043, 46598, 0, 0),
(101013, 46598, 0, 0),
(102108, 46598, 0, 0),
(102327, 46598, 0, 0),
(102325, 46598, 0, 0);

-- Creature movement data
DELETE FROM `creature_template_movement` WHERE `CreatureID` IN (97163, 104906, 102326, 103115, 188142);
INSERT INTO `creature_template_movement` (`CreatureId`, `Ground`, `Swim`, `Flight`, `Rooted`, `Chase`, `Random`, `InteractionPauseTimer`) VALUES
(97163, 0, 0, 1, 0, 0, 0, NULL),
(104906, 0, 0, 1, 0, 0, 0, NULL),
(102326, 0, 0, 1, 0, 0, 0, NULL),
(103115, 0, 0, 1, 0, 0, 0, NULL),
(188142, 0, 0, 1, 0, 0, 0, NULL);


UPDATE `creature_template` SET `AIName`='SmartAI' WHERE  `entry`=11016;
UPDATE `creature_template` SET `AIName`='SmartAI' WHERE  `entry`=10929;
UPDATE `creature_template` SET `AIName`='SmartAI' WHERE  `entry`=11141;
UPDATE `creature_template` SET `AIName`='SmartAI' WHERE  `entry`=10740;
UPDATE `smart_scripts` SET `event_type`='0' WHERE  `entryorguid`=9397 AND `source_type`=0 AND `id`=0 AND `link`=0;
UPDATE `smart_scripts` SET `target_param1`='10' WHERE  `entryorguid`=9296 AND `source_type`=0 AND `id`=2 AND `link`=0;
UPDATE `creature_template` SET `AIName`='SmartAI' WHERE  `entry`=9080;
UPDATE `creature_template` SET `AIName`='SmartAI' WHERE  `entry`=9020;
UPDATE `creature_template` SET `AIName`='SmartAI' WHERE  `entry`=8668;
UPDATE `smart_scripts` SET `event_type`='0' WHERE  `entryorguid`=8546 AND `source_type`=0 AND `id`=1 AND `link`=0;
UPDATE `smart_scripts` SET `event_type`='0' WHERE  `entryorguid`=8535 AND `source_type`=0 AND `id`=1 AND `link`=0;
UPDATE `smart_scripts` SET `event_type`='0' WHERE  `entryorguid`=8527 AND `source_type`=0 AND `id`=1 AND `link`=0;
UPDATE `creature_template` SET `AIName`='SmartAI' WHERE  `entry`=8409;
UPDATE `smart_scripts` SET `event_type`='0' WHERE  `entryorguid`=7858 AND `source_type`=0 AND `id`=2 AND `link`=0;
REPLACE INTO `creature_text` (`CreatureID`, `GroupID`, `ID`, `Text`, `Type`, `Language`, `Probability`, `Emote`, `Duration`, `Sound`, `SoundPlayType`, `BroadcastTextId`, `TextRange`, `comment`) VALUES (7774, 1, 0, 'This is quite an adventure!', 12, 0, 100, 0, 0, 0, 0, 3914, 0, '');
REPLACE INTO `creature_text` (`CreatureID`, `GroupID`, `ID`, `Text`, `Type`, `Language`, `Probability`, `Emote`, `Duration`, `Sound`, `SoundPlayType`, `BroadcastTextId`, `TextRange`, `comment`) VALUES (7774, 1, 1, 'Oh, I wandered off again.  I\\\'m sorry.', 12, 0, 100, 0, 0, 0, 0, 3913, 0, '');
REPLACE INTO `creature_text` (`CreatureID`, `GroupID`, `ID`, `Text`, `Type`, `Language`, `Probability`, `Emote`, `Duration`, `Sound`, `SoundPlayType`, `BroadcastTextId`, `TextRange`, `comment`) VALUES (7774, 1, 2, 'The bell again, such a sweet sound.', 12, 0, 100, 0, 0, 0, 0, 3916, 0, '');
REPLACE INTO `creature_text` (`CreatureID`, `GroupID`, `ID`, `Text`, `Type`, `Language`, `Probability`, `Emote`, `Duration`, `Sound`, `SoundPlayType`, `BroadcastTextId`, `TextRange`, `comment`) VALUES (7774, 1, 3, 'I can\\\'t help it, really. This is just such a beautiful place.', 12, 0, 100, 0, 0, 0, 0, 3915, 0, '');
REPLACE INTO `creature_text` (`CreatureID`, `GroupID`, `ID`, `Text`, `Type`, `Language`, `Probability`, `Emote`, `Duration`, `Sound`, `SoundPlayType`, `BroadcastTextId`, `TextRange`, `comment`) VALUES (7774, 2, 0, '%s begins to wander off.', 16, 0, 100, 0, 0, 0, 0, 3918, 0, '');
REPLACE INTO `creature_text` (`CreatureID`, `GroupID`, `ID`, `Text`, `Type`, `Language`, `Probability`, `Emote`, `Duration`, `Sound`, `SoundPlayType`, `BroadcastTextId`, `TextRange`, `comment`) VALUES (7774, 3, 0, 'Are we taking the scenic route?', 12, 0, 100, 0, 0, 0, 0, 3912, 0, '');
REPLACE INTO `creature_text` (`CreatureID`, `GroupID`, `ID`, `Text`, `Type`, `Language`, `Probability`, `Emote`, `Duration`, `Sound`, `SoundPlayType`, `BroadcastTextId`, `TextRange`, `comment`) VALUES (7774, 3, 1, 'Oh, what a beautiful flower over there...', 12, 0, 100, 0, 0, 0, 0, 3907, 0, '');
REPLACE INTO `creature_text` (`CreatureID`, `GroupID`, `ID`, `Text`, `Type`, `Language`, `Probability`, `Emote`, `Duration`, `Sound`, `SoundPlayType`, `BroadcastTextId`, `TextRange`, `comment`) VALUES (7774, 3, 2, 'These trees are quite glorious, aren\\\'t they?', 12, 0, 100, 0, 0, 0, 0, 3908, 0, '');
REPLACE INTO `creature_text` (`CreatureID`, `GroupID`, `ID`, `Text`, `Type`, `Language`, `Probability`, `Emote`, `Duration`, `Sound`, `SoundPlayType`, `BroadcastTextId`, `TextRange`, `comment`) VALUES (7774, 3, 3, 'Are you sure this is the right way? Maybe we should go this way instead...', 12, 0, 100, 0, 0, 0, 0, 3909, 0, '');
REPLACE INTO `creature_text` (`CreatureID`, `GroupID`, `ID`, `Text`, `Type`, `Language`, `Probability`, `Emote`, `Duration`, `Sound`, `SoundPlayType`, `BroadcastTextId`, `TextRange`, `comment`) VALUES (7774, 4, 0, 'Oh, here you are, Rockbiter! I\\\'m sorry, I know I\\\'m not supposed to wander off.', 12, 0, 100, 0, 0, 0, 0, 3917, 0, '');
REPLACE INTO `creature_text` (`CreatureID`, `GroupID`, `ID`, `Text`, `Type`, `Language`, `Probability`, `Emote`, `Duration`, `Sound`, `SoundPlayType`, `BroadcastTextId`, `TextRange`, `comment`) VALUES (7774, 1, 4, 'Oh, there you are!', 12, 0, 100, 0, 0, 0, 0, 3906, 0, '');
REPLACE INTO `creature_text` (`CreatureID`, `GroupID`, `ID`, `Text`, `Type`, `Language`, `Probability`, `Emote`, `Duration`, `Sound`, `SoundPlayType`, `BroadcastTextId`, `TextRange`, `comment`) VALUES (7774, 3, 4, 'Hmmm, I wonder what\\\'s over this way?', 12, 0, 100, 0, 0, 0, 0, 3911, 0, '');
UPDATE `smart_scripts` SET `event_type`='0', `event_param1`='2000' WHERE  `entryorguid`=51792 AND `source_type`=0 AND `id`=2 AND `link`=0;
UPDATE `smart_scripts` SET `event_flags`='512' WHERE  `entryorguid`=52553 AND `source_type`=0 AND `id`=0 AND `link`=0;
UPDATE `smart_scripts` SET `event_type`='0' WHERE  `entryorguid`=56727 AND `source_type`=0 AND `id`=0 AND `link`=0;
UPDATE `creature_template` SET `AIName`='SmartAI' WHERE  `entry`=44614;
UPDATE `smart_scripts` SET `event_type`='2' WHERE  `entryorguid`=44595 AND `source_type`=0 AND `id`=0 AND `link`=0;
UPDATE `smart_scripts` SET `source_type`='1' WHERE  `entryorguid`=128158 AND `source_type`=0 AND `id`=0 AND `link`=1;
UPDATE `smart_scripts` SET `source_type`='1' WHERE  `entryorguid`=128158 AND `source_type`=0 AND `id`=1 AND `link`=0;
UPDATE `smart_scripts` SET `event_type`='64' WHERE  `entryorguid`=272196 AND `source_type`=1 AND `id`=2 AND `link`=0;
UPDATE `smart_scripts` SET `action_param3`='1' WHERE  `entryorguid`=186660 AND `source_type`=1 AND `id`=0 AND `link`=0;
UPDATE `smart_scripts` SET `action_param3`='1' WHERE  `entryorguid`=186649 AND `source_type`=1 AND `id`=0 AND `link`=0;
UPDATE `smart_scripts` SET `event_type`='0' WHERE  `entryorguid`=61007 AND `source_type`=0 AND `id`=0 AND `link`=0;
UPDATE `smart_scripts` SET `event_type`='0' WHERE  `entryorguid`=59564 AND `source_type`=0 AND `id`=0 AND `link`=0;
UPDATE `smart_scripts` SET `event_type`='0' WHERE  `entryorguid`=59362 AND `source_type`=0 AND `id`=0 AND `link`=0;
UPDATE `smart_scripts` SET `event_type`='0' WHERE  `entryorguid`=70295 AND `source_type`=0 AND `id`=0 AND `link`=0;
UPDATE `smart_scripts` SET `event_type`='0' WHERE  `entryorguid`=70298 AND `source_type`=0 AND `id`=0 AND `link`=0;
UPDATE `smart_scripts` SET `event_type`='0' WHERE  `entryorguid`=48119 AND `source_type`=0 AND `id`=0 AND `link`=0;
UPDATE `smart_scripts` SET `event_type`='0' WHERE  `entryorguid`=47602 AND `source_type`=0 AND `id`=0 AND `link`=0;
UPDATE `smart_scripts` SET `event_type`='0' WHERE  `entryorguid`=47401 AND `source_type`=0 AND `id`=0 AND `link`=0;
UPDATE `smart_scripts` SET `event_type`='0' WHERE  `entryorguid`=46892 AND `source_type`=0 AND `id`=2 AND `link`=0;
DELETE FROM `gameobject_template_addon` WHERE  `entry`=326715;
DELETE FROM `gameobject_template_addon` WHERE  `entry`=327681;
DELETE FROM `gameobject_template_addon` WHERE  `entry`=328343;
DELETE FROM `gameobject_template_addon` WHERE  `entry`=325994;
DELETE FROM `gameobject_template_addon` WHERE  `entry`=325998;
DELETE FROM `gameobject_template_addon` WHERE  `entry`=326067;
DELETE FROM `gameobject_template_addon` WHERE  `entry`=326077;
DELETE FROM `gameobject_template_addon` WHERE  `entry`=326104;
REPLACE INTO `creature_model_info` (`DisplayID`, `BoundingRadius`, `CombatReach`, `DisplayID_Other_Gender`, `VerifiedBuild`) VALUES (101153, 1, 1, 0, 0);
REPLACE INTO `creature_model_info` (`DisplayID`, `BoundingRadius`, `CombatReach`, `DisplayID_Other_Gender`, `VerifiedBuild`) VALUES (100681, 1, 1, 0, 0);
REPLACE INTO `creature_model_info` (`DisplayID`, `BoundingRadius`, `CombatReach`, `DisplayID_Other_Gender`, `VerifiedBuild`) VALUES (100062, 1, 1, 0, 0);
REPLACE INTO `creature_model_info` (`DisplayID`, `BoundingRadius`, `CombatReach`, `DisplayID_Other_Gender`, `VerifiedBuild`) VALUES (105739, 1, 1, 0, 0);
REPLACE INTO `creature_model_info` (`DisplayID`, `BoundingRadius`, `CombatReach`, `DisplayID_Other_Gender`, `VerifiedBuild`) VALUES (105738, 1, 1, 0, 0);
REPLACE INTO `creature_model_info` (`DisplayID`, `BoundingRadius`, `CombatReach`, `DisplayID_Other_Gender`, `VerifiedBuild`) VALUES (105733, 1, 1, 0, 0);
REPLACE INTO `creature_model_info` (`DisplayID`, `BoundingRadius`, `CombatReach`, `DisplayID_Other_Gender`, `VerifiedBuild`) VALUES (105536, 1, 1, 0, 0);
REPLACE INTO `creature_model_info` (`DisplayID`, `BoundingRadius`, `CombatReach`, `DisplayID_Other_Gender`, `VerifiedBuild`) VALUES (105012, 1, 1, 0, 0);
UPDATE `smart_scripts` SET `event_type`='0' WHERE  `entryorguid`=45883 AND `source_type`=0 AND `id`=2 AND `link`=0;
UPDATE `smart_scripts` SET `event_type`='0' WHERE  `entryorguid`=116355 AND `source_type`=0 AND `id`=1 AND `link`=0;
UPDATE `smart_scripts` SET `event_type`='0' WHERE  `entryorguid`=119077 AND `source_type`=0 AND `id`=1 AND `link`=0;
REPLACE INTO `creature_text` (`CreatureID`, `GroupID`, `ID`, `Text`, `Type`, `Language`, `Probability`, `Emote`, `Duration`, `Sound`, `SoundPlayType`, `BroadcastTextId`, `TextRange`, `comment`) VALUES (46425, 1, 0, 'Freedom at last. I thank you, stranger. Tahet no longer here. A cruel Neferset warlord called Caimas took him.', 12, 0, 100, 0, 0, 0, 0, 0, 0, '');
REPLACE INTO `creature_text` (`CreatureID`, `GroupID`, `ID`, `Text`, `Type`, `Language`, `Probability`, `Emote`, `Duration`, `Sound`, `SoundPlayType`, `BroadcastTextId`, `TextRange`, `comment`) VALUES (46425, 0, 0, 'Wait! Here come the Neferset guards! Fight near me so I can beat their skulls in!', 12, 0, 100, 0, 0, 0, 0, 0, 0, '');

UPDATE world.creature_template_movement SET Ground='0', Rooted='1' WHERE  CreatureId=32254;
REPLACE INTO areatrigger_involvedrelation (id, quest) VALUES (5881, 25621);

UPDATE `creature_template` SET `unit_flags`='512', `AIName`='SmartAI' WHERE  `entry`=40942;
REPLACE INTO `smart_scripts` (`entryorguid`, `source_type`, `id`, `link`, `event_type`, `event_phase_mask`, `event_chance`, `event_flags`, `event_param1`, `event_param2`, `event_param3`, `event_param4`, `event_param5`, `event_param_string`, `action_type`, `action_param1`, `action_param2`, `action_param3`, `action_param4`, `action_param5`, `action_param6`, `target_type`, `target_param1`, `target_param2`, `target_param3`, `target_param4`, `target_x`, `target_y`, `target_z`, `target_o`, `comment`) VALUES (40942, 0, 0, 1, 16, 0, 100, 0, 46598, 0, 30000, 30000, 0, '', 11, 79404, 6, 0, 0, 0, 0, 1, 0, 0, 0, 0, 0, 0, 0, 0, 'unaura - cast parachute');
REPLACE INTO `smart_scripts` (`entryorguid`, `source_type`, `id`, `link`, `event_type`, `event_phase_mask`, `event_chance`, `event_flags`, `event_param1`, `event_param2`, `event_param3`, `event_param4`, `event_param5`, `event_param_string`, `action_type`, `action_param1`, `action_param2`, `action_param3`, `action_param4`, `action_param5`, `action_param6`, `target_type`, `target_param1`, `target_param2`, `target_param3`, `target_param4`, `target_x`, `target_y`, `target_z`, `target_o`, `comment`) VALUES (40942, 0, 1, 0, 61, 0, 100, 0, 0, 0, 0, 0, 0, '', 41, 45000, 0, 0, 0, 0, 0, 1, 0, 0, 0, 0, 0, 0, 0, 0, 'link - despawn');

DELETE FROM `creature_template` WHERE `entry`=32254;
REPLACE INTO `creature_template` (`entry`, `difficulty_entry_1`, `difficulty_entry_2`, `difficulty_entry_3`, `KillCredit1`, `KillCredit2`, `name`, `femaleName`, `subname`, `TitleAlt`, `IconName`, `gossip_menu_id`, `minlevel`, `maxlevel`, `HealthScalingExpansion`, `RequiredExpansion`, `VignetteID`, `faction`, `npcflag`, `speed_walk`, `speed_run`, `scale`, `rank`, `dmgschool`, `BaseAttackTime`, `RangeAttackTime`, `BaseVariance`, `RangeVariance`, `unit_class`, `unit_flags`, `unit_flags2`, `unit_flags3`, `dynamicflags`, `family`, `trainer_class`, `type`, `type_flags`, `type_flags2`, `lootid`, `pickpocketloot`, `skinloot`, `VehicleId`, `mingold`, `maxgold`, `AIName`, `MovementType`, `HoverHeight`, `HealthModifier`, `HealthModifierExtra`, `ManaModifier`, `ManaModifierExtra`, `ArmorModifier`, `DamageModifier`, `ExperienceModifier`, `RacialLeader`, `movementId`, `CreatureDifficultyID`, `WidgetSetID`, `WidgetSetUnitConditionID`, `RegenHealth`, `mechanic_immune_mask`, `spell_school_immune_mask`, `flags_extra`, `ScriptName`, `VerifiedBuild`) VALUES (32254, 0, 0, 0, 0, 0, 'Sniper Cannon', 'Sniper Cannon', '', NULL, 'Gunner', 0, 30, 30, 0, 0, 0, 35, 16777216, 1, 1, 1, 0, 0, 2000, 2000, 0, 0, 4, 0, 2048, 0, 0, 0, 0, 10, 0, 0, 0, 0, 0, 299, 0, 0, '', 0, 1, 1, 1, 1, 1, 1, 1, 1, 0, 0, 36846, 0, 0, 1, 0, 0, 0, '', 45114);


REPLACE INTO `npc_spellclick_spells` (`npc_entry`, `spell_id`, `cast_flags`, `user_type`) VALUES (32254, 61421, 1, 0);
REPLACE INTO `creature_template_movement` (`CreatureId`, `Ground`, `Swim`, `Flight`, `Rooted`, `Chase`, `Random`, `InteractionPauseTimer`) VALUES (32254, 1, 0, 0, 0, 0, 0, NULL);

UPDATE `creature_template` SET `faction`='125', `AIName`='SmartAI', `mechanic_immune_mask`='613097436', `flags_extra`='536870912' WHERE  `entry`=34353;

REPLACE INTO `smart_scripts` (`entryorguid`, `source_type`, `id`, `link`, `event_type`, `event_phase_mask`, `event_chance`, `event_flags`, `event_param1`, `event_param2`, `event_param3`, `event_param4`, `event_param5`, `event_param_string`, `action_type`, `action_param1`, `action_param2`, `action_param3`, `action_param4`, `action_param5`, `action_param6`, `target_type`, `target_param1`, `target_param2`, `target_param3`, `target_param4`, `target_x`, `target_y`, `target_z`, `target_o`, `comment`) VALUES (34353, 0, 0, 0, 4, 0, 100, 1, 0, 0, 0, 0, 0, '', 21, 1, 0, 0, 0, 0, 0, 1, 0, 0, 0, 0, 0, 0, 0, 0, 'Enable Movement on aggro');
REPLACE INTO `smart_scripts` (`entryorguid`, `source_type`, `id`, `link`, `event_type`, `event_phase_mask`, `event_chance`, `event_flags`, `event_param1`, `event_param2`, `event_param3`, `event_param4`, `event_param5`, `event_param_string`, `action_type`, `action_param1`, `action_param2`, `action_param3`, `action_param4`, `action_param5`, `action_param6`, `target_type`, `target_param1`, `target_param2`, `target_param3`, `target_param4`, `target_x`, `target_y`, `target_z`, `target_o`, `comment`) VALUES (34353, 0, 1, 0, 9, 0, 100, 0, 0, 6, 10000, 17000, 0, '', 11, 65299, 0, 0, 0, 0, 0, 2, 0, 0, 0, 0, 0, 0, 0, 0, 'Range - cast flamethrower (condition)');
REPLACE INTO `smart_scripts` (`entryorguid`, `source_type`, `id`, `link`, `event_type`, `event_phase_mask`, `event_chance`, `event_flags`, `event_param1`, `event_param2`, `event_param3`, `event_param4`, `event_param5`, `event_param_string`, `action_type`, `action_param1`, `action_param2`, `action_param3`, `action_param4`, `action_param5`, `action_param6`, `target_type`, `target_param1`, `target_param2`, `target_param3`, `target_param4`, `target_x`, `target_y`, `target_z`, `target_o`, `comment`) VALUES (34353, 0, 2, 0, 9, 0, 100, 0, 8, 15, 0, 0, 0, '', 21, 1, 0, 0, 0, 0, 0, 1, 0, 0, 0, 0, 0, 0, 0, 0, 'start moving when not in Flamethrower range');
REPLACE INTO `smart_scripts` (`entryorguid`, `source_type`, `id`, `link`, `event_type`, `event_phase_mask`, `event_chance`, `event_flags`, `event_param1`, `event_param2`, `event_param3`, `event_param4`, `event_param5`, `event_param_string`, `action_type`, `action_param1`, `action_param2`, `action_param3`, `action_param4`, `action_param5`, `action_param6`, `target_type`, `target_param1`, `target_param2`, `target_param3`, `target_param4`, `target_x`, `target_y`, `target_z`, `target_o`, `comment`) VALUES (34353, 0, 3, 0, 9, 0, 100, 0, 0, 6, 0, 0, 0, '', 21, 0, 0, 0, 0, 0, 0, 1, 0, 0, 0, 0, 0, 0, 0, 0, 'stop moving when in Flamethrower range');
REPLACE INTO `smart_scripts` (`entryorguid`, `source_type`, `id`, `link`, `event_type`, `event_phase_mask`, `event_chance`, `event_flags`, `event_param1`, `event_param2`, `event_param3`, `event_param4`, `event_param5`, `event_param_string`, `action_type`, `action_param1`, `action_param2`, `action_param3`, `action_param4`, `action_param5`, `action_param6`, `target_type`, `target_param1`, `target_param2`, `target_param3`, `target_param4`, `target_x`, `target_y`, `target_z`, `target_o`, `comment`) VALUES (34353, 0, 4, 0, 8, 0, 100, 0, 68561, 0, 0, 0, 0, '', 49, 0, 0, 0, 0, 0, 0, 7, 0, 0, 0, 0, 0, 0, 0, 0, 'Dummy Trigger from Oil Canister being Aggrod - Attack Invoker');
REPLACE INTO `smart_scripts` (`entryorguid`, `source_type`, `id`, `link`, `event_type`, `event_phase_mask`, `event_chance`, `event_flags`, `event_param1`, `event_param2`, `event_param3`, `event_param4`, `event_param5`, `event_param_string`, `action_type`, `action_param1`, `action_param2`, `action_param3`, `action_param4`, `action_param5`, `action_param6`, `target_type`, `target_param1`, `target_param2`, `target_param3`, `target_param4`, `target_x`, `target_y`, `target_z`, `target_o`, `comment`) VALUES (34353, 0, 5, 6, 38, 0, 100, 0, 1, 1, 0, 0, 0, '', 224, 15, 0, 0, 0, 0, 0, 1, 0, 0, 0, 0, 0, 0, 0, 0, 'Data Set from Canister Death - Set Health 15%');
REPLACE INTO `smart_scripts` (`entryorguid`, `source_type`, `id`, `link`, `event_type`, `event_phase_mask`, `event_chance`, `event_flags`, `event_param1`, `event_param2`, `event_param3`, `event_param4`, `event_param5`, `event_param_string`, `action_type`, `action_param1`, `action_param2`, `action_param3`, `action_param4`, `action_param5`, `action_param6`, `target_type`, `target_param1`, `target_param2`, `target_param3`, `target_param4`, `target_x`, `target_y`, `target_z`, `target_o`, `comment`) VALUES (34353, 0, 6, 0, 61, 0, 100, 0, 0, 0, 0, 0, 0, '', 11, 100627, 6, 0, 0, 0, 0, 1, 0, 0, 0, 0, 0, 0, 0, 0, 'Link - Cast Explosion');

REPLACE INTO `conditions` (`SourceTypeOrReferenceId`, `SourceGroup`, `SourceEntry`, `SourceId`, `ElseGroup`, `ConditionTypeOrReference`, `ConditionTarget`, `ConditionValue1`, `ConditionValue2`, `ConditionValue3`, `NegativeCondition`, `ErrorTextId`, `ScriptName`, `Comment`) VALUES (18, 34353, 46598, 0, 1, 31, 0, 4, 0, 0, 1, 0, '', 'Spellclick if Not Player');

REPLACE INTO `npc_spellclick_spells` (`npc_entry`, `spell_id`, `cast_flags`, `user_type`) VALUES (34353, 46598, 1, 0);

UPDATE `creature_template` SET `unit_flags`='768', `type_flags`='17826832', `AIName`='SmartAI' WHERE  `entry`=40957;
REPLACE INTO `smart_scripts` (`entryorguid`, `source_type`, `id`, `link`, `event_type`, `event_phase_mask`, `event_chance`, `event_flags`, `event_param1`, `event_param2`, `event_param3`, `event_param4`, `event_param5`, `event_param_string`, `action_type`, `action_param1`, `action_param2`, `action_param3`, `action_param4`, `action_param5`, `action_param6`, `target_type`, `target_param1`, `target_param2`, `target_param3`, `target_param4`, `target_x`, `target_y`, `target_z`, `target_o`, `comment`) VALUES (40957, 0, 0, 1, 8, 0, 100, 1, 65308, 0, 0, 0, 0, '', 33, 40957, 0, 0, 0, 0, 0, 7, 0, 0, 0, 0, 0, 0, 0, 0, 'SpellHit - Kill Credit');
REPLACE INTO `smart_scripts` (`entryorguid`, `source_type`, `id`, `link`, `event_type`, `event_phase_mask`, `event_chance`, `event_flags`, `event_param1`, `event_param2`, `event_param3`, `event_param4`, `event_param5`, `event_param_string`, `action_type`, `action_param1`, `action_param2`, `action_param3`, `action_param4`, `action_param5`, `action_param6`, `target_type`, `target_param1`, `target_param2`, `target_param3`, `target_param4`, `target_x`, `target_y`, `target_z`, `target_o`, `comment`) VALUES (40957, 0, 1, 0, 61, 0, 100, 1, 0, 0, 0, 0, 0, '', 41, 5000, 0, 0, 0, 0, 0, 1, 0, 0, 0, 0, 0, 0, 0, 0, 'Link - Despawn');

UPDATE `creature_loot_template` SET `Chance`='100' WHERE  `Entry`=34353 AND `Item`=55152;

