DELETE FROM `creature_equip_template` WHERE (`ID`=1 AND `CreatureID` IN (186176,186175,185920,194185,194152,186653,194040,188779,194041,188782,186183,182725,180393,182727,184657,192387,185882,192353,191065,192926,191725,191058,196663,193377,185905,195212,196646,188444,186447,192165,196995,186326,186331,186757,186430,187189,189461,187187,181016,191600,189215,186765,188380,192164,187538,187533,188336,192121,186324,195957,189199,188344,193456,189202,188625,191711,191710,188623,198877,188351,193464,187541,188443,186452,186451,186335,191835,190115,190153,190111,186493,187668,188179,189507,186312,186314,190150,187813,186912,189834,189734,186239,186592,190079,190116,197340,189776,197341,191597,189643,186915,186919,195187,186892,183186,186897)) OR (`ID`=2 AND `CreatureID` IN (194040,187187,186765));
INSERT INTO `creature_equip_template` (`CreatureID`, `ID`, `ItemID1`, `AppearanceModID1`, `ItemVisual1`, `ItemID2`, `AppearanceModID2`, `ItemVisual2`, `ItemID3`, `AppearanceModID3`, `ItemVisual3`, `VerifiedBuild`) VALUES
(186176, 1, 0, 0, 0, 0, 0, 0, 189502, 0, 0, 46879), -- Aru
(186175, 1, 0, 0, 0, 0, 0, 0, 189502, 0, 0, 46879), -- Belika
(185920, 1, 189523, 0, 0, 0, 0, 0, 0, 0, 0, 46879), -- Okir
(194040, 2, 198363, 0, 0, 0, 0, 0, 0, 0, 0, 46879), -- Timberstep Guard
(194185, 1, 189521, 0, 0, 0, 0, 0, 0, 0, 0, 46879), -- Makhul
(194152, 1, 192563, 0, 0, 0, 0, 0, 0, 0, 0, 46879), -- Agurahl the Butcher
(186653, 1, 45123, 0, 0, 0, 0, 0, 0, 0, 0, 46879), -- Apprentice Ehri
(194040, 1, 198361, 0, 0, 0, 0, 0, 0, 0, 0, 46879), -- Timberstep Guard
(188779, 1, 110458, 0, 0, 0, 0, 0, 0, 0, 0, 46879), -- Ranger Otyuk
(194041, 1, 0, 0, 0, 0, 0, 0, 189506, 0, 0, 46879), -- Timberstep Archer
(188782, 1, 110458, 0, 0, 0, 0, 0, 0, 0, 0, 46879), -- Ranger Bolor
(186183, 1, 189517, 0, 0, 0, 0, 0, 0, 0, 0, 46879), -- Beastmaster Nuqut
(182725, 1, 0, 0, 0, 0, 0, 0, 198358, 0, 0, 46879), -- Shikaar Preyseeker
(180393, 1, 198361, 0, 0, 0, 0, 0, 0, 0, 0, 46879), -- Shikaar Ranger
(182727, 1, 198363, 0, 0, 0, 0, 0, 0, 0, 0, 46879), -- Shikaar Beastmaster
(184657, 1, 0, 0, 0, 0, 0, 0, 198358, 0, 0, 46879), -- Shikaar Hunter
(192387, 1, 0, 0, 0, 0, 0, 0, 108491, 0, 0, 46879), -- Shikaar Scout
(185882, 1, 0, 0, 0, 0, 0, 0, 189505, 0, 0, 46879), -- Scout Tomul
(192353, 1, 0, 0, 0, 0, 0, 0, 189505, 0, 0, 46879), -- Scout Tomul
(191065, 1, 0, 0, 0, 0, 0, 0, 108491, 0, 0, 46879), -- Shikaar Hunter
(192926, 1, 192061, 0, 0, 0, 0, 0, 0, 0, 0, 46879), -- Trainer Frodrum
(191725, 1, 110458, 0, 0, 0, 0, 0, 0, 0, 0, 46879), -- Shikaar Blacksmith
(191058, 1, 110458, 0, 0, 0, 0, 0, 0, 0, 0, 46879), -- Shikaar Fighter
(196663, 1, 192100, 0, 0, 192138, 0, 0, 0, 0, 0, 46879), -- Ruby Scaleguard
(193377, 1, 189547, 0, 0, 0, 0, 0, 0, 0, 0, 46879), -- Alexstrasza the Life-Binder
(185905, 1, 189547, 0, 0, 0, 0, 0, 0, 0, 0, 46879), -- Alexstrasza the Life-Binder
(195212, 1, 192151, 0, 0, 0, 0, 0, 0, 0, 0, 46879), -- Commander Lethanak
(196646, 1, 191418, 0, 0, 0, 0, 0, 0, 0, 0, 46879), -- Ruby Warden
(188444, 1, 94830, 0, 0, 0, 0, 0, 0, 0, 0, 46879), -- Do-Yeon Shadowrider
(186447, 1, 12298, 0, 0, 0, 0, 0, 0, 0, 0, 46879), -- Kaplak
(192165, 1, 169155, 0, 0, 0, 0, 0, 0, 0, 0, 46879), -- Winnie Fingerspring
(196995, 1, 152426, 0, 0, 0, 0, 0, 0, 0, 0, 46879), -- Talonstalker Gazi
(187187, 2, 189533, 0, 0, 0, 0, 0, 0, 0, 0, 46879), -- Blacktalon Avenger
(186326, 1, 152426, 0, 0, 0, 0, 0, 0, 0, 0, 46879), -- Blacktalon Strategist
(186331, 1, 152426, 0, 0, 0, 0, 0, 0, 0, 0, 46879), -- Fao the Relentless
(186757, 1, 1265, 0, 0, 0, 0, 0, 155818, 0, 0, 46879), -- Hades Prescott
(186765, 2, 1906, 0, 0, 0, 0, 0, 0, 0, 0, 46879), -- Blacktalon Provisioner
(186430, 1, 45123, 0, 0, 0, 0, 0, 0, 0, 0, 46879), -- Horace "Scalding" Stern
(187189, 1, 152426, 0, 0, 0, 0, 0, 0, 0, 0, 46879), -- Blacktalon Assassin
(189461, 1, 56912, 0, 0, 0, 0, 0, 0, 0, 0, 46879), -- Obsidian Watcher
(187187, 1, 108925, 0, 0, 0, 0, 0, 0, 0, 0, 46879), -- Blacktalon Avenger
(181016, 1, 192163, 0, 0, 0, 0, 0, 0, 0, 0, 46879), -- Blacktalon Sentry
(191600, 1, 152426, 0, 0, 0, 0, 0, 0, 0, 0, 46879), -- Talonstalker Kavia
(189215, 1, 41184, 0, 0, 0, 0, 0, 0, 0, 0, 46879), -- Moxie Lockspinner
(186765, 1, 152426, 0, 0, 0, 0, 0, 0, 0, 0, 46879), -- Blacktalon Provisioner
(188380, 1, 1906, 0, 0, 0, 0, 0, 0, 0, 0, 46879), -- Briona Macolm
(192164, 1, 108925, 0, 0, 0, 0, 0, 0, 0, 0, 46879), -- Gringot Coldsteel
(187538, 1, 88846, 0, 0, 0, 0, 0, 0, 0, 0, 46879), -- Champion Ugi
(187533, 1, 3361, 0, 0, 0, 0, 0, 0, 0, 0, 46879), -- Gulchak
(188336, 1, 195388, 0, 0, 0, 0, 0, 0, 0, 0, 46879), -- Foehn Breezeskimmer
(192121, 1, 108925, 0, 0, 0, 0, 0, 0, 0, 0, 46879), -- Falron Greygold
(186324, 1, 152426, 0, 0, 0, 0, 0, 0, 0, 0, 46879), -- Blacktalon Schemer
(195957, 1, 152426, 0, 0, 0, 0, 0, 0, 0, 0, 46879), -- Blacktalon Strategist
(189199, 1, 108925, 0, 0, 0, 0, 0, 0, 0, 0, 46879), -- Vadrya Valte
(188344, 1, 191866, 0, 0, 0, 0, 0, 0, 0, 0, 46879), -- Chydrass
(193456, 1, 133303, 0, 0, 0, 0, 0, 0, 0, 0, 46879), -- Archivist Edress
(189202, 1, 108925, 0, 0, 0, 0, 0, 0, 0, 0, 46879), -- Uirreg Stoutbrow
(188625, 1, 80971, 0, 0, 80971, 0, 0, 0, 0, 0, 46879), -- Lorena Belle
(191711, 1, 5278, 0, 0, 0, 0, 0, 76351, 0, 0, 46879), -- Right
(191710, 1, 1493, 0, 0, 0, 0, 0, 76351, 0, 0, 46879), -- Left
(188623, 1, 10613, 0, 0, 0, 0, 0, 0, 0, 0, 46879), -- Samia Inkling
(198877, 1, 192163, 0, 0, 0, 0, 0, 0, 0, 0, 46879), -- Blacktalon Sentry
(188351, 1, 18758, 0, 0, 18758, 0, 0, 0, 0, 0, 46879), -- Stabitha Sharptwist
(193464, 1, 189688, 0, 0, 0, 0, 0, 0, 0, 0, 46879), -- Forgemaster Bazentus
(187541, 1, 195388, 0, 0, 0, 0, 0, 0, 0, 0, 46879), -- Obsidian Protector
(188443, 1, 108925, 0, 0, 0, 0, 0, 0, 0, 0, 46879), -- Zinja Ujomei
(186452, 1, 152426, 0, 0, 0, 0, 0, 0, 0, 0, 46879), -- Blacktalon Assassin
(186451, 1, 108925, 0, 0, 0, 0, 0, 0, 0, 0, 46879), -- Blacktalon Avenger
(186335, 1, 31302, 0, 0, 0, 0, 0, 0, 0, 0, 46879), -- Blacktalon Scout
(191835, 1, 31302, 0, 0, 0, 0, 0, 0, 0, 0, 46879), -- Blacktalon Scout
(190115, 1, 192049, 0, 0, 0, 0, 0, 0, 0, 0, 46879), -- Qalashi Pillager
(190153, 1, 133303, 0, 0, 0, 0, 0, 0, 0, 0, 46879), -- Blacktalon Assassin
(190111, 1, 1493, 0, 0, 0, 0, 0, 76351, 0, 0, 46879), -- Blacktalon Assassin
(186493, 1, 189688, 0, 0, 0, 0, 0, 0, 0, 0, 46879), -- Forgemaster Bazentus
(187668, 1, 13024, 0, 0, 0, 0, 0, 0, 0, 0, 46879), -- Scalesmith Viro
(188179, 1, 13024, 0, 0, 0, 0, 0, 0, 0, 0, 46879), -- Stoker Volrax
(189507, 1, 152426, 0, 0, 0, 0, 0, 0, 0, 0, 46879), -- Talonstalker Kavia
(186312, 1, 1493, 0, 0, 0, 0, 0, 76351, 0, 0, 46879), -- Left
(186314, 1, 1493, 0, 0, 0, 0, 0, 76351, 0, 0, 46879), -- Right
(190150, 1, 133303, 0, 0, 0, 0, 0, 0, 0, 0, 46879), -- Archivist Edress
(187813, 1, 192105, 0, 0, 192138, 0, 0, 0, 0, 0, 46879), -- Qalashi Wallcrasher
(186912, 1, 163608, 0, 0, 0, 0, 0, 0, 0, 0, 46879), -- Djaradin Berserker
(189834, 1, 197819, 0, 0, 0, 0, 0, 0, 0, 0, 46879), -- Qalashi Stonebinder
(189734, 1, 192122, 0, 0, 0, 0, 0, 0, 0, 0, 46879), -- Qalashi Boltthrower
(186239, 1, 192045, 0, 0, 0, 0, 0, 0, 0, 0, 46879), -- Qalashi Skullhauler
(186592, 1, 163608, 0, 0, 0, 0, 0, 0, 0, 0, 46879), -- Champion Choruk
(190079, 1, 192049, 0, 0, 0, 0, 0, 0, 0, 0, 46879), -- Qalashi Boltthrower
(190116, 1, 192045, 0, 0, 0, 0, 0, 0, 0, 0, 46879), -- Qalashi Skullhauler
(197340, 1, 108925, 0, 0, 0, 0, 0, 0, 0, 0, 46879), -- Blacktalon Avenger
(189776, 1, 163608, 0, 0, 0, 0, 0, 0, 0, 0, 46879), -- Qalashi Bonebreaker
(197341, 1, 108925, 0, 0, 0, 0, 0, 0, 0, 0, 46879), -- Blacktalon Avenger
(191597, 1, 112097, 0, 0, 0, 0, 0, 0, 0, 0, 46879), -- Qalashi Crustshaper
(189643, 1, 112097, 0, 0, 0, 0, 0, 0, 0, 0, 46879), -- Qalashi Crustshaper
(186915, 1, 192109, 0, 0, 192142, 0, 0, 0, 0, 0, 46879), -- Qalashi Gatecrasher
(186919, 1, 56912, 0, 0, 0, 0, 0, 0, 0, 0, 46879), -- Obsidian Soldier
(195187, 1, 198374, 0, 0, 0, 0, 0, 0, 0, 0, 46879), -- Djaradin Flametamer
(186892, 1, 192049, 0, 0, 0, 0, 0, 0, 0, 0, 46879), -- Qalashi Necksnapper
(183186, 1, 107134, 0, 0, 0, 0, 0, 0, 0, 0, 46879), -- Qalashi Wingrider
(186897, 1, 108925, 0, 0, 0, 0, 0, 0, 0, 0, 46879); -- Blacktalon Avenger


DELETE FROM `areatrigger_template` WHERE (`IsServerSide`=0 AND `Id` IN (30897,28809,31137));
INSERT INTO `areatrigger_template` (`Id`, `IsServerSide`, `Type`, `Flags`, `Data0`, `Data1`, `Data2`, `Data3`, `Data4`, `Data5`, `Data6`, `Data7`, `VerifiedBuild`) VALUES
(30897, 0, 4, 4, 8, 8, 8, 8, 3, 3, 0, 0, 46879),
(28809, 0, 0, 2, 5, 5, 0, 0, 0, 0, 0, 0, 46879),
(31137, 0, 0, 0, 5, 5, 0, 0, 0, 0, 0, 0, 46879);

UPDATE `areatrigger_template` SET `VerifiedBuild`=46879 WHERE (`IsServerSide`=0 AND `Id` IN (12929,30886,8352,10727,30143,28875,10698,11420,13122,9225));
UPDATE `areatrigger_template` SET `Flags`=2, `VerifiedBuild`=46879 WHERE (`Id`=9228 AND `IsServerSide`=0);


DELETE FROM `conversation_line_template` WHERE `Id` IN (48621, 48620, 48619, 48618, 48583, 48578, 47304, 47018, 50330, 48586, 47919, 47089, 52672, 47976, 47975, 47974, 52810, 47096, 47098, 47097, 49693, 49694, 49692, 49691, 47916, 48602, 47933, 47050, 47047, 47048, 47921, 47006, 47005, 48490, 47941, 47940, 47939, 47938, 47937, 47943, 47942, 47091, 47090, 47092, 49705, 49704, 49703, 49702, 47045, 47043, 47008, 47007, 48597, 48596, 48595, 47936, 47935, 47934, 52252, 47930, 48587, 47920, 48606, 48605, 52809, 47945, 47944, 52253, 47957);
INSERT INTO `conversation_line_template` (`Id`, `UiCameraID`, `ActorIdx`, `Flags`, `VerifiedBuild`) VALUES
(48621, 0, 1, 0, 46879),
(48620, 0, 0, 0, 46879),
(48619, 0, 1, 0, 46879),
(48618, 0, 0, 0, 46879),
(48583, 0, 0, 0, 46879),
(48578, 0, 0, 0, 46879),
(47304, 0, 1, 0, 46879),
(47018, 0, 0, 0, 46879),
(50330, 1449, 0, 0, 46879),
(48586, 0, 0, 0, 46879),
(47919, 0, 0, 0, 46879),
(47089, 0, 0, 0, 46879),
(52672, 0, 2, 0, 46879),
(47976, 0, 0, 0, 46879),
(47975, 0, 1, 0, 46879),
(47974, 0, 0, 0, 46879),
(52810, 0, 0, 0, 46879),
(47096, 0, 1, 0, 46879),
(47098, 0, 0, 0, 46879),
(47097, 0, 0, 0, 46879),
(49693, 0, 3, 0, 46879),
(49694, 0, 2, 1, 46879),
(49692, 0, 1, 1, 46879),
(49691, 0, 0, 0, 46879),
(47916, 0, 0, 0, 46879),
(48602, 0, 0, 0, 46879),
(47933, 0, 0, 0, 46879),
(47050, 0, 0, 0, 46879),
(47047, 0, 1, 0, 46879),
(47048, 0, 0, 0, 46879),
(47921, 0, 0, 0, 46879),
(47006, 149, 2, 0, 46879),
(47005, 1681, 1, 0, 46879),
(48490, 4294967295, 0, 0, 46879),
(47941, 0, 1, 0, 46879),
(47940, 0, 0, 0, 46879),
(47939, 0, 2, 0, 46879),
(47938, 0, 1, 0, 46879),
(47937, 0, 0, 0, 46879),
(47943, 0, 1, 0, 46879),
(47942, 0, 0, 0, 46879),
(47091, 0, 1, 0, 46879),
(47090, 0, 0, 0, 46879),
(47092, 0, 0, 0, 46879),
(49705, 0, 1, 0, 46879),
(49704, 0, 0, 1, 46879),
(49703, 0, 1, 0, 46879),
(49702, 0, 0, 1, 46879),
(47045, 0, 1, 0, 46879),
(47043, 0, 0, 0, 46879),
(47008, 149, 1, 0, 46879),
(47007, 1681, 0, 0, 46879),
(48597, 0, 2, 0, 46879),
(48596, 0, 1, 0, 46879),
(48595, 0, 0, 0, 46879),
(47936, 0, 2, 0, 46879),
(47935, 0, 2, 0, 46879),
(47934, 0, 1, 0, 46879),
(52252, 0, 0, 0, 46879),
(47930, 0, 0, 0, 46879),
(48587, 0, 0, 0, 46879),
(47920, 0, 0, 0, 46879),
(48606, 0, 1, 0, 46879),
(48605, 0, 0, 0, 46879),
(52809, 0, 0, 0, 46879),
(47945, 0, 2, 0, 46879),
(47944, 0, 1, 0, 46879),
(52253, 0, 0, 0, 46879),
(47957, 0, 0, 0, 46879);



DELETE FROM `scene_template` WHERE `SceneId` IN (2912, 2949, 2950, 2955, 2893, 2915, 2911);
INSERT INTO `scene_template` (`SceneId`, `Flags`, `ScriptPackageID`, `Encrypted`) VALUES
(2912, 16, 3453, 0),
(2949, 17, 3591, 0),
(2950, 16, 3522, 0),
(2955, 27, 3676, 0),
(2893, 24, 3603, 0),
(2915, 16, 3456, 0),
(2911, 16, 3454, 0);



UPDATE `scene_template` SET `Flags`=16, `ScriptPackageID`=3602 WHERE `SceneId`=3012;

DELETE FROM `quest_offer_reward` WHERE `ID` IN (70174 /*-Unknown-*/, 65783 /*-Unknown-*/, 65780 /*-Unknown-*/, 65779 /*-Unknown-*/, 65795 /*-Unknown-*/, 65794 /*-Unknown-*/, 65791 /*-Unknown-*/, 66788 /*-Unknown-*/, 66785 /*-Unknown-*/, 65793 /*-Unknown-*/, 66735 /*-Unknown-*/, 66997 /*Nursery Direction*/, 66779 /*-Unknown-*/, 66780 /*-Unknown-*/, 66057 /*-Unknown-*/, 66354 /*-Unknown-*/, 66056 /*-Unknown-*/, 66055 /*-Unknown-*/, 66049 /*-Unknown-*/, 65939 /*-Unknown-*/, 66044 /*-Unknown-*/);
INSERT INTO `quest_offer_reward` (`ID`, `Emote1`, `Emote2`, `Emote3`, `Emote4`, `EmoteDelay1`, `EmoteDelay2`, `EmoteDelay3`, `EmoteDelay4`, `RewardText`, `VerifiedBuild`) VALUES
(70174, 0, 0, 0, 0, 0, 0, 0, 0, '<Sansok Khan gives you a slight nod.>', 46879), -- -Unknown-
(65783, 1, 0, 0, 0, 0, 0, 0, 0, 'You outsiders seem to have a habit of meddling in the affairs of others.', 46879), -- -Unknown-
(65780, 1, 0, 0, 0, 0, 0, 0, 0, 'You are a more formidable fighter than I assumed.', 46879), -- -Unknown-
(65779, 669, 0, 0, 0, 0, 0, 0, 0, 'You serve as an envoy of the dragons, then. Times are changing.', 46879), -- -Unknown-
(65795, 0, 0, 0, 0, 0, 0, 0, 0, 'We have much to discuss, you and I.', 46879), -- -Unknown-
(65794, 0, 0, 0, 0, 0, 0, 0, 0, 'The Life Pools are filled once more, in no small part thanks to you.\n\nWith our purpose fulfilled, our oathstone shines once more as a symbol of our calling.', 46879), -- -Unknown-
(65791, 0, 0, 0, 0, 0, 0, 0, 0, 'The future of all the flights is now secure.', 46879), -- -Unknown-
(66788, 0, 0, 0, 0, 0, 0, 0, 0, 'Thank you, $n. I feel like we have a future once more.', 46879), -- -Unknown-
(66785, 0, 0, 0, 0, 0, 0, 0, 0, 'Can you believe it?', 46879), -- -Unknown-
(65793, 0, 0, 0, 0, 0, 0, 0, 0, 'You have served admirably, $r.', 46879), -- -Unknown-
(66735, 0, 0, 0, 0, 0, 0, 0, 0, 'Thank you, $n. With any luck, the bees will have fewer reasons to be close to the whelps now.', 46879), -- -Unknown-
(66997, 0, 0, 0, 0, 0, 0, 0, 0, 'Thank goodness you\'re here! You may have noticed the bees on your way in. We must do something about them!', 46879), -- Nursery Direction
(66779, 0, 0, 0, 0, 0, 0, 0, 0, 'I trust that you understand, now.', 46879), -- -Unknown-
(66780, 0, 0, 0, 0, 0, 0, 0, 0, 'Surely you back my claim, do you not, $n?', 46879), -- -Unknown-
(66057, 1, 1, 5, 0, 0, 0, 0, 0, 'This complicates matters, but I will not be denied what is rightfully mine!', 46879), -- -Unknown-
(66354, 1, 1, 5, 0, 0, 0, 0, 0, 'The damaged pieces of the Oathstone are repaired! This is only the beginning of what can be accomplished here!\n\nWith the forge re-ignited I can begin the process of crafting new weapons and armor to aid our efforts.', 46879), -- -Unknown-
(66056, 669, 669, -1, -1, 0, 0, 0, 0, 'Very good. Now with the arrival of our Prince, we can begin.', 46879), -- -Unknown-
(66055, 669, 669, -1, -1, 0, 0, 0, 0, 'This looks like all the pieces. I believe we can repair this!', 46879), -- -Unknown-
(66049, 1, 1, 5, 0, 0, 0, 0, 0, 'This is a setback, but with your help, I am sure we can repair the Oathstone. Work with Bazentus... make it so.', 46879), -- -Unknown-
(65939, 0, 0, 0, 0, 0, 0, 0, 0, 'Excellent, $n! The djaradin forces are on the run! We control the upper courtyard of the citadel. However, the vaults below may take much longer to secure.', 46879), -- -Unknown-
(66044, 457, 457, 457, 0, 0, 0, 0, 0, 'Well done, $n. Sabellian and his forces will hold off the djaradin, while I activate the Oathstone to restore power.', 46879); -- -Unknown-


DELETE FROM `quest_poi` WHERE (`QuestID`=65802 AND `BlobIndex`=0 AND `Idx1`=7) OR (`QuestID`=65802 AND `BlobIndex`=0 AND `Idx1`=6) OR (`QuestID`=65802 AND `BlobIndex`=0 AND `Idx1`=5) OR (`QuestID`=65802 AND `BlobIndex`=0 AND `Idx1`=4) OR (`QuestID`=65802 AND `BlobIndex`=0 AND `Idx1`=3) OR (`QuestID`=65802 AND `BlobIndex`=0 AND `Idx1`=2) OR (`QuestID`=65802 AND `BlobIndex`=0 AND `Idx1`=1) OR (`QuestID`=65802 AND `BlobIndex`=0 AND `Idx1`=0) OR (`QuestID`=65801 AND `BlobIndex`=0 AND `Idx1`=4) OR (`QuestID`=65801 AND `BlobIndex`=0 AND `Idx1`=3) OR (`QuestID`=65801 AND `BlobIndex`=0 AND `Idx1`=2) OR (`QuestID`=65801 AND `BlobIndex`=0 AND `Idx1`=1) OR (`QuestID`=65801 AND `BlobIndex`=0 AND `Idx1`=0) OR (`QuestID`=70174 AND `BlobIndex`=0 AND `Idx1`=2) OR (`QuestID`=70174 AND `BlobIndex`=0 AND `Idx1`=1) OR (`QuestID`=70174 AND `BlobIndex`=0 AND `Idx1`=0) OR (`QuestID`=65783 AND `BlobIndex`=0 AND `Idx1`=1) OR (`QuestID`=65783 AND `BlobIndex`=0 AND `Idx1`=0) OR (`QuestID`=65780 AND `BlobIndex`=0 AND `Idx1`=2) OR (`QuestID`=65780 AND `BlobIndex`=0 AND `Idx1`=1) OR (`QuestID`=65780 AND `BlobIndex`=0 AND `Idx1`=0) OR (`QuestID`=65779 AND `BlobIndex`=0 AND `Idx1`=1) OR (`QuestID`=65779 AND `BlobIndex`=0 AND `Idx1`=0) OR (`QuestID`=65795 AND `BlobIndex`=0 AND `Idx1`=1) OR (`QuestID`=65795 AND `BlobIndex`=0 AND `Idx1`=0) OR (`QuestID`=65794 AND `BlobIndex`=0 AND `Idx1`=2) OR (`QuestID`=65794 AND `BlobIndex`=0 AND `Idx1`=1) OR (`QuestID`=65794 AND `BlobIndex`=0 AND `Idx1`=0) OR (`QuestID`=65791 AND `BlobIndex`=0 AND `Idx1`=1) OR (`QuestID`=65791 AND `BlobIndex`=0 AND `Idx1`=0) OR (`QuestID`=66788 AND `BlobIndex`=0 AND `Idx1`=2) OR (`QuestID`=66788 AND `BlobIndex`=0 AND `Idx1`=1) OR (`QuestID`=66788 AND `BlobIndex`=0 AND `Idx1`=0) OR (`QuestID`=66785 AND `BlobIndex`=0 AND `Idx1`=1) OR (`QuestID`=66785 AND `BlobIndex`=0 AND `Idx1`=0) OR (`QuestID`=66734 AND `BlobIndex`=0 AND `Idx1`=3) OR (`QuestID`=66734 AND `BlobIndex`=0 AND `Idx1`=2) OR (`QuestID`=66734 AND `BlobIndex`=0 AND `Idx1`=1) OR (`QuestID`=66734 AND `BlobIndex`=0 AND `Idx1`=0) OR (`QuestID`=66735 AND `BlobIndex`=0 AND `Idx1`=2) OR (`QuestID`=66735 AND `BlobIndex`=0 AND `Idx1`=1) OR (`QuestID`=66735 AND `BlobIndex`=0 AND `Idx1`=0) OR (`QuestID`=65793 AND `BlobIndex`=3 AND `Idx1`=6) OR (`QuestID`=65793 AND `BlobIndex`=2 AND `Idx1`=5) OR (`QuestID`=65793 AND `BlobIndex`=1 AND `Idx1`=4) OR (`QuestID`=65793 AND `BlobIndex`=0 AND `Idx1`=3) OR (`QuestID`=65793 AND `BlobIndex`=0 AND `Idx1`=2) OR (`QuestID`=65793 AND `BlobIndex`=0 AND `Idx1`=1) OR (`QuestID`=65793 AND `BlobIndex`=0 AND `Idx1`=0) OR (`QuestID`=66779 AND `BlobIndex`=0 AND `Idx1`=4) OR (`QuestID`=66779 AND `BlobIndex`=0 AND `Idx1`=3) OR (`QuestID`=66779 AND `BlobIndex`=0 AND `Idx1`=2) OR (`QuestID`=66779 AND `BlobIndex`=0 AND `Idx1`=1) OR (`QuestID`=66779 AND `BlobIndex`=0 AND `Idx1`=0) OR (`QuestID`=66780 AND `BlobIndex`=0 AND `Idx1`=4) OR (`QuestID`=66780 AND `BlobIndex`=0 AND `Idx1`=3) OR (`QuestID`=66780 AND `BlobIndex`=0 AND `Idx1`=2) OR (`QuestID`=66780 AND `BlobIndex`=0 AND `Idx1`=1) OR (`QuestID`=66780 AND `BlobIndex`=0 AND `Idx1`=0) OR (`QuestID`=66057 AND `BlobIndex`=1 AND `Idx1`=7) OR (`QuestID`=66057 AND `BlobIndex`=0 AND `Idx1`=6) OR (`QuestID`=66057 AND `BlobIndex`=1 AND `Idx1`=5) OR (`QuestID`=66057 AND `BlobIndex`=0 AND `Idx1`=4) OR (`QuestID`=66057 AND `BlobIndex`=0 AND `Idx1`=3) OR (`QuestID`=66057 AND `BlobIndex`=0 AND `Idx1`=2) OR (`QuestID`=66057 AND `BlobIndex`=1 AND `Idx1`=1) OR (`QuestID`=66057 AND `BlobIndex`=0 AND `Idx1`=0) OR (`QuestID`=66354 AND `BlobIndex`=0 AND `Idx1`=4) OR (`QuestID`=66354 AND `BlobIndex`=0 AND `Idx1`=3) OR (`QuestID`=66354 AND `BlobIndex`=0 AND `Idx1`=2) OR (`QuestID`=66354 AND `BlobIndex`=0 AND `Idx1`=1) OR (`QuestID`=66354 AND `BlobIndex`=0 AND `Idx1`=0) OR (`QuestID`=66056 AND `BlobIndex`=0 AND `Idx1`=4) OR (`QuestID`=66056 AND `BlobIndex`=0 AND `Idx1`=3) OR (`QuestID`=66056 AND `BlobIndex`=0 AND `Idx1`=2) OR (`QuestID`=66056 AND `BlobIndex`=0 AND `Idx1`=1) OR (`QuestID`=66056 AND `BlobIndex`=0 AND `Idx1`=0) OR (`QuestID`=66055 AND `BlobIndex`=0 AND `Idx1`=3) OR (`QuestID`=66055 AND `BlobIndex`=0 AND `Idx1`=2) OR (`QuestID`=66055 AND `BlobIndex`=0 AND `Idx1`=1) OR (`QuestID`=66055 AND `BlobIndex`=0 AND `Idx1`=0) OR (`QuestID`=66049 AND `BlobIndex`=0 AND `Idx1`=4) OR (`QuestID`=66049 AND `BlobIndex`=0 AND `Idx1`=3) OR (`QuestID`=66049 AND `BlobIndex`=0 AND `Idx1`=2) OR (`QuestID`=66049 AND `BlobIndex`=0 AND `Idx1`=1) OR (`QuestID`=66049 AND `BlobIndex`=0 AND `Idx1`=0) OR (`QuestID`=66044 AND `BlobIndex`=0 AND `Idx1`=6) OR (`QuestID`=66044 AND `BlobIndex`=0 AND `Idx1`=5) OR (`QuestID`=66044 AND `BlobIndex`=0 AND `Idx1`=4) OR (`QuestID`=66044 AND `BlobIndex`=0 AND `Idx1`=3) OR (`QuestID`=66044 AND `BlobIndex`=0 AND `Idx1`=2) OR (`QuestID`=66044 AND `BlobIndex`=0 AND `Idx1`=1) OR (`QuestID`=66044 AND `BlobIndex`=0 AND `Idx1`=0) OR (`QuestID`=67100 AND `BlobIndex`=0 AND `Idx1`=3) OR (`QuestID`=67100 AND `BlobIndex`=0 AND `Idx1`=2) OR (`QuestID`=67100 AND `BlobIndex`=0 AND `Idx1`=1) OR (`QuestID`=67100 AND `BlobIndex`=0 AND `Idx1`=0) OR (`QuestID`=66963 AND `BlobIndex`=0 AND `Idx1`=1) OR (`QuestID`=66963 AND `BlobIndex`=0 AND `Idx1`=0) OR (`QuestID`=66119 AND `BlobIndex`=0 AND `Idx1`=5) OR (`QuestID`=66119 AND `BlobIndex`=1 AND `Idx1`=4) OR (`QuestID`=66119 AND `BlobIndex`=0 AND `Idx1`=3) OR (`QuestID`=66119 AND `BlobIndex`=1 AND `Idx1`=2) OR (`QuestID`=66119 AND `BlobIndex`=0 AND `Idx1`=1) OR (`QuestID`=66119 AND `BlobIndex`=0 AND `Idx1`=0) OR (`QuestID`=65939 AND `BlobIndex`=5 AND `Idx1`=14) OR (`QuestID`=65939 AND `BlobIndex`=4 AND `Idx1`=13) OR (`QuestID`=65939 AND `BlobIndex`=3 AND `Idx1`=12) OR (`QuestID`=65939 AND `BlobIndex`=2 AND `Idx1`=11) OR (`QuestID`=65939 AND `BlobIndex`=1 AND `Idx1`=10) OR (`QuestID`=65939 AND `BlobIndex`=0 AND `Idx1`=9) OR (`QuestID`=65939 AND `BlobIndex`=0 AND `Idx1`=8) OR (`QuestID`=65939 AND `BlobIndex`=1 AND `Idx1`=7) OR (`QuestID`=65939 AND `BlobIndex`=0 AND `Idx1`=6) OR (`QuestID`=65939 AND `BlobIndex`=0 AND `Idx1`=5) OR (`QuestID`=65939 AND `BlobIndex`=0 AND `Idx1`=4) OR (`QuestID`=65939 AND `BlobIndex`=0 AND `Idx1`=3) OR (`QuestID`=65939 AND `BlobIndex`=0 AND `Idx1`=2) OR (`QuestID`=65939 AND `BlobIndex`=0 AND `Idx1`=1) OR (`QuestID`=65939 AND `BlobIndex`=0 AND `Idx1`=0);
INSERT INTO `quest_poi` (`QuestID`, `BlobIndex`, `Idx1`, `ObjectiveIndex`, `QuestObjectiveID`, `QuestObjectID`, `MapID`, `UiMapID`, `Priority`, `Flags`, `WorldEffectID`, `PlayerConditionID`, `NavigationPlayerConditionID`, `SpawnTrackingID`, `AlwaysAllowMergingBlobs`, `VerifiedBuild`) VALUES
(65802, 0, 7, 32, 0, 0, 2444, 2023, 0, 0, 0, 0, 0, 2111969, 0, 46879), -- -Unknown-
(65802, 0, 6, 29, 0, 0, 2444, 2023, 0, 0, 0, 0, 0, 2202525, 0, 46879), -- -Unknown-
(65802, 0, 5, 28, 0, 0, 2444, 2023, 0, 0, 0, 0, 0, 2202521, 0, 46879), -- -Unknown-
(65802, 0, 4, 27, 0, 0, 2444, 2023, 0, 0, 0, 0, 0, 2173373, 0, 46879), -- -Unknown-
(65802, 0, 3, 26, 0, 0, 2444, 2023, 0, 0, 0, 0, 0, 2173355, 0, 46879), -- -Unknown-
(65802, 0, 2, 1, 423439, 191055, 2444, 2023, 0, 2, 0, 0, 0, 0, 0, 46879), -- -Unknown-
(65802, 0, 1, 0, 423441, 192812, 2444, 2023, 0, 0, 0, 0, 0, 0, 0, 46879), -- -Unknown-
(65802, 0, 0, -1, 0, 0, 2444, 2023, 0, 0, 0, 0, 0, 2170633, 0, 46879), -- -Unknown-
(65801, 0, 4, 32, 0, 0, 2444, 2023, 0, 0, 0, 0, 0, 2111969, 0, 46879), -- -Unknown-
(65801, 0, 3, 2, 423460, 186183, 2444, 2023, 0, 8192, 0, 0, 0, 2173474, 0, 46879), -- -Unknown-
(65801, 0, 2, 1, 423448, 186176, 2444, 2023, 0, 0, 0, 0, 0, 2173473, 0, 46879), -- -Unknown-
(65801, 0, 1, 0, 423447, 184595, 2444, 2023, 0, 0, 0, 0, 0, 2157954, 0, 46879), -- -Unknown-
(65801, 0, 0, -1, 0, 0, 2444, 2023, 0, 0, 0, 0, 0, 2170633, 0, 46879), -- -Unknown-
(70174, 0, 2, 32, 0, 0, 2444, 2023, 0, 0, 0, 0, 0, 2245975, 0, 46879), -- -Unknown-
(70174, 0, 1, 0, 430238, 181217, 2444, 2023, 0, 0, 0, 0, 0, 2111969, 0, 46879), -- -Unknown-
(70174, 0, 0, -1, 0, 0, 2444, 2023, 0, 0, 0, 0, 0, 2111969, 0, 46879), -- -Unknown-
(65783, 0, 1, 32, 0, 0, 2444, 2023, 0, 0, 0, 0, 0, 2170078, 0, 46879), -- -Unknown-
(65783, 0, 0, -1, 0, 0, 2444, 2023, 0, 0, 0, 0, 0, 2245975, 0, 46879), -- -Unknown-
(65780, 0, 2, 32, 0, 0, 2444, 2023, 0, 0, 0, 0, 0, 2196783, 0, 46879), -- -Unknown-
(65780, 0, 1, 0, 423347, 185883, 2444, 2023, 0, 0, 0, 0, 0, 2170080, 0, 46879), -- -Unknown-
(65780, 0, 0, -1, 0, 0, 2444, 2023, 0, 0, 0, 0, 0, 2170078, 0, 46879), -- -Unknown-
(65779, 0, 1, 32, 0, 0, 2444, 2022, 0, 0, 0, 0, 0, 2170042, 0, 46879), -- -Unknown-
(65779, 0, 0, -1, 0, 0, 2444, 2023, 0, 0, 0, 0, 0, 2196783, 0, 46879), -- -Unknown-
(65795, 0, 1, 32, 0, 0, 2444, 2022, 0, 0, 0, 0, 0, 2225321, 0, 46879), -- -Unknown-
(65795, 0, 0, -1, 0, 0, 2444, 2022, 0, 0, 0, 0, 0, 2170042, 0, 46879), -- -Unknown-
(65794, 0, 2, 32, 0, 0, 2444, 2022, 0, 0, 0, 0, 0, 2170249, 0, 46879), -- -Unknown-
(65794, 0, 1, 0, 423377, 185906, 2444, 2022, 0, 0, 0, 0, 0, 2170249, 0, 46879), -- -Unknown-
(65794, 0, 0, -1, 0, 0, 2444, 2022, 0, 0, 0, 0, 0, 2225321, 0, 46879), -- -Unknown-
(65791, 0, 1, 32, 0, 0, 2444, 2022, 0, 0, 0, 0, 0, 2170244, 0, 46879), -- -Unknown-
(65791, 0, 0, -1, 0, 0, 2444, 2022, 0, 0, 0, 0, 0, 2170249, 0, 46879), -- -Unknown-
(66788, 0, 2, 32, 0, 0, 2444, 2022, 0, 0, 0, 0, 0, 2170244, 0, 46879), -- -Unknown-
(66788, 0, 1, 31, 0, 0, 2444, 2022, 0, 2, 0, 0, 0, 0, 0, 46879), -- -Unknown-
(66788, 0, 0, -1, 0, 0, 2444, 2022, 0, 0, 0, 0, 0, 2170244, 0, 46879), -- -Unknown-
(66785, 0, 1, 32, 0, 0, 2444, 2022, 0, 0, 0, 0, 0, 2205715, 0, 46879), -- -Unknown-
(66785, 0, 0, -1, 0, 0, 2444, 2022, 0, 0, 0, 0, 0, 2170244, 0, 46879), -- -Unknown-
(66734, 0, 3, 32, 0, 0, 2444, 2022, 0, 0, 0, 0, 0, 2201799, 0, 46879), -- -Unknown-
(66734, 0, 2, 2, 427994, 190764, 2444, 2022, 0, 2, 0, 0, 0, 0, 0, 46879), -- -Unknown-
(66734, 0, 1, 1, 427993, 193624, 2444, 2022, 0, 0, 0, 0, 0, 0, 0, 46879), -- -Unknown-
(66734, 0, 0, -1, 0, 0, 2444, 2022, 0, 0, 0, 0, 0, 2201799, 0, 46879), -- -Unknown-
(66735, 0, 2, 32, 0, 0, 2444, 2022, 0, 0, 0, 0, 0, 2201799, 0, 46879), -- -Unknown-
(66735, 0, 1, 0, 427956, 190705, 2444, 2022, 0, 0, 0, 0, 0, 0, 0, 46879), -- -Unknown-
(66735, 0, 0, -1, 0, 0, 2444, 2022, 0, 0, 0, 0, 0, 2201799, 0, 46879), -- -Unknown-
(65793, 3, 6, 32, 0, 0, 2444, 2022, 0, 0, 0, 0, 0, 2181360, 0, 46879), -- -Unknown-
(65793, 2, 5, 32, 0, 0, 2444, 2022, 0, 0, 0, 0, 0, 2203092, 0, 46879), -- -Unknown-
(65793, 1, 4, 32, 0, 0, 2444, 2022, 0, 0, 0, 0, 0, 2211978, 0, 46879), -- -Unknown-
(65793, 0, 3, 32, 0, 0, 2444, 2022, 0, 0, 0, 0, 0, 2170149, 0, 46879), -- -Unknown-
(65793, 0, 2, 2, 423376, 191087, 2444, 2022, 0, 2, 0, 0, 0, 0, 0, 46879), -- -Unknown-
(65793, 0, 1, 1, 428082, 190854, 2444, 2022, 0, 2, 0, 0, 0, 2204412, 0, 46879), -- -Unknown-
(65793, 0, 0, -1, 0, 0, 2444, 2022, 0, 0, 0, 0, 0, 2205715, 0, 46879), -- -Unknown-
(66779, 0, 4, 32, 0, 0, 2444, 2022, 0, 0, 0, 0, 0, 2170149, 0, 46879), -- -Unknown-
(66779, 0, 3, 2, 428078, 190845, 2444, 2022, 0, 0, 0, 0, 0, 2181387, 0, 46879), -- -Unknown-
(66779, 0, 2, 1, 428077, 190843, 2444, 2022, 0, 0, 0, 0, 0, 2227465, 0, 46879), -- -Unknown-
(66779, 0, 1, 0, 428076, 190844, 2444, 2022, 0, 2, 0, 0, 0, 0, 0, 46879), -- -Unknown-
(66779, 0, 0, -1, 0, 0, 2444, 2022, 0, 0, 0, 0, 0, 2170149, 0, 46879), -- -Unknown-
(66780, 0, 4, 32, 0, 0, 2444, 2022, 0, 0, 0, 0, 0, 2180498, 0, 46879), -- -Unknown-
(66780, 0, 3, 2, 428081, 190848, 2444, 2022, 0, 0, 0, 0, 0, 2181387, 0, 46879), -- -Unknown-
(66780, 0, 2, 1, 428080, 190847, 2444, 2022, 0, 0, 0, 0, 0, 2211882, 0, 46879), -- -Unknown-
(66780, 0, 1, 0, 428079, 190846, 2444, 2022, 0, 0, 0, 0, 0, 2211881, 0, 46879), -- -Unknown-
(66780, 0, 0, -1, 0, 0, 2444, 2022, 0, 0, 0, 0, 0, 2180498, 0, 46879), -- -Unknown-
(66057, 1, 7, 32, 0, 0, 2444, 2022, 0, 2, 0, 0, 0, 2199252, 0, 46879), -- -Unknown-
(66057, 0, 6, 32, 0, 0, 2444, 2022, 0, 0, 0, 0, 0, 2179716, 0, 46879), -- -Unknown-
(66057, 1, 5, 2, 428616, 191718, 2444, 2022, 0, 2, 0, 103148, 0, 0, 0, 46879), -- -Unknown-
(66057, 0, 4, 2, 428616, 191718, 2444, 2022, 0, 2, 0, 103149, 0, 0, 0, 46879), -- -Unknown-
(66057, 0, 3, 1, 428610, 191657, 2444, 2022, 0, 2, 0, 0, 0, 0, 0, 46879), -- -Unknown-
(66057, 0, 2, 0, 423856, 194621, 2444, 2022, 0, 2, 0, 0, 0, 2178085, 0, 46879), -- -Unknown-
(66057, 1, 1, -1, 0, 0, 2444, 2022, 0, 0, 0, 0, 0, 2203091, 0, 46879), -- -Unknown-
(66057, 0, 0, -1, 0, 0, 2444, 2022, 0, 0, 0, 0, 0, 2180498, 0, 46879), -- -Unknown-
(66354, 0, 4, 32, 0, 0, 2444, 2022, 0, 0, 0, 0, 0, 2179716, 0, 46879), -- -Unknown-
(66354, 0, 3, 2, 427594, 191632, 2444, 2022, 0, 2, 0, 0, 0, 0, 0, 46879), -- -Unknown-
(66354, 0, 2, 1, 427574, 190234, 2444, 2022, 0, 2, 0, 0, 0, 0, 0, 46879), -- -Unknown-
(66354, 0, 1, 0, 427573, 191630, 2444, 2022, 0, 2, 0, 0, 0, 0, 0, 46879), -- -Unknown-
(66354, 0, 0, -1, 0, 0, 2444, 2022, 0, 0, 0, 0, 0, 2196595, 0, 46879), -- -Unknown-
(66056, 0, 4, 32, 0, 0, 2444, 2022, 0, 0, 0, 0, 0, 2178948, 0, 46879), -- -Unknown-
(66056, 0, 3, 28, 0, 0, 2444, 2022, 0, 2, 0, 0, 0, 0, 0, 46879), -- -Unknown-
(66056, 0, 2, 2, 427550, 192548, 2444, 2022, 0, 2, 0, 0, 0, 0, 0, 46879), -- -Unknown-
(66056, 0, 1, 1, 423854, 194540, 2444, 2022, 0, 2, 0, 0, 0, 0, 0, 46879), -- -Unknown-
(66056, 0, 0, -1, 0, 0, 2444, 2022, 0, 2, 0, 0, 0, 2179716, 0, 46879), -- -Unknown-
(66055, 0, 3, 32, 0, 0, 2444, 2022, 0, 0, 0, 0, 0, 2178948, 0, 46879), -- -Unknown-
(66055, 0, 2, 1, 423852, 191131, 2444, 2022, 0, 0, 0, 0, 0, 0, 0, 46879), -- -Unknown-
(66055, 0, 1, 0, 429244, 192998, 2444, 2022, 0, 2, 0, 0, 0, 0, 0, 46879), -- -Unknown-
(66055, 0, 0, -1, 0, 0, 2444, 2022, 0, 2, 0, 0, 0, 0, 0, 46879), -- -Unknown-
(66049, 0, 4, 32, 0, 0, 2444, 2022, 0, 0, 0, 0, 0, 2178937, 0, 46879), -- -Unknown-
(66049, 0, 3, 3, 427311, 189806, 2444, 2022, 0, 0, 0, 0, 0, 2196211, 0, 46879), -- -Unknown-
(66049, 0, 2, 1, 423820, 190684, 2444, 2022, 0, 0, 0, 0, 0, 2178948, 0, 46879), -- -Unknown-
(66049, 0, 1, 0, 427947, 25378, 2444, 2022, 0, 0, 0, 0, 0, 0, 0, 46879), -- -Unknown-
(66049, 0, 0, -1, 0, 0, 2444, 2022, 0, 2, 0, 0, 0, 2178948, 0, 46879), -- -Unknown-
(66044, 0, 6, 32, 0, 0, 2444, 2022, 0, 0, 0, 0, 0, 2178446, 0, 46879), -- -Unknown-
(66044, 0, 5, 4, 423806, 186592, 2444, 2022, 0, 0, 0, 0, 0, 2178944, 0, 46879), -- -Unknown-
(66044, 0, 4, 3, 423848, 186948, 2444, 2022, 0, 2, 0, 0, 0, 0, 0, 46879), -- -Unknown-
(66044, 0, 3, 2, 423835, 189740, 2444, 2022, 0, 2, 0, 0, 0, 0, 0, 46879), -- -Unknown-
(66044, 0, 2, 1, 423829, 189735, 2444, 2022, 0, 2, 0, 0, 0, 0, 0, 46879), -- -Unknown-
(66044, 0, 1, 0, 423805, 186933, 2444, 2022, 0, 0, 0, 0, 0, 2178446, 0, 46879), -- -Unknown-
(66044, 0, 0, -1, 0, 0, 2444, 2022, 0, 0, 0, 0, 0, 2178937, 0, 46879), -- -Unknown-
(67100, 0, 3, 32, 0, 0, 2444, 2022, 0, 0, 0, 0, 0, 2220946, 0, 46879), -- -Unknown-
(67100, 0, 2, 1, 429088, 194729, 2444, 2022, 0, 2, 0, 0, 0, 0, 0, 46879), -- -Unknown-
(67100, 0, 1, 0, 429053, 192586, 2444, 2022, 0, 0, 0, 0, 0, 2220946, 0, 46879), -- -Unknown-
(67100, 0, 0, -1, 0, 0, 2444, 2022, 0, 0, 0, 0, 0, 2220946, 0, 46879), -- -Unknown-
(66963, 0, 1, 32, 0, 0, 2444, 2022, 0, 8192, 0, 0, 0, 2211707, 0, 46879), -- -Unknown-
(66963, 0, 0, -1, 0, 0, 2444, 2022, 0, 0, 0, 0, 0, 2184207, 0, 46879), -- -Unknown-
(66119, 0, 5, 32, 0, 0, 2444, 2022, 0, 0, 0, 0, 0, 2179955, 0, 46879), -- -Unknown-
(66119, 1, 4, 1, 429994, 190485, 2521, 2094, 0, 2, 0, 0, 0, 0, 0, 46879), -- -Unknown-
(66119, 0, 3, 1, 429994, 190485, 2444, 2022, 0, 2, 0, 105341, 0, 2179955, 0, 46879), -- -Unknown-
(66119, 1, 2, 0, 429993, 190484, 2521, 2094, 0, 2, 0, 0, 0, 2225283, 0, 46879), -- -Unknown-
(66119, 0, 1, 0, 429993, 190484, 2444, 2022, 0, 2, 0, 105341, 0, 2179955, 0, 46879), -- -Unknown-
(66119, 0, 0, -1, 0, 0, 2444, 2022, 0, 0, 0, 0, 0, 2179955, 0, 46879), -- -Unknown-
(65939, 5, 14, 32, 0, 0, 2444, 2022, 0, 0, 0, 0, 0, 2178937, 0, 46879), -- -Unknown-
(65939, 4, 13, 32, 0, 0, 2444, 2022, 0, 0, 0, 0, 0, 2178948, 0, 46879), -- -Unknown-
(65939, 3, 12, 32, 0, 0, 2444, 2022, 0, 0, 0, 0, 0, 2199252, 0, 46879), -- -Unknown-
(65939, 2, 11, 32, 0, 0, 2444, 2022, 0, 0, 0, 0, 0, 2178446, 0, 46879), -- -Unknown-
(65939, 1, 10, 32, 0, 0, 2444, 2022, 0, 0, 0, 0, 0, 2176469, 0, 46879), -- -Unknown-
(65939, 0, 9, 32, 0, 0, 2444, 2022, 0, 2, 0, 0, 0, 2176469, 0, 46879), -- -Unknown-
(65939, 0, 8, 3, 423988, 191596, 2444, 2022, 0, 0, 0, 0, 0, 0, 0, 46879), -- -Unknown-
(65939, 1, 7, 2, 423791, 193788, 2444, 2022, 0, 2, 0, 101444, 0, 0, 0, 46879), -- -Unknown-
(65939, 0, 6, 2, 423791, 193788, 2444, 2022, 0, 2, 0, 101443, 0, 0, 0, 46879), -- -Unknown-
(65939, 0, 5, 0, 423594, 189679, 2444, 2022, 0, 2, 0, 0, 0, 0, 0, 46879), -- -Unknown-
(65939, 0, 4, -1, 0, 0, 2444, 2022, 0, 0, 0, 0, 0, 2178446, 0, 46879), -- -Unknown-
(65939, 0, 3, -1, 0, 0, 2444, 2022, 0, 0, 0, 0, 0, 2178948, 0, 46879), -- -Unknown-
(65939, 0, 2, -1, 0, 0, 2444, 2022, 0, 0, 0, 0, 0, 2178486, 0, 46879), -- -Unknown-
(65939, 0, 1, -1, 0, 0, 2444, 2022, 0, 0, 0, 0, 0, 2178487, 0, 46879), -- -Unknown-
(65939, 0, 0, -1, 0, 0, 2444, 2022, 0, 0, 0, 0, 0, 2199252, 0, 46879); -- -Unknown-

UPDATE `quest_poi` SET `VerifiedBuild`=46879 WHERE (`QuestID`=50602 AND `BlobIndex`=0 AND `Idx1`=0);
DELETE FROM `quest_poi_points` WHERE (`QuestID`=65802 AND `Idx1`=7 AND `Idx2`=0) OR (`QuestID`=65802 AND `Idx1`=6 AND `Idx2`=0) OR (`QuestID`=65802 AND `Idx1`=5 AND `Idx2`=0) OR (`QuestID`=65802 AND `Idx1`=4 AND `Idx2`=0) OR (`QuestID`=65802 AND `Idx1`=3 AND `Idx2`=0) OR (`QuestID`=65802 AND `Idx1`=2 AND `Idx2`=11) OR (`QuestID`=65802 AND `Idx1`=2 AND `Idx2`=10) OR (`QuestID`=65802 AND `Idx1`=2 AND `Idx2`=9) OR (`QuestID`=65802 AND `Idx1`=2 AND `Idx2`=8) OR (`QuestID`=65802 AND `Idx1`=2 AND `Idx2`=7) OR (`QuestID`=65802 AND `Idx1`=2 AND `Idx2`=6) OR (`QuestID`=65802 AND `Idx1`=2 AND `Idx2`=5) OR (`QuestID`=65802 AND `Idx1`=2 AND `Idx2`=4) OR (`QuestID`=65802 AND `Idx1`=2 AND `Idx2`=3) OR (`QuestID`=65802 AND `Idx1`=2 AND `Idx2`=2) OR (`QuestID`=65802 AND `Idx1`=2 AND `Idx2`=1) OR (`QuestID`=65802 AND `Idx1`=2 AND `Idx2`=0) OR (`QuestID`=65802 AND `Idx1`=1 AND `Idx2`=6) OR (`QuestID`=65802 AND `Idx1`=1 AND `Idx2`=5) OR (`QuestID`=65802 AND `Idx1`=1 AND `Idx2`=4) OR (`QuestID`=65802 AND `Idx1`=1 AND `Idx2`=3) OR (`QuestID`=65802 AND `Idx1`=1 AND `Idx2`=2) OR (`QuestID`=65802 AND `Idx1`=1 AND `Idx2`=1) OR (`QuestID`=65802 AND `Idx1`=1 AND `Idx2`=0) OR (`QuestID`=65802 AND `Idx1`=0 AND `Idx2`=0) OR (`QuestID`=65801 AND `Idx1`=4 AND `Idx2`=0) OR (`QuestID`=65801 AND `Idx1`=3 AND `Idx2`=0) OR (`QuestID`=65801 AND `Idx1`=2 AND `Idx2`=0) OR (`QuestID`=65801 AND `Idx1`=1 AND `Idx2`=0) OR (`QuestID`=65801 AND `Idx1`=0 AND `Idx2`=0) OR (`QuestID`=70174 AND `Idx1`=2 AND `Idx2`=0) OR (`QuestID`=70174 AND `Idx1`=1 AND `Idx2`=0) OR (`QuestID`=70174 AND `Idx1`=0 AND `Idx2`=0) OR (`QuestID`=65783 AND `Idx1`=1 AND `Idx2`=0) OR (`QuestID`=65783 AND `Idx1`=0 AND `Idx2`=0) OR (`QuestID`=65780 AND `Idx1`=2 AND `Idx2`=0) OR (`QuestID`=65780 AND `Idx1`=1 AND `Idx2`=0) OR (`QuestID`=65780 AND `Idx1`=0 AND `Idx2`=0) OR (`QuestID`=65779 AND `Idx1`=1 AND `Idx2`=0) OR (`QuestID`=65779 AND `Idx1`=0 AND `Idx2`=0) OR (`QuestID`=65795 AND `Idx1`=1 AND `Idx2`=0) OR (`QuestID`=65795 AND `Idx1`=0 AND `Idx2`=0) OR (`QuestID`=65794 AND `Idx1`=2 AND `Idx2`=0) OR (`QuestID`=65794 AND `Idx1`=1 AND `Idx2`=0) OR (`QuestID`=65794 AND `Idx1`=0 AND `Idx2`=0) OR (`QuestID`=65791 AND `Idx1`=1 AND `Idx2`=0) OR (`QuestID`=65791 AND `Idx1`=0 AND `Idx2`=0) OR (`QuestID`=66788 AND `Idx1`=2 AND `Idx2`=0) OR (`QuestID`=66788 AND `Idx1`=1 AND `Idx2`=11) OR (`QuestID`=66788 AND `Idx1`=1 AND `Idx2`=10) OR (`QuestID`=66788 AND `Idx1`=1 AND `Idx2`=9) OR (`QuestID`=66788 AND `Idx1`=1 AND `Idx2`=8) OR (`QuestID`=66788 AND `Idx1`=1 AND `Idx2`=7) OR (`QuestID`=66788 AND `Idx1`=1 AND `Idx2`=6) OR (`QuestID`=66788 AND `Idx1`=1 AND `Idx2`=5) OR (`QuestID`=66788 AND `Idx1`=1 AND `Idx2`=4) OR (`QuestID`=66788 AND `Idx1`=1 AND `Idx2`=3) OR (`QuestID`=66788 AND `Idx1`=1 AND `Idx2`=2) OR (`QuestID`=66788 AND `Idx1`=1 AND `Idx2`=1) OR (`QuestID`=66788 AND `Idx1`=1 AND `Idx2`=0) OR (`QuestID`=66788 AND `Idx1`=0 AND `Idx2`=0) OR (`QuestID`=66785 AND `Idx1`=1 AND `Idx2`=0) OR (`QuestID`=66785 AND `Idx1`=0 AND `Idx2`=0) OR (`QuestID`=66734 AND `Idx1`=3 AND `Idx2`=0) OR (`QuestID`=66734 AND `Idx1`=2 AND `Idx2`=0) OR (`QuestID`=66734 AND `Idx1`=1 AND `Idx2`=9) OR (`QuestID`=66734 AND `Idx1`=1 AND `Idx2`=8) OR (`QuestID`=66734 AND `Idx1`=1 AND `Idx2`=7) OR (`QuestID`=66734 AND `Idx1`=1 AND `Idx2`=6) OR (`QuestID`=66734 AND `Idx1`=1 AND `Idx2`=5) OR (`QuestID`=66734 AND `Idx1`=1 AND `Idx2`=4) OR (`QuestID`=66734 AND `Idx1`=1 AND `Idx2`=3) OR (`QuestID`=66734 AND `Idx1`=1 AND `Idx2`=2) OR (`QuestID`=66734 AND `Idx1`=1 AND `Idx2`=1) OR (`QuestID`=66734 AND `Idx1`=1 AND `Idx2`=0) OR (`QuestID`=66734 AND `Idx1`=0 AND `Idx2`=0) OR (`QuestID`=66735 AND `Idx1`=2 AND `Idx2`=0) OR (`QuestID`=66735 AND `Idx1`=1 AND `Idx2`=6) OR (`QuestID`=66735 AND `Idx1`=1 AND `Idx2`=5) OR (`QuestID`=66735 AND `Idx1`=1 AND `Idx2`=4) OR (`QuestID`=66735 AND `Idx1`=1 AND `Idx2`=3) OR (`QuestID`=66735 AND `Idx1`=1 AND `Idx2`=2) OR (`QuestID`=66735 AND `Idx1`=1 AND `Idx2`=1) OR (`QuestID`=66735 AND `Idx1`=1 AND `Idx2`=0) OR (`QuestID`=66735 AND `Idx1`=0 AND `Idx2`=0) OR (`QuestID`=65793 AND `Idx1`=6 AND `Idx2`=0) OR (`QuestID`=65793 AND `Idx1`=5 AND `Idx2`=0) OR (`QuestID`=65793 AND `Idx1`=4 AND `Idx2`=0) OR (`QuestID`=65793 AND `Idx1`=3 AND `Idx2`=0) OR (`QuestID`=65793 AND `Idx1`=2 AND `Idx2`=11) OR (`QuestID`=65793 AND `Idx1`=2 AND `Idx2`=10) OR (`QuestID`=65793 AND `Idx1`=2 AND `Idx2`=9) OR (`QuestID`=65793 AND `Idx1`=2 AND `Idx2`=8) OR (`QuestID`=65793 AND `Idx1`=2 AND `Idx2`=7) OR (`QuestID`=65793 AND `Idx1`=2 AND `Idx2`=6) OR (`QuestID`=65793 AND `Idx1`=2 AND `Idx2`=5) OR (`QuestID`=65793 AND `Idx1`=2 AND `Idx2`=4) OR (`QuestID`=65793 AND `Idx1`=2 AND `Idx2`=3) OR (`QuestID`=65793 AND `Idx1`=2 AND `Idx2`=2) OR (`QuestID`=65793 AND `Idx1`=2 AND `Idx2`=1) OR (`QuestID`=65793 AND `Idx1`=2 AND `Idx2`=0) OR (`QuestID`=65793 AND `Idx1`=1 AND `Idx2`=0) OR (`QuestID`=65793 AND `Idx1`=0 AND `Idx2`=0) OR (`QuestID`=66779 AND `Idx1`=4 AND `Idx2`=0) OR (`QuestID`=66779 AND `Idx1`=3 AND `Idx2`=0) OR (`QuestID`=66779 AND `Idx1`=2 AND `Idx2`=0) OR (`QuestID`=66779 AND `Idx1`=1 AND `Idx2`=0) OR (`QuestID`=66779 AND `Idx1`=0 AND `Idx2`=0) OR (`QuestID`=66780 AND `Idx1`=4 AND `Idx2`=0) OR (`QuestID`=66780 AND `Idx1`=3 AND `Idx2`=0) OR (`QuestID`=66780 AND `Idx1`=2 AND `Idx2`=0) OR (`QuestID`=66780 AND `Idx1`=1 AND `Idx2`=0) OR (`QuestID`=66780 AND `Idx1`=0 AND `Idx2`=0) OR (`QuestID`=66057 AND `Idx1`=7 AND `Idx2`=0) OR (`QuestID`=66057 AND `Idx1`=6 AND `Idx2`=0) OR (`QuestID`=66057 AND `Idx1`=5 AND `Idx2`=0) OR (`QuestID`=66057 AND `Idx1`=4 AND `Idx2`=0) OR (`QuestID`=66057 AND `Idx1`=3 AND `Idx2`=0) OR (`QuestID`=66057 AND `Idx1`=2 AND `Idx2`=0) OR (`QuestID`=66057 AND `Idx1`=1 AND `Idx2`=0) OR (`QuestID`=66057 AND `Idx1`=0 AND `Idx2`=0) OR (`QuestID`=66354 AND `Idx1`=4 AND `Idx2`=0) OR (`QuestID`=66354 AND `Idx1`=3 AND `Idx2`=0) OR (`QuestID`=66354 AND `Idx1`=2 AND `Idx2`=0) OR (`QuestID`=66354 AND `Idx1`=1 AND `Idx2`=0) OR (`QuestID`=66354 AND `Idx1`=0 AND `Idx2`=0) OR (`QuestID`=66056 AND `Idx1`=4 AND `Idx2`=0) OR (`QuestID`=66056 AND `Idx1`=3 AND `Idx2`=0) OR (`QuestID`=66056 AND `Idx1`=2 AND `Idx2`=5) OR (`QuestID`=66056 AND `Idx1`=2 AND `Idx2`=4) OR (`QuestID`=66056 AND `Idx1`=2 AND `Idx2`=3) OR (`QuestID`=66056 AND `Idx1`=2 AND `Idx2`=2) OR (`QuestID`=66056 AND `Idx1`=2 AND `Idx2`=1) OR (`QuestID`=66056 AND `Idx1`=2 AND `Idx2`=0) OR (`QuestID`=66056 AND `Idx1`=1 AND `Idx2`=0) OR (`QuestID`=66056 AND `Idx1`=0 AND `Idx2`=0) OR (`QuestID`=66055 AND `Idx1`=3 AND `Idx2`=0) OR (`QuestID`=66055 AND `Idx1`=2 AND `Idx2`=6) OR (`QuestID`=66055 AND `Idx1`=2 AND `Idx2`=5) OR (`QuestID`=66055 AND `Idx1`=2 AND `Idx2`=4) OR (`QuestID`=66055 AND `Idx1`=2 AND `Idx2`=3) OR (`QuestID`=66055 AND `Idx1`=2 AND `Idx2`=2) OR (`QuestID`=66055 AND `Idx1`=2 AND `Idx2`=1) OR (`QuestID`=66055 AND `Idx1`=2 AND `Idx2`=0) OR (`QuestID`=66055 AND `Idx1`=1 AND `Idx2`=0) OR (`QuestID`=66055 AND `Idx1`=0 AND `Idx2`=0) OR (`QuestID`=66049 AND `Idx1`=4 AND `Idx2`=0) OR (`QuestID`=66049 AND `Idx1`=3 AND `Idx2`=0) OR (`QuestID`=66049 AND `Idx1`=2 AND `Idx2`=0) OR (`QuestID`=66049 AND `Idx1`=1 AND `Idx2`=7) OR (`QuestID`=66049 AND `Idx1`=1 AND `Idx2`=6) OR (`QuestID`=66049 AND `Idx1`=1 AND `Idx2`=5) OR (`QuestID`=66049 AND `Idx1`=1 AND `Idx2`=4) OR (`QuestID`=66049 AND `Idx1`=1 AND `Idx2`=3) OR (`QuestID`=66049 AND `Idx1`=1 AND `Idx2`=2) OR (`QuestID`=66049 AND `Idx1`=1 AND `Idx2`=1) OR (`QuestID`=66049 AND `Idx1`=1 AND `Idx2`=0) OR (`QuestID`=66049 AND `Idx1`=0 AND `Idx2`=0) OR (`QuestID`=66044 AND `Idx1`=6 AND `Idx2`=0) OR (`QuestID`=66044 AND `Idx1`=5 AND `Idx2`=0) OR (`QuestID`=66044 AND `Idx1`=4 AND `Idx2`=0) OR (`QuestID`=66044 AND `Idx1`=3 AND `Idx2`=0) OR (`QuestID`=66044 AND `Idx1`=2 AND `Idx2`=0) OR (`QuestID`=66044 AND `Idx1`=1 AND `Idx2`=0) OR (`QuestID`=66044 AND `Idx1`=0 AND `Idx2`=0) OR (`QuestID`=67100 AND `Idx1`=3 AND `Idx2`=0) OR (`QuestID`=67100 AND `Idx1`=2 AND `Idx2`=5) OR (`QuestID`=67100 AND `Idx1`=2 AND `Idx2`=4) OR (`QuestID`=67100 AND `Idx1`=2 AND `Idx2`=3) OR (`QuestID`=67100 AND `Idx1`=2 AND `Idx2`=2) OR (`QuestID`=67100 AND `Idx1`=2 AND `Idx2`=1) OR (`QuestID`=67100 AND `Idx1`=2 AND `Idx2`=0) OR (`QuestID`=67100 AND `Idx1`=1 AND `Idx2`=0) OR (`QuestID`=67100 AND `Idx1`=0 AND `Idx2`=0) OR (`QuestID`=66963 AND `Idx1`=1 AND `Idx2`=0) OR (`QuestID`=66963 AND `Idx1`=0 AND `Idx2`=0) OR (`QuestID`=66119 AND `Idx1`=5 AND `Idx2`=0) OR (`QuestID`=66119 AND `Idx1`=4 AND `Idx2`=0) OR (`QuestID`=66119 AND `Idx1`=3 AND `Idx2`=0) OR (`QuestID`=66119 AND `Idx1`=2 AND `Idx2`=0) OR (`QuestID`=66119 AND `Idx1`=1 AND `Idx2`=0) OR (`QuestID`=66119 AND `Idx1`=0 AND `Idx2`=0) OR (`QuestID`=65939 AND `Idx1`=14 AND `Idx2`=0) OR (`QuestID`=65939 AND `Idx1`=13 AND `Idx2`=0) OR (`QuestID`=65939 AND `Idx1`=12 AND `Idx2`=0) OR (`QuestID`=65939 AND `Idx1`=11 AND `Idx2`=0) OR (`QuestID`=65939 AND `Idx1`=10 AND `Idx2`=0) OR (`QuestID`=65939 AND `Idx1`=9 AND `Idx2`=0) OR (`QuestID`=65939 AND `Idx1`=8 AND `Idx2`=11) OR (`QuestID`=65939 AND `Idx1`=8 AND `Idx2`=10) OR (`QuestID`=65939 AND `Idx1`=8 AND `Idx2`=9) OR (`QuestID`=65939 AND `Idx1`=8 AND `Idx2`=8) OR (`QuestID`=65939 AND `Idx1`=8 AND `Idx2`=7) OR (`QuestID`=65939 AND `Idx1`=8 AND `Idx2`=6) OR (`QuestID`=65939 AND `Idx1`=8 AND `Idx2`=5) OR (`QuestID`=65939 AND `Idx1`=8 AND `Idx2`=4) OR (`QuestID`=65939 AND `Idx1`=8 AND `Idx2`=3) OR (`QuestID`=65939 AND `Idx1`=8 AND `Idx2`=2) OR (`QuestID`=65939 AND `Idx1`=8 AND `Idx2`=1) OR (`QuestID`=65939 AND `Idx1`=8 AND `Idx2`=0) OR (`QuestID`=65939 AND `Idx1`=7 AND `Idx2`=0) OR (`QuestID`=65939 AND `Idx1`=6 AND `Idx2`=0) OR (`QuestID`=65939 AND `Idx1`=5 AND `Idx2`=0) OR (`QuestID`=65939 AND `Idx1`=4 AND `Idx2`=0) OR (`QuestID`=65939 AND `Idx1`=3 AND `Idx2`=0) OR (`QuestID`=65939 AND `Idx1`=2 AND `Idx2`=0) OR (`QuestID`=65939 AND `Idx1`=1 AND `Idx2`=0) OR (`QuestID`=65939 AND `Idx1`=0 AND `Idx2`=0);
INSERT INTO `quest_poi_points` (`QuestID`, `Idx1`, `Idx2`, `X`, `Y`, `Z`, `VerifiedBuild`) VALUES
(65802, 7, 0, 143, 326, 350, 46879), -- -Unknown-
(65802, 6, 0, 254, 431, 350, 46879), -- -Unknown-
(65802, 5, 0, 50, 435, 345, 46879), -- -Unknown-
(65802, 4, 0, 144, 294, 352, 46879), -- -Unknown-
(65802, 3, 0, 164, 433, 342, 46879), -- -Unknown-
(65802, 2, 11, 111, 291, 352, 46879), -- -Unknown-
(65802, 2, 10, 37, 406, 352, 46879), -- -Unknown-
(65802, 2, 9, 37, 428, 352, 46879), -- -Unknown-
(65802, 2, 8, 63, 467, 352, 46879), -- -Unknown-
(65802, 2, 7, 180, 469, 352, 46879), -- -Unknown-
(65802, 2, 6, 217, 469, 352, 46879), -- -Unknown-
(65802, 2, 5, 254, 469, 352, 46879), -- -Unknown-
(65802, 2, 4, 286, 456, 352, 46879), -- -Unknown-
(65802, 2, 3, 288, 415, 352, 46879), -- -Unknown-
(65802, 2, 2, 265, 384, 352, 46879), -- -Unknown-
(65802, 2, 1, 213, 324, 352, 46879), -- -Unknown-
(65802, 2, 0, 163, 280, 352, 46879), -- -Unknown-
(65802, 1, 6, 52, 413, 348, 46879), -- -Unknown-
(65802, 1, 5, 113, 503, 345, 46879), -- -Unknown-
(65802, 1, 4, 271, 478, 342, 46879), -- -Unknown-
(65802, 1, 3, 294, 393, 353, 46879), -- -Unknown-
(65802, 1, 2, 147, 264, 352, 46879), -- -Unknown-
(65802, 1, 1, 123, 252, 347, 46879), -- -Unknown-
(65802, 1, 0, 69, 246, 337, 46879), -- -Unknown-
(65802, 0, 0, 260, 407, 349, 46879), -- -Unknown-
(65801, 4, 0, 145, 328, 349, 46879), -- -Unknown-
(65801, 3, 0, 116, 464, 351, 46879), -- -Unknown-
(65801, 2, 0, 77, 325, 349, 46879), -- -Unknown-
(65801, 1, 0, 368, 335, 355, 46879), -- -Unknown-
(65801, 0, 0, 260, 407, 349, 46879), -- -Unknown-
(70174, 2, 0, 139, 358, 342, 46879), -- -Unknown-
(70174, 1, 0, 143, 326, 350, 46879), -- -Unknown-
(70174, 0, 0, 143, 326, 350, 46879), -- -Unknown-
(65783, 1, 0, 140, 865, 363, 46879), -- -Unknown-
(65783, 0, 0, 139, 358, 342, 46879), -- -Unknown-
(65780, 2, 0, 214, 934, 352, 46879), -- -Unknown-
(65780, 1, 0, 52, 870, 349, 46879), -- -Unknown-
(65780, 0, 0, 158, 865, 368, 46879), -- -Unknown-
(65779, 1, 0, 655, 804, 265, 46879), -- -Unknown-
(65779, 0, 0, 214, 934, 352, 46879), -- -Unknown-
(65795, 1, 0, 1725, -257, 337, 46879), -- -Unknown-
(65795, 0, 0, 655, 804, 265, 46879), -- -Unknown-
(65794, 2, 0, 1488, -319, 330, 46879), -- -Unknown-
(65794, 1, 0, 1488, -319, 330, 46879), -- -Unknown-
(65794, 0, 0, 1725, -257, 337, 46879), -- -Unknown-
(65791, 1, 0, 1717, -259, 337, 46879), -- -Unknown-
(65791, 0, 0, 1488, -319, 330, 46879), -- -Unknown-
(66788, 2, 0, 1717, -259, 337, 46879), -- -Unknown-
(66788, 1, 11, 1707, -270, 0, 46879), -- -Unknown-
(66788, 1, 10, 1701, -264, 0, 46879), -- -Unknown-
(66788, 1, 9, 1699, -248, 0, 46879), -- -Unknown-
(66788, 1, 8, 1699, -237, 0, 46879), -- -Unknown-
(66788, 1, 7, 1703, -228, 0, 46879), -- -Unknown-
(66788, 1, 6, 1710, -224, 0, 46879), -- -Unknown-
(66788, 1, 5, 1724, -223, 0, 46879), -- -Unknown-
(66788, 1, 4, 1734, -234, 0, 46879), -- -Unknown-
(66788, 1, 3, 1739, -248, 0, 46879), -- -Unknown-
(66788, 1, 2, 1738, -267, 0, 46879), -- -Unknown-
(66788, 1, 1, 1732, -274, 0, 46879), -- -Unknown-
(66788, 1, 0, 1718, -275, 0, 46879), -- -Unknown-
(66788, 0, 0, 1717, -259, 337, 46879), -- -Unknown-
(66785, 1, 0, 1792, 31, 313, 46879), -- -Unknown-
(66785, 0, 0, 1717, -259, 337, 46879), -- -Unknown-
(66734, 3, 0, 1996, 246, 95, 46879), -- -Unknown-
(66734, 2, 0, 1618, 111, 0, 46879), -- -Unknown-
(66734, 1, 9, 1884, 122, 108, 46879), -- -Unknown-
(66734, 1, 8, 1854, 145, 98, 46879), -- -Unknown-
(66734, 1, 7, 1877, 195, 94, 46879), -- -Unknown-
(66734, 1, 6, 1900, 242, 97, 46879), -- -Unknown-
(66734, 1, 5, 1947, 237, 94, 46879), -- -Unknown-
(66734, 1, 4, 1988, 218, 97, 46879), -- -Unknown-
(66734, 1, 3, 1996, 161, 103, 46879), -- -Unknown-
(66734, 1, 2, 1997, 151, 100, 46879), -- -Unknown-
(66734, 1, 1, 1988, 122, 98, 46879), -- -Unknown-
(66734, 1, 0, 1904, 112, 103, 46879), -- -Unknown-
(66734, 0, 0, 1996, 246, 95, 46879), -- -Unknown-
(66735, 2, 0, 1996, 246, 95, 46879), -- -Unknown-
(66735, 1, 6, 1803, 121, 103, 46879), -- -Unknown-
(66735, 1, 5, 1869, 235, 100, 46879), -- -Unknown-
(66735, 1, 4, 1914, 252, 92, 46879), -- -Unknown-
(66735, 1, 3, 1960, 248, 98, 46879), -- -Unknown-
(66735, 1, 2, 2000, 149, 98, 46879), -- -Unknown-
(66735, 1, 1, 1939, 70, 97, 46879), -- -Unknown-
(66735, 1, 0, 1867, 59, 103, 46879), -- -Unknown-
(66735, 0, 0, 1996, 246, 95, 46879), -- -Unknown-
(65793, 6, 0, 2362, 2443, 216, 46879), -- -Unknown-
(65793, 5, 0, 2399, 2721, 391, 46879), -- -Unknown-
(65793, 4, 0, 2396, 2714, 391, 46879), -- -Unknown-
(65793, 3, 0, 2394, 2719, 391, 46879), -- -Unknown-
(65793, 2, 11, 1845, 223, 0, 46879), -- -Unknown-
(65793, 2, 10, 1786, 188, 0, 46879), -- -Unknown-
(65793, 2, 9, 1752, 285, 0, 46879), -- -Unknown-
(65793, 2, 8, 1786, 379, 0, 46879), -- -Unknown-
(65793, 2, 7, 1796, 611, 0, 46879), -- -Unknown-
(65793, 2, 6, 1786, 968, 0, 46879), -- -Unknown-
(65793, 2, 5, 1809, 1091, 0, 46879), -- -Unknown-
(65793, 2, 4, 1884, 1124, 0, 46879), -- -Unknown-
(65793, 2, 3, 1882, 879, 0, 46879), -- -Unknown-
(65793, 2, 2, 1944, 720, 0, 46879), -- -Unknown-
(65793, 2, 1, 1925, 660, 0, 46879), -- -Unknown-
(65793, 2, 0, 1876, 322, 0, 46879), -- -Unknown-
(65793, 1, 0, 1841, 1158, 201, 46879), -- -Unknown-
(65793, 0, 0, 1792, 31, 313, 46879), -- -Unknown-
(66779, 4, 0, 2394, 2719, 391, 46879), -- -Unknown-
(66779, 3, 0, 2381, 2652, 384, 46879), -- -Unknown-
(66779, 2, 0, 2303, 2714, 384, 46879), -- -Unknown-
(66779, 1, 0, 2252, 2729, 0, 46879), -- -Unknown-
(66779, 0, 0, 2394, 2719, 391, 46879), -- -Unknown-
(66780, 4, 0, 2417, 2697, 396, 46879), -- -Unknown-
(66780, 3, 0, 2381, 2652, 384, 46879), -- -Unknown-
(66780, 2, 0, 2435, 2660, 388, 46879), -- -Unknown-
(66780, 1, 0, 2476, 2553, 384, 46879), -- -Unknown-
(66780, 0, 0, 2417, 2697, 396, 46879), -- -Unknown-
(66057, 7, 0, 2136, 2677, 214, 46879), -- -Unknown-
(66057, 6, 0, 2121, 2686, 206, 46879), -- -Unknown-
(66057, 5, 0, 2313, 2626, 234, 46879), -- -Unknown-
(66057, 4, 0, 2426, 2702, 396, 46879), -- -Unknown-
(66057, 3, 0, 2068, 2495, 177, 46879), -- -Unknown-
(66057, 2, 0, 2045, 2483, 177, 46879), -- -Unknown-
(66057, 1, 0, 2423, 2708, 394, 46879), -- -Unknown-
(66057, 0, 0, 2417, 2697, 396, 46879), -- -Unknown-
(66354, 4, 0, 2121, 2686, 206, 46879), -- -Unknown-
(66354, 3, 0, 2135, 2690, 0, 46879), -- -Unknown-
(66354, 2, 0, 2136, 2695, 0, 46879), -- -Unknown-
(66354, 1, 0, 2136, 2694, 0, 46879), -- -Unknown-
(66354, 0, 0, 2031, 2481, 174, 46879), -- -Unknown-
(66056, 4, 0, 2042, 2477, 174, 46879), -- -Unknown-
(66056, 3, 0, 2134, 2688, 210, 46879), -- -Unknown-
(66056, 2, 5, 2036, 2661, 206, 46879), -- -Unknown-
(66056, 2, 4, 2063, 2717, 206, 46879), -- -Unknown-
(66056, 2, 3, 2178, 2730, 208, 46879), -- -Unknown-
(66056, 2, 2, 2217, 2695, 206, 46879), -- -Unknown-
(66056, 2, 1, 2214, 2653, 206, 46879), -- -Unknown-
(66056, 2, 0, 2136, 2580, 201, 46879), -- -Unknown-
(66056, 1, 0, 2137, 2690, 210, 46879), -- -Unknown-
(66056, 0, 0, 2121, 2686, 206, 46879), -- -Unknown-
(66055, 3, 0, 2042, 2477, 174, 46879), -- -Unknown-
(66055, 2, 6, 2187, 2838, 115, 46879), -- -Unknown-
(66055, 2, 5, 2232, 2880, 113, 46879), -- -Unknown-
(66055, 2, 4, 2471, 2703, 113, 46879), -- -Unknown-
(66055, 2, 3, 2464, 2661, 115, 46879), -- -Unknown-
(66055, 2, 2, 2430, 2580, 113, 46879), -- -Unknown-
(66055, 2, 1, 2153, 2494, 175, 46879), -- -Unknown-
(66055, 2, 0, 2119, 2494, 174, 46879), -- -Unknown-
(66055, 1, 0, 2131, 2499, 0, 46879), -- -Unknown-
(66055, 0, 0, 2049, 2484, 0, 46879), -- -Unknown-
(66049, 4, 0, 2246, 2547, 215, 46879), -- -Unknown-
(66049, 3, 0, 1999, 2449, 177, 46879), -- -Unknown-
(66049, 2, 0, 2042, 2477, 174, 46879), -- -Unknown-
(66049, 1, 7, 2024, 2457, 173, 46879), -- -Unknown-
(66049, 1, 6, 2006, 2500, 173, 46879), -- -Unknown-
(66049, 1, 5, 2024, 2542, 173, 46879), -- -Unknown-
(66049, 1, 4, 2066, 2558, 173, 46879), -- -Unknown-
(66049, 1, 3, 2109, 2542, 173, 46879), -- -Unknown-
(66049, 1, 2, 2126, 2500, 173, 46879), -- -Unknown-
(66049, 1, 1, 2109, 2457, 173, 46879), -- -Unknown-
(66049, 1, 0, 2066, 2440, 173, 46879), -- -Unknown-
(66049, 0, 0, 2041, 2477, 174, 46879), -- -Unknown-
(66044, 6, 0, 2243, 2330, 161, 46879), -- -Unknown-
(66044, 5, 0, 2332, 2509, 211, 46879), -- -Unknown-
(66044, 4, 0, 2364, 2436, 0, 46879), -- -Unknown-
(66044, 3, 0, 2138, 2303, 0, 46879), -- -Unknown-
(66044, 2, 0, 2188, 2505, 0, 46879), -- -Unknown-
(66044, 1, 0, 2243, 2330, 161, 46879), -- -Unknown-
(66044, 0, 0, 2246, 2547, 215, 46879), -- -Unknown-
(67100, 3, 0, 1523, -150, 332, 46879), -- -Unknown-
(67100, 2, 5, 1927, -955, -2, 46879), -- -Unknown-
(67100, 2, 4, 1880, -911, -2, 46879), -- -Unknown-
(67100, 2, 3, 1911, -800, 0, 46879), -- -Unknown-
(67100, 2, 2, 1960, -765, 0, 46879), -- -Unknown-
(67100, 2, 1, 2018, -800, 0, 46879), -- -Unknown-
(67100, 2, 0, 2002, -906, 5, 46879), -- -Unknown-
(67100, 1, 0, 1523, -150, 332, 46879), -- -Unknown-
(67100, 0, 0, 1523, -150, 332, 46879), -- -Unknown-
(66963, 1, 0, 1174, 786, 104, 46879), -- -Unknown-
(66963, 0, 0, 974, 786, 130, 46879), -- -Unknown-
(66119, 5, 0, 1331, -130, 138, 46879), -- -Unknown-
(66119, 4, 0, 1788, 35, 0, 46879), -- -Unknown-
(66119, 3, 0, 1355, -147, 138, 46879), -- -Unknown-
(66119, 2, 0, 1788, 35, 332, 46879), -- -Unknown-
(66119, 1, 0, 1355, -148, 138, 46879), -- -Unknown-
(66119, 0, 0, 1331, -130, 138, 46879), -- -Unknown-
(65939, 14, 0, 2246, 2546, 211, 46879), -- -Unknown-
(65939, 13, 0, 2043, 2477, 174, 46879), -- -Unknown-
(65939, 12, 0, 2136, 2677, 216, 46879), -- -Unknown-
(65939, 11, 0, 2242, 2329, 162, 46879), -- -Unknown-
(65939, 10, 0, 2112, 1943, 120, 46879), -- -Unknown-
(65939, 9, 0, 2112, 1955, 120, 46879), -- -Unknown-
(65939, 8, 11, 2093, 2251, 247, 46879), -- -Unknown-
(65939, 8, 10, 2080, 2348, 200, 46879), -- -Unknown-
(65939, 8, 9, 2079, 2623, 304, 46879), -- -Unknown-
(65939, 8, 8, 2183, 2838, 115, 46879), -- -Unknown-
(65939, 8, 7, 2198, 2852, 115, 46879), -- -Unknown-
(65939, 8, 6, 2217, 2859, 113, 46879), -- -Unknown-
(65939, 8, 5, 2417, 2690, 115, 46879), -- -Unknown-
(65939, 8, 4, 2448, 2655, 115, 46879), -- -Unknown-
(65939, 8, 3, 2456, 2461, 260, 46879), -- -Unknown-
(65939, 8, 2, 2258, 2278, 155, 46879), -- -Unknown-
(65939, 8, 1, 2154, 2236, 118, 46879), -- -Unknown-
(65939, 8, 0, 2130, 2232, 118, 46879), -- -Unknown-
(65939, 7, 0, 2122, 2202, 0, 46879), -- -Unknown-
(65939, 6, 0, 2066, 2020, 0, 46879), -- -Unknown-
(65939, 5, 0, 2111, 1953, 0, 46879), -- -Unknown-
(65939, 4, 0, 2242, 2329, 162, 46879), -- -Unknown-
(65939, 3, 0, 2043, 2477, 174, 46879), -- -Unknown-
(65939, 2, 0, 2115, 2519, 268, 46879), -- -Unknown-
(65939, 1, 0, 2083, 2338, 255, 46879), -- -Unknown-
(65939, 0, 0, 2136, 2677, 216, 46879); -- -Unknown-

UPDATE `quest_poi_points` SET `VerifiedBuild`=46879 WHERE (`QuestID`=50602 AND `Idx1`=0 AND `Idx2`=0);

DELETE FROM `quest_details` WHERE `ID` IN (65802 /*-Unknown-*/, 65801 /*-Unknown-*/, 70174 /*-Unknown-*/, 65783 /*-Unknown-*/, 65780 /*-Unknown-*/, 65779 /*-Unknown-*/, 65795 /*-Unknown-*/, 65794 /*-Unknown-*/, 65791 /*-Unknown-*/, 66788 /*-Unknown-*/, 66785 /*-Unknown-*/, 66734 /*-Unknown-*/, 66735 /*-Unknown-*/, 65793 /*-Unknown-*/, 66779 /*-Unknown-*/, 66780 /*-Unknown-*/, 66057 /*-Unknown-*/, 66354 /*-Unknown-*/, 66056 /*-Unknown-*/, 66055 /*-Unknown-*/, 66049 /*-Unknown-*/, 66044 /*-Unknown-*/);
INSERT INTO `quest_details` (`ID`, `Emote1`, `Emote2`, `Emote3`, `Emote4`, `EmoteDelay1`, `EmoteDelay2`, `EmoteDelay3`, `EmoteDelay4`, `VerifiedBuild`) VALUES
(65802, 0, 0, 0, 0, 0, 0, 0, 0, 46879), -- -Unknown-
(65801, 0, 0, 0, 0, 0, 0, 0, 0, 46879), -- -Unknown-
(70174, 1, 1, 0, 0, 0, 300, 0, 0, 46879), -- -Unknown-
(65783, 1, 0, 0, 0, 0, 0, 0, 0, 46879), -- -Unknown-
(65780, 1, 1, 0, 0, 0, 0, 0, 0, 46879), -- -Unknown-
(65779, 1, 1, 0, 0, 0, 300, 0, 0, 46879), -- -Unknown-
(65795, 0, 0, 0, 0, 0, 0, 0, 0, 46879), -- -Unknown-
(65794, 0, 0, 0, 0, 0, 0, 0, 0, 46879), -- -Unknown-
(65791, 0, 0, 0, 0, 0, 0, 0, 0, 46879), -- -Unknown-
(66788, 603, 0, 0, 0, 0, 0, 0, 0, 46879), -- -Unknown-
(66785, 1, 0, 0, 0, 0, 0, 0, 0, 46879), -- -Unknown-
(66734, 0, 0, 0, 0, 0, 0, 0, 0, 46879), -- -Unknown-
(66735, 0, 0, 0, 0, 0, 0, 0, 0, 46879), -- -Unknown-
(65793, 0, 0, 0, 0, 0, 0, 0, 0, 46879), -- -Unknown-
(66779, 0, 0, 0, 0, 0, 0, 0, 0, 46879), -- -Unknown-
(66780, 0, 0, 0, 0, 0, 0, 0, 0, 46879), -- -Unknown-
(66057, 1, 1, 1, 0, 0, 0, 0, 0, 46879), -- -Unknown-
(66354, 1, 1, 1, 0, 0, 0, 0, 0, 46879), -- -Unknown-
(66056, 669, 669, 669, 0, 0, 0, 0, 0, 46879), -- -Unknown-
(66055, 669, 669, 669, 0, 0, 0, 0, 0, 46879), -- -Unknown-
(66049, 457, 457, 457, 0, 0, 0, 0, 0, 46879), -- -Unknown-
(66044, 457, 457, 457, 0, 0, 0, 0, 0, 46879); -- -Unknown-


DELETE FROM `quest_request_items` WHERE `ID` IN (65779 /*-Unknown-*/, 66056 /*-Unknown-*/, 66055 /*-Unknown-*/, 66788 /*-Unknown-*/);
INSERT INTO `quest_request_items` (`ID`, `EmoteOnComplete`, `EmoteOnIncomplete`, `EmoteOnCompleteDelay`, `EmoteOnIncompleteDelay`, `CompletionText`, `VerifiedBuild`) VALUES
(65779, 669, 0, 0, 0, '<Tomul eyes you up and down with reserved curiosity.>\n\nState your business in the plains.', 0), -- -Unknown-
(66056, 5, 0, 0, 0, 'Have you finished the work we require?', 0), -- -Unknown-
(66055, 5, 0, 0, 0, 'Have you found the missing fragments of the Oathstone?', 0), -- -Unknown-
(66788, 0, 0, 0, 0, 'We are not done yet, young one.', 46879); -- -Unknown-


DELETE FROM `creature_queststarter` WHERE (`id`=181217 AND `quest` IN (65802,65801)) OR (`id`=185882 AND `quest` IN (70174,65783,65780)) OR (`id`=185878 AND `quest`=65779) OR (`id`=193377 AND `quest`=65795) OR (`id`=185905 AND `quest`=65794) OR (`id`=185904 AND `quest` IN (65791,66788)) OR (`id`=190740 AND `quest`=66785) OR (`id`=190525 AND `quest` IN (66734,66735)) OR (`id`=185894 AND `quest` IN (65793,66779)) OR (`id`=187495 AND `quest`=66780) OR (`id`=186493 AND `quest` IN (66057,66354,66056,66055)) OR (`id`=196265 AND `quest`=66049) OR (`id`=186933 AND `quest`=66044);
INSERT INTO `creature_queststarter` (`id`, `quest`, `VerifiedBuild`) VALUES
(181217, 65802, 46879), -- -Unknown- offered Sansok Khan
(181217, 65801, 46879), -- -Unknown- offered Sansok Khan
(185882, 70174, 46879), -- -Unknown- offered Scout Tomul
(185882, 65783, 46879), -- -Unknown- offered Scout Tomul
(185882, 65780, 46879), -- -Unknown- offered Scout Tomul
(185878, 65779, 46879), -- -Unknown- offered Ambassador Taurasza
(193377, 65795, 46879), -- -Unknown- offered Alexstrasza the Life-Binder
(185905, 65794, 46879), -- -Unknown- offered Alexstrasza the Life-Binder
(185904, 65791, 46879), -- -Unknown- offered Mother Elion
(185904, 66788, 46879), -- -Unknown- offered Mother Elion
(190740, 66785, 46879), -- -Unknown- offered Sabellian
(190525, 66734, 46879), -- -Unknown- offered Vaeros
(190525, 66735, 46879), -- -Unknown- offered Vaeros
(185894, 65793, 46879), -- -Unknown- offered Sabellian
(185894, 66779, 46879), -- -Unknown- offered Sabellian
(187495, 66780, 46879), -- -Unknown- offered Wrathion
(186493, 66057, 46879), -- -Unknown- offered Forgemaster Bazentus
(186493, 66354, 46879), -- -Unknown- offered Forgemaster Bazentus
(186493, 66056, 46879), -- -Unknown- offered Forgemaster Bazentus
(186493, 66055, 46879), -- -Unknown- offered Forgemaster Bazentus
(196265, 66049, 46879), -- -Unknown- offered Wrathion
(186933, 66044, 46879); -- -Unknown- offered Wrathion


DELETE FROM `creature_questender` WHERE (`id`=181217 AND `quest`=70174) OR (`id`=185882 AND `quest` IN (65783,65780,65779)) OR (`id`=185878 AND `quest`=65795) OR (`id`=193377 AND `quest`=65794) OR (`id`=185905 AND `quest`=65791) OR (`id`=185904 AND `quest` IN (66788,66785)) OR (`id`=190740 AND `quest`=65793) OR (`id`=190525 AND `quest` IN (66735,66997)) OR (`id`=185894 AND `quest`=66779) OR (`id`=187495 AND `quest` IN (66780,66057)) OR (`id`=186493 AND `quest` IN (66354,66056,66055)) OR (`id`=187045 AND `quest` IN (66049,65939)) OR (`id`=196265 AND `quest`=66044);
INSERT INTO `creature_questender` (`id`, `quest`, `VerifiedBuild`) VALUES
(181217, 70174, 46879), -- -Unknown- ended by Sansok Khan
(185882, 65783, 46879), -- -Unknown- ended by Scout Tomul
(185882, 65780, 46879), -- -Unknown- ended by Scout Tomul
(185882, 65779, 46879), -- -Unknown- ended by Scout Tomul
(185878, 65795, 46879), -- -Unknown- ended by Ambassador Taurasza
(193377, 65794, 46879), -- -Unknown- ended by Alexstrasza the Life-Binder
(185905, 65791, 46879), -- -Unknown- ended by Alexstrasza the Life-Binder
(185904, 66788, 46879), -- -Unknown- ended by Mother Elion
(185904, 66785, 46879), -- -Unknown- ended by Mother Elion
(190740, 65793, 46879), -- -Unknown- ended by Sabellian
(190525, 66735, 46879), -- -Unknown- ended by Vaeros
(190525, 66997, 46879), -- Nursery Direction ended by Vaeros
(185894, 66779, 46879), -- -Unknown- ended by Sabellian
(187495, 66780, 46879), -- -Unknown- ended by Wrathion
(187495, 66057, 46879), -- -Unknown- ended by Wrathion
(186493, 66354, 46879), -- -Unknown- ended by Forgemaster Bazentus
(186493, 66056, 46879), -- -Unknown- ended by Forgemaster Bazentus
(186493, 66055, 46879), -- -Unknown- ended by Forgemaster Bazentus
(187045, 66049, 46879), -- -Unknown- ended by Wrathion
(187045, 65939, 46879), -- -Unknown- ended by Wrathion
(196265, 66044, 46879); -- -Unknown- ended by Wrathion


DELETE FROM `creature_template_scaling` WHERE (`DifficultyID`=0 AND `Entry` IN (186176,186175,186656,181218,185920,182706,194185,199568,181217,194152,184630,186653,188624,184636,194040,194904,188779,186189,193009,194170,188640,190100,194041,186650,188782,186190,186183,189835,189841,187802,190611,192576,192028,187960,187984,187975,187985,187939,187938,190132,182725,180393,192654,182727,184656,184657,187799,185883,192856,192382,192651,192854,192387,183595,185882,188089,189110,191478,190908,190909,191788,192345,190905,190906,192347,192577,192353,195367,198458,191065,192926,187981,191725,198670,191058,188088,194633,185878,196668,191826,196673,196663,191103,191705,191102,198632,198457,191875,191878,193377,185905,195829,197956,195212,190740,196495,190819,191659,190533,190821,194175,194176,194177,191052,196646,196647,192047,188668,191047,191049,190935,191640,191737,191823,194836,192177,188444,186454,186447,188445,192165,196995,186326,186331,186752,186429,186317,186757,186763,186430,187189,189461,186764,187187,181016,198879,190519,191696,198129,190831,191020,190970,190937,190936,191851,198621,194709,186827,195128,195001,195009,195127,191600,188434,198737,198736,196518,198851,198850,196791,196336,182815,189215,186765,188380,192164,197772,189207,187538,187533,188336,192121,192155,186324,195957,189199,188415,188344,193456,189202,188625,191711,191710,188623,198854,198630,188349,194984,198877,188351,193464,187541,198864,188443,186452,186451,188440,190118,198847,192564,187495,185894,187524,193320,190910,186335,190314,197981,191835,191816,191669,187042,194560,189289,190971,190117,189875,189826,189825,189823,190115,190153,190111,190162,188135,186493,187668,188179,189507,189866,186312,186314,187046,190150,188140,187045,196265,189811,187867,187868,187813,186938,191648,186936,187785,186912,186937,191646,186935,188332,189834,189734,186239,181763,186592,190079,190116,197340,190163,188158,186934,189776,187919,188155,197341,191597,188143,188141,186950,188133,187530,186904,189643,186915,186919,189768,188136,186933,182816,187366,195187,201154,186241,183187,186892,183186,186897));
INSERT INTO `creature_template_scaling` (`Entry`, `DifficultyID`, `LevelScalingDeltaMin`, `LevelScalingDeltaMax`, `ContentTuningID`, `VerifiedBuild`) VALUES
(186176, 0, 0, 0, 2152, 46879),
(186175, 0, 0, 0, 2152, 46879),
(186656, 0, 0, 0, 2242, 46879),
(181218, 0, 0, 0, 2078, 46879),
(185920, 0, 0, 0, 2152, 46879),
(182706, 0, 0, 0, 81, 46879),
(194185, 0, 0, 0, 2152, 46879),
(199568, 0, 0, 0, 2152, 46879),
(181217, 0, 0, 0, 2152, 46879),
(194152, 0, 0, 0, 2152, 46879),
(184630, 0, 0, 0, 2264, 46879),
(186653, 0, 0, 0, 2242, 46879),
(188624, 0, 0, 0, 2242, 46879),
(184636, 0, 0, 0, 2264, 46879),
(194040, 0, 0, 0, 2456, 46879),
(194904, 0, 0, 0, 2152, 46879),
(188779, 0, 0, 0, 2242, 46879),
(186189, 0, 0, 0, 2078, 46879),
(193009, 0, 0, 0, 2250, 46879),
(194170, 0, 0, 0, 2152, 46879),
(188640, 0, 0, 0, 2242, 46879),
(190100, 0, 0, 0, 2152, 46879),
(194041, 0, 0, 0, 2456, 46879),
(186650, 0, 0, 0, 2242, 46879),
(188782, 0, 0, 0, 2242, 46879),
(186190, 0, 0, 0, 2078, 46879),
(186183, 0, 0, 0, 2152, 46879),
(189835, 0, 0, 0, 2078, 46879),
(189841, 0, 0, 0, 2241, 46879),
(187802, 0, 0, 0, 2242, 46879),
(190611, 0, 0, 0, 2241, 46879),
(192576, 0, 0, 0, 81, 46879),
(192028, 0, 0, 0, 371, 46879),
(187960, 0, 0, 0, 2152, 46879),
(187984, 0, 0, 0, 81, 46879),
(187975, 0, 0, 0, 2436, 46879),
(187985, 0, 0, 0, 81, 46879),
(187939, 0, 0, 0, 2436, 46879),
(187938, 0, 0, 0, 2436, 46879),
(190132, 0, 0, 0, 2152, 46879),
(182725, 0, 0, 0, 2264, 46879),
(180393, 0, 0, 0, 2264, 46879),
(192654, 0, 0, 0, 2469, 46879),
(182727, 0, 0, 0, 2264, 46879),
(184656, 0, 0, 0, 2264, 46879),
(184657, 0, 0, 0, 2264, 46879),
(187799, 0, 0, 0, 81, 46879),
(185883, 0, 0, 0, 2152, 46879),
(192856, 0, 0, 0, 81, 46879),
(192382, 0, 0, 0, 81, 46879),
(192651, 0, 0, 0, 2469, 46879),
(192854, 0, 0, 0, 2469, 46879),
(192387, 0, 0, 0, 2226, 46879),
(183595, 0, 0, 0, 2152, 46879),
(185882, 0, 0, 0, 2152, 46879),
(188089, 0, 0, 0, 2469, 46879),
(189110, 0, 0, 0, 371, 46879),
(191478, 0, 0, 0, 2424, 46879),
(190908, 0, 0, 0, 2152, 46879),
(190909, 0, 0, 0, 2152, 46879),
(191788, 0, 0, 0, 2308, 46879),
(192345, 0, 0, 0, 81, 46879),
(190905, 0, 0, 0, 2152, 46879),
(190906, 0, 0, 0, 2469, 46879),
(192347, 0, 0, 0, 81, 46879),
(192577, 0, 0, 0, 81, 46879),
(192353, 0, 0, 0, 2424, 46879),
(195367, 0, 0, 0, 2078, 46879),
(198458, 0, 0, 0, 2078, 46879),
(191065, 0, 0, 0, 2424, 46879),
(192926, 0, 0, 0, 2078, 46879),
(187981, 0, 0, 0, 81, 46879),
(191725, 0, 0, 0, 2078, 46879),
(198670, 0, 0, 0, 2078, 46879),
(191058, 0, 0, 0, 2424, 46879),
(188088, 0, 0, 0, 2469, 46879),
(194633, 0, 0, 0, 881, 46879),
(185878, 0, 0, 0, 2151, 46879),
(196668, 0, 0, 0, 2151, 46879),
(191826, 0, 0, 0, 2151, 46879),
(196673, 0, 0, 0, 2151, 46879),
(196663, 0, 0, 0, 2456, 46879),
(191103, 0, 2, 2, 2152, 46879),
(191705, 0, 0, 0, 2308, 46879),
(191102, 0, 0, 0, 2424, 46879),
(198632, 0, 0, 0, 2078, 46879),
(198457, 0, 0, 0, 2078, 46879),
(191875, 0, 0, 0, 2437, 46879),
(191878, 0, 3, 3, 2151, 46879),
(193377, 0, 0, 0, 2151, 46879),
(185905, 0, 0, 0, 2151, 46879),
(195829, 0, 0, 0, 2151, 46879),
(197956, 0, 0, 0, 2309, 46879),
(195212, 0, 0, 0, 2151, 46879),
(190740, 0, 3, 3, 2437, 46879),
(196495, 0, 0, 0, 2151, 46879),
(190819, 0, 0, 0, 2295, 46879),
(191659, 0, 0, 0, 2151, 46879),
(190533, 0, 0, 0, 2295, 46879),
(190821, 0, 0, 0, 2295, 46879),
(194175, 0, 0, 0, 2295, 46879),
(194176, 0, 0, 0, 2295, 46879),
(194177, 0, 0, 0, 2295, 46879),
(191052, 0, 0, 0, 2151, 46879),
(196646, 0, 0, 0, 2295, 46879),
(196647, 0, 0, 0, 2295, 46879),
(192047, 0, 0, 0, 371, 46879),
(188668, 0, 0, 0, 2285, 46879),
(191047, 0, 0, 0, 2295, 46879),
(191049, 0, 0, 0, 2295, 46879),
(190935, 0, 0, 0, 2291, 46879),
(191640, 0, 3, 3, 2078, 46879),
(191737, 0, 0, 0, 2437, 46879),
(191823, 0, 0, 0, 2151, 46879),
(194836, 0, 0, 0, 2474, 46879),
(192177, 0, 0, 0, 2286, 46879),
(188444, 0, 0, 0, 2151, 46879),
(186454, 0, 0, 0, 2078, 46879),
(186447, 0, 0, 0, 633, 46879),
(188445, 0, 0, 0, 2151, 46879),
(192165, 0, 0, 0, 2286, 46879),
(196995, 0, 0, 0, 2151, 46879),
(186326, 0, 0, 0, 2151, 46879),
(186331, 0, 0, 0, 2151, 46879),
(186752, 0, 0, 0, 2078, 46879),
(186429, 0, 0, 0, 2078, 46879),
(186317, 0, 0, 0, 2286, 46879),
(186757, 0, 0, 0, 2078, 46879),
(186763, 0, 0, 0, 2151, 46879),
(186430, 0, 0, 0, 2078, 46879),
(187189, 0, 0, 0, 2151, 46879),
(189461, 0, 0, 0, 2151, 46879),
(186764, 0, 0, 0, 2151, 46879),
(187187, 0, 0, 0, 2151, 46879),
(181016, 0, 0, 0, 2151, 46879),
(198879, 0, 0, 0, 2456, 46879),
(190519, 0, 0, 0, 2078, 46879),
(191696, 0, 0, 0, 2151, 46879),
(198129, 0, 0, 0, 2151, 46879),
(190831, 0, 0, 0, 2291, 46879),
(191020, 0, 0, 0, 2291, 46879),
(190970, 0, 0, 0, 2437, 46879),
(190937, 0, 3, 3, 2078, 46879),
(190936, 0, 0, 0, 2291, 46879),
(191851, 0, 0, 0, 2151, 46879),
(198621, 0, 0, 0, 2078, 46879),
(194709, 0, 0, 0, 2078, 46879),
(186827, 0, 2, 2, 2603, 46879),
(195128, 0, 0, 0, 181, 46879),
(195001, 0, 0, 0, 181, 46879),
(195009, 0, 0, 0, 181, 46879),
(195127, 0, 0, 0, 181, 46879),
(191600, 0, 0, 0, 2151, 46879),
(188434, 0, 0, 0, 2151, 46879),
(198737, 0, 0, 0, 2078, 46879),
(198736, 0, 0, 0, 2078, 46879),
(196518, 0, 1, 1, 2078, 46879),
(198851, 0, 0, 0, 2151, 46879),
(198850, 0, 0, 0, 2151, 46879),
(196791, 0, 2, 2, 2078, 46879),
(196336, 0, 0, 0, 2287, 46879),
(182815, 0, 0, 0, 2287, 46879),
(189215, 0, 0, 0, 713, 46879),
(186765, 0, 0, 0, 2151, 46879),
(188380, 0, 0, 0, 2078, 46879),
(192164, 0, 0, 0, 2078, 46879),
(197772, 0, 0, 0, 2078, 46879),
(189207, 0, 0, 0, 2078, 46879),
(187538, 0, 0, 0, 2291, 46879),
(187533, 0, 0, 0, 2078, 46879),
(188336, 0, 0, 0, 2151, 46879),
(192121, 0, 0, 0, 2078, 46879),
(192155, 0, 0, 0, 2078, 46879),
(186324, 0, 0, 0, 2151, 46879),
(195957, 0, 0, 0, 2151, 46879),
(189199, 0, 0, 0, 2078, 46879),
(188415, 0, 0, 0, 2151, 46879),
(188344, 0, 0, 0, 2151, 46879),
(193456, 0, 0, 0, 2151, 46879),
(189202, 0, 0, 0, 2078, 46879),
(188625, 0, 0, 0, 2078, 46879),
(191711, 0, 0, 0, 2078, 46879),
(191710, 0, 0, 0, 2078, 46879),
(188623, 0, 0, 0, 2078, 46879),
(198854, 0, 0, 0, 2300, 46879),
(198630, 0, 0, 0, 2078, 46879),
(188349, 0, 0, 0, 2078, 46879),
(194984, 0, 0, 0, 2078, 46879),
(198877, 0, 0, 0, 2151, 46879),
(188351, 0, 0, 0, 35, 46879),
(193464, 0, 0, 0, 2151, 46879),
(187541, 0, 0, 0, 2151, 46879),
(198864, 0, 0, 0, 81, 46879),
(188443, 0, 0, 0, 2151, 46879),
(186452, 0, 0, 0, 2151, 46879),
(186451, 0, 0, 0, 2078, 46879),
(188440, 0, 0, 0, 2151, 46879),
(190118, 0, 0, 0, 2424, 46879),
(198847, 0, 0, 0, 2150, 46879),
(192564, 0, 2, 2, 2078, 46879),
(187495, 0, 0, 0, 2078, 46879),
(185894, 0, 3, 3, 2078, 46879),
(187524, 0, 0, 0, 2150, 46879),
(193320, 0, 0, 0, 2523, 46879),
(190910, 0, 2, 2, 2078, 46879),
(186335, 0, 0, 0, 2151, 46879),
(190314, 0, 1, 1, 2078, 46879),
(197981, 0, 0, 0, 2151, 46879),
(191835, 0, 0, 0, 2151, 46879),
(191816, 0, 0, 0, 2151, 46879),
(191669, 0, 0, 0, 2078, 46879),
(187042, 0, 0, 0, 2078, 46879),
(194560, 0, 0, 0, 2151, 46879),
(189289, 0, 2, 2, 2603, 46879),
(190971, 0, 2, 2, 2287, 46879),
(190117, 0, 0, 0, 2289, 46879),
(189875, 0, 0, 0, 2289, 46879),
(189826, 0, 0, 0, 2287, 46879),
(189825, 0, 0, 0, 2287, 46879),
(189823, 0, 0, 0, 2078, 46879),
(190115, 0, 0, 0, 2289, 46879),
(190153, 0, 0, 0, 2151, 46879),
(190111, 0, 0, 0, 2151, 46879),
(190162, 0, 0, 0, 2151, 46879),
(188135, 0, 1, 1, 2078, 46879),
(186493, 0, 0, 0, 2151, 46879),
(187668, 0, 0, 0, 2287, 46879),
(188179, 0, 0, 0, 2151, 46879),
(189507, 0, 0, 0, 2151, 46879),
(189866, 0, 0, 0, 2078, 46879),
(186312, 0, 0, 0, 2078, 46879),
(186314, 0, 0, 0, 2078, 46879),
(187046, 0, 3, 3, 2078, 46879),
(190150, 0, 0, 0, 2151, 46879),
(188140, 0, 2, 2, 2078, 46879),
(187045, 0, 0, 0, 2078, 46879),
(196265, 0, 0, 0, 2078, 46879),
(189811, 0, 0, 0, 2289, 46879),
(187867, 0, 0, 0, 2305, 46879),
(187868, 0, 0, 0, 2305, 46879),
(187813, 0, 0, 0, 2305, 46879),
(186938, 0, 0, 0, 2437, 46879),
(191648, 0, 0, 0, 2078, 46879),
(186936, 0, 0, 0, 2078, 46879),
(187785, 0, 0, 0, 2305, 46879),
(186912, 0, 0, 0, 2078, 46879),
(186937, 0, 0, 0, 2437, 46879),
(191646, 0, 0, 0, 2078, 46879),
(186935, 0, 0, 0, 2078, 46879),
(188332, 0, 2, 2, 2078, 46879);

INSERT INTO `creature_template_scaling` (`Entry`, `DifficultyID`, `LevelScalingDeltaMin`, `LevelScalingDeltaMax`, `ContentTuningID`, `VerifiedBuild`) VALUES
(189834, 0, 0, 0, 2289, 46879),
(189734, 0, 0, 0, 2151, 46879),
(186239, 0, 0, 0, 2151, 46879),
(181763, 0, 0, 0, 2151, 46879),
(186592, 0, 0, 0, 2151, 46879),
(190079, 0, 0, 0, 2151, 46879),
(190116, 0, 0, 0, 2289, 46879),
(197340, 0, 0, 0, 2151, 46879),
(190163, 0, 0, 0, 2151, 46879),
(188158, 0, 1, 1, 2078, 46879),
(186934, 0, 0, 0, 2437, 46879),
(189776, 0, 0, 0, 2078, 46879),
(187919, 0, 1, 1, 2305, 46879),
(188155, 0, 1, 1, 2078, 46879),
(197341, 0, 0, 0, 2151, 46879),
(191597, 0, 0, 0, 2289, 46879),
(188143, 0, 1, 1, 2078, 46879),
(188141, 0, 2, 2, 2078, 46879),
(186950, 0, 0, 0, 2151, 46879),
(188133, 0, 2, 2, 2078, 46879),
(187530, 0, 2, 2, 2078, 46879),
(186904, 0, 3, 3, 2078, 46879),
(189643, 0, 0, 0, 2151, 46879),
(186915, 0, 0, 0, 2289, 46879),
(186919, 0, 0, 0, 2151, 46879),
(189768, 0, 0, 0, 2289, 46879),
(188136, 0, 2, 2, 2078, 46879),
(186933, 0, 0, 0, 2078, 46879),
(182816, 0, 0, 0, 2151, 46879),
(187366, 0, 0, 0, 2305, 46879),
(195187, 0, 0, 0, 2151, 46879),
(201154, 0, 0, 0, 2286, 46879),
(186241, 0, 0, 0, 2151, 46879),
(183187, 0, 0, 0, 2151, 46879),
(186892, 0, 0, 0, 2151, 46879),
(183186, 0, 0, 0, 2151, 46879),
(186897, 0, 0, 0, 2151, 46879);

UPDATE `creature_template_scaling` SET `VerifiedBuild`=46879 WHERE (`DifficultyID`=0 AND `Entry` IN (191639,32642,32641,43499,58542,31216,89,24207,156558,192134));

DELETE FROM `creature_model_info` WHERE `DisplayID` IN (105626, 105625, 106566, 105539, 108374, 108401, 102115, 104154, 108399, 105135, 105912, 105141, 108367, 108713, 108372, 106571, 101606, 102071, 108400, 106553, 108371, 108370, 105910, 106570, 105630, 107226, 107223, 105567, 108414, 104127, 100975, 103352, 104114, 103553, 103855, 101603, 108413, 106024, 103350, 107842, 104100, 104095, 106586, 103520, 106617, 107545, 100347, 104092, 107657, 106584, 106583, 104750, 105533, 101439, 108433, 103856, 108875, 104155, 103522, 104053, 107233, 107593, 101442, 102070, 102803, 102802, 102654, 102697, 109778, 109779, 109777, 104144, 108070, 102806, 102691, 100704, 105601, 102659, 104638, 104322, 107277, 103433, 102648, 107153, 107281, 104324, 102661, 102780, 106434, 102675, 106614, 102963, 106936, 109438, 106935, 102393, 105885, 105779, 102199, 107711, 105718, 102394, 105765, 102201, 102196, 103519, 103557, 109922, 106302, 102492, 110343, 109218, 107919, 102519, 106447, 107710, 109712, 106458, 107946, 107709, 102388, 105716, 102406, 102207, 102469, 102195, 110370, 102194, 102435, 102288, 102200, 106468, 102206, 110369, 101825, 102289, 106459, 102285, 102287, 102284, 102426, 101824, 108324, 107920, 102490, 100197, 102588, 102487, 107303, 102384, 107104, 108715, 107669, 102383, 102378, 102377, 102387, 102381, 102472, 106874, 102489, 102488, 102011, 102471, 102379, 102380, 102385, 102370, 102386, 102382, 107213, 107197, 107215, 107125, 101833, 107873, 102286, 108312, 108313, 104559, 102202, 107251, 107532, 107533, 102645, 109658, 102475, 102539, 101836, 101839, 106993, 101834, 102470, 101819, 101838, 101831, 104024, 102498, 101840, 102432, 102197, 107214, 106990, 102452, 101837, 107198, 101829, 102433, 102431, 101841, 102427, 102445, 106199, 101830, 104558, 102459, 102496, 102428, 102460, 102198, 102430, 107705, 101826, 104574, 102497, 102434, 102429);
INSERT INTO `creature_model_info` (`DisplayID`, `BoundingRadius`, `CombatReach`, `DisplayID_Other_Gender`, `VerifiedBuild`) VALUES
(105626, 1.009869098663330078, 1.70000004768371582, 0, 46879),
(105625, 1.067705869674682617, 1.27500009536743164, 0, 46879),
(106566, 1.188081264495849609, 2, 0, 46879),
(105539, 1.069273114204406738, 1.799999952316284179, 0, 46879),
(108374, 1.256124496459960937, 1.5, 0, 46879),
(108401, 1.256124496459960937, 1.5, 0, 46879),
(102115, 1.381736993789672851, 1.65000009536743164, 0, 46879),
(104154, 1.437578320503234863, 2.420000076293945312, 0, 46879),
(108399, 1.478101730346679687, 0, 0, 46879),
(105135, 1.188081264495849609, 2, 0, 46879),
(105912, 1.130511999130249023, 1.349999904632568359, 0, 46879),
(105141, 1.188081264495849609, 2, 0, 46879),
(108367, 1.256124496459960937, 1.5, 0, 46879),
(108713, 1.188081264495849609, 2, 0, 46879),
(108372, 1.256124496459960937, 1.5, 0, 46879),
(106571, 1.188081264495849609, 2, 0, 46879),
(101606, 0.510793745517730712, 0, 0, 46879),
(102071, 0.733282029628753662, 1.60000002384185791, 0, 46879),
(108400, 1.256124496459960937, 1.5, 0, 46879),
(106553, 1.256124496459960937, 1.5, 0, 46879),
(108371, 1.188081264495849609, 2, 0, 46879),
(108370, 1.256124496459960937, 1.5, 0, 46879),
(105910, 1.256124496459960937, 1.5, 0, 46879),
(106570, 1.256124496459960937, 1.5, 0, 46879),
(105630, 1.247485280036926269, 2.099999904632568359, 0, 46879),
(107226, 0.384812593460083007, 1.5, 0, 46879),
(107223, 0.384812593460083007, 1.5, 0, 46879),
(105567, 0.350900888442993164, 0, 0, 46879),
(108414, 1.188081264495849609, 2, 0, 46879),
(104127, 2.46413421630859375, 5.25, 0, 46879),
(100975, 0.454578906297683715, 0, 0, 46879),
(103352, 2.502509355545043945, 4.800000190734863281, 0, 46879),
(104114, 1.437578320503234863, 2.420000076293945312, 0, 46879),
(103553, 2.502509355545043945, 4.800000190734863281, 0, 46879),
(103855, 1.188081264495849609, 2, 0, 46879),
(101603, 0.567548632621765136, 0, 0, 46879),
(108413, 1.256124496459960937, 1.5, 0, 46879),
(106024, 16.9196624755859375, 15, 0, 46879),
(103350, 2.502509355545043945, 4.800000190734863281, 0, 46879),
(107842, 1.188081264495849609, 2, 0, 46879),
(104100, 0.724268257617950439, 1.20000004768371582, 0, 46879),
(104095, 0.905335307121276855, 1.5, 0, 46879),
(106586, 2.295121431350708007, 2.299999952316284179, 0, 46879),
(103520, 1.256124496459960937, 1.5, 0, 46879),
(106617, 0.227289453148841857, 0, 0, 46879),
(107545, 1.147560715675354003, 1.149999976158142089, 0, 46879),
(100347, 2.449628353118896484, 3.5, 0, 46879),
(104092, 0.905335307121276855, 1.5, 0, 46879),
(107657, 0.60000002384185791, 0.900000035762786865, 0, 46879),
(106584, 2.295121431350708007, 2.299999952316284179, 0, 46879),
(106583, 2.295121431350708007, 2.299999952316284179, 0, 46879),
(104750, 4.899256706237792968, 7, 0, 46879),
(105533, 1.256124496459960937, 1.5, 0, 46879),
(101439, 1.237413525581359863, 2.70000004768371582, 0, 46879),
(108433, 0.733282029628753662, 1.60000002384185791, 0, 46879),
(103856, 1.256124496459960937, 1.5, 0, 46879),
(108875, 1.188081264495849609, 2, 0, 46879),
(104155, 1.381736993789672851, 1.65000009536743164, 0, 46879),
(103522, 1.188081264495849609, 2, 0, 46879),
(104053, 2.76776432991027832, 1.75, 0, 46879),
(107233, 2.172804832458496093, 3.60000014305114746, 0, 46879),
(107593, 1.70000004768371582, 2.550000190734863281, 0, 46879),
(101442, 1.237413525581359863, 2.70000004768371582, 0, 46879),
(102070, 1.237413525581359863, 2.70000004768371582, 0, 46879),
(102803, 1.584961533546447753, 2.099999904632568359, 0, 46879),
(102802, 1.584961533546447753, 2.099999904632568359, 0, 46879),
(102654, 1.132115364074707031, 1.5, 0, 46879),
(102697, 1.746612310409545898, 5.232499599456787109, 0, 46879),
(109778, 1.755318164825439453, 1.5, 0, 46879),
(109779, 1.755318164825439453, 1.5, 0, 46879),
(109777, 1.755318164825439453, 1.5, 0, 46879),
(104144, 4.69545602798461914, 3.40000009536743164, 0, 46879),
(108070, 1.20000004768371582, 1.80000007152557373, 0, 46879),
(102806, 1.584961533546447753, 2.099999904632568359, 0, 46879),
(102691, 1.47174990177154541, 1.949999928474426269, 0, 46879),
(100704, 0.513083457946777343, 2, 0, 46879),
(105601, 0.500797629356384277, 1, 0, 46879),
(102659, 0.905692279338836669, 1.20000004768371582, 0, 46879),
(104638, 0.349999994039535522, 1, 0, 46879),
(104322, 1.132115364074707031, 1.5, 0, 46879),
(107277, 0.382999986410140991, 1.5, 0, 46879),
(103433, 2.15023970603942871, 1.399999976158142089, 0, 46879),
(102648, 1.132115364074707031, 1.5, 0, 46879),
(107153, 0.388999998569488525, 1.5, 0, 46879),
(107281, 0.382999986410140991, 1.5, 0, 46879),
(104324, 1.132115364074707031, 1.5, 0, 46879),
(102661, 1.132115364074707031, 1.5, 0, 46879),
(102780, 0.905692279338836669, 1.20000004768371582, 0, 46879),
(106434, 12.00420951843261718, 10, 0, 46879),
(102675, 1.47174990177154541, 1.949999928474426269, 0, 46879),
(106614, 0.243853539228439331, 1, 0, 46879),
(102963, 0.347000002861022949, 1.5, 0, 46879),
(106936, 0.645600020885467529, 1.760000109672546386, 0, 46879),
(109438, 0.80699998140335083, 2.20000004768371582, 0, 46879),
(106935, 0.645600020885467529, 1.760000109672546386, 0, 46879),
(102393, 0.381944209337234497, 1.65000009536743164, 0, 46879),
(105885, 0.329860895872116088, 1.424999952316284179, 0, 46879),
(105779, 0.372000008821487426, 1.5, 0, 46879),
(102199, 1.343548059463500976, 4.02500009536743164, 0, 46879),
(107711, 0.305999994277954101, 1.5, 0, 46879),
(105718, 0.420138627290725708, 1.815000057220458984, 0, 46879),
(102394, 0.336600005626678466, 1.65000009536743164, 0, 46879),
(105765, 0.690244972705841064, 1.5, 0, 46879),
(102201, 1.343548059463500976, 4.02500009536743164, 0, 46879),
(102196, 1.343548059463500976, 4.02500009536743164, 0, 46879),
(103519, 1.132115364074707031, 1.5, 0, 46879),
(103557, 3.467753410339355468, 4.800000190734863281, 0, 46879),
(109922, 4.840981960296630859, 0, 0, 46879),
(106302, 6.402966499328613281, 7.5, 0, 46879),
(102492, 3.367943525314331054, 2.099999904632568359, 0, 46879),
(110343, 0.382999986410140991, 1.5, 0, 46879),
(109218, 0.42790001630783081, 1.65000009536743164, 0, 46879),
(107919, 0.899999976158142089, 8.099999427795410156, 0, 46879),
(102519, 2.388109683990478515, 0.640000045299530029, 0, 46879),
(106447, 0.208000004291534423, 1.5, 0, 46879),
(107710, 0.381700009107589721, 1.65000009536743164, 0, 46879),
(109712, 0.382999986410140991, 1.5, 0, 46879),
(106458, 0.45138859748840332, 1.949999928474426269, 0, 46879),
(107946, 2.0890655517578125, 2.5, 0, 46879),
(107709, 0.336600005626678466, 1.65000009536743164, 0, 46879),
(102388, 0.336600005626678466, 1.65000009536743164, 0, 46879),
(105716, 0.364583075046539306, 1.574999928474426269, 0, 46879),
(102406, 0.367200016975402832, 1.80000007152557373, 0, 46879),
(102207, 1.132115364074707031, 1.5, 0, 46879),
(102469, 4.193870067596435546, 3.780000209808349609, 0, 46879),
(102195, 1.343548059463500976, 4.02500009536743164, 0, 46879),
(110370, 0.381700009107589721, 1.65000009536743164, 0, 46879),
(102194, 1.343548059463500976, 4.02500009536743164, 0, 46879),
(102435, 0.381700009107589721, 1.65000009536743164, 0, 46879),
(102288, 1.930850028991699218, 1.65000009536743164, 0, 46879),
(102200, 1.343548059463500976, 4.02500009536743164, 0, 46879),
(106468, 0.270399987697601318, 1.949999928474426269, 0, 46879),
(102206, 1.132115364074707031, 1.5, 0, 46879),
(110369, 0.794200003147125244, 3.300000190734863281, 0, 46879),
(101825, 2.405673980712890625, 1.5, 0, 46879),
(102289, 1.930850028991699218, 1.65000009536743164, 0, 46879),
(106459, 0.305999994277954101, 1.5, 0, 46879),
(102285, 1.930850028991699218, 1.65000009536743164, 0, 46879),
(102287, 1.930850028991699218, 1.65000009536743164, 0, 46879),
(102284, 1.930850028991699218, 1.65000009536743164, 0, 46879),
(102426, 0.399305284023284912, 1.724999904632568359, 0, 46879),
(101824, 2.405673980712890625, 1.5, 0, 46879),
(108324, 1.43219149112701416, 3.125, 0, 46879),
(107920, 0.5, 4.5, 0, 46879),
(102490, 3.367943525314331054, 2.099999904632568359, 0, 46879),
(100197, 1.05910801887512207, 0, 0, 46879),
(102588, 0.870009303092956542, 0.75, 0, 46879),
(102487, 3.367943525314331054, 2.099999904632568359, 0, 46879),
(107303, 0.517049968242645263, 2.02500009536743164, 0, 46879),
(102384, 0.382999986410140991, 1.5, 0, 46879),
(107104, 1.5, 2.25, 0, 46879),
(108715, 1.10000002384185791, 1.65000009536743164, 0, 46879),
(107669, 0.310000002384185791, 1, 0, 46879),
(102383, 0.305999994277954101, 1.5, 0, 46879),
(102378, 0.305999994277954101, 1.5, 0, 46879),
(102377, 0.382999986410140991, 1.5, 0, 46879),
(102387, 0.305999994277954101, 1.5, 0, 46879),
(102381, 0.305999994277954101, 1.5, 0, 46879),
(102472, 3.494891643524169921, 3.149999856948852539, 0, 46879),
(106874, 12.5738372802734375, 12, 0, 46879),
(102489, 3.367943525314331054, 2.099999904632568359, 0, 46879),
(102488, 3.367943525314331054, 2.099999904632568359, 0, 46879),
(102011, 3.494891643524169921, 3.149999856948852539, 0, 46879),
(102471, 3.494891643524169921, 3.149999856948852539, 0, 46879),
(102379, 0.305999994277954101, 1.5, 0, 46879),
(102380, 0.388999998569488525, 1.5, 0, 46879),
(102385, 0.347222000360488891, 1.5, 0, 46879),
(102370, 0.305999994277954101, 1.5, 0, 46879),
(102386, 0.347222000360488891, 1.5, 0, 46879),
(102382, 0.347222000360488891, 1.5, 0, 46879),
(107213, 0.400000035762786865, 3.60000014305114746, 0, 46879),
(107197, 0.400000035762786865, 3.60000014305114746, 0, 46879),
(107215, 0.400000035762786865, 3.60000014305114746, 0, 46879),
(107125, 0.400000035762786865, 3.60000014305114746, 0, 46879),
(101833, 2.405673980712890625, 1.5, 0, 46879),
(107873, 1, 9, 0, 46879),
(102286, 1.737764954566955566, 1.485000014305114746, 0, 46879),
(108312, 2.510104894638061523, 2.144999980926513671, 0, 46879),
(108313, 2.510104894638061523, 2.144999980926513671, 0, 46879),
(104559, 0.413100004196166992, 2.02500009536743164, 0, 46879),
(102202, 1.132115364074707031, 1.5, 0, 46879),
(107251, 0.536199986934661865, 2.099999904632568359, 0, 46879),
(107532, 1.10000002384185791, 1.65000009536743164, 0, 46879),
(107533, 0.409200012683868408, 1.65000009536743164, 0, 46879),
(102645, 2.43602609634399414, 2.099999904632568359, 0, 46879),
(109658, 1.604169011116027832, 26.25, 0, 46879),
(102475, 3.494891643524169921, 3.149999856948852539, 0, 46879),
(102539, 1.435142159461975097, 2.625, 0, 46879),
(101836, 2.496351242065429687, 2.25, 0, 46879),
(101839, 2.405673980712890625, 1.5, 0, 46879),
(106993, 3.494891643524169921, 3.149999856948852539, 0, 46879),
(101834, 2.496351242065429687, 2.25, 0, 46879),
(102470, 3.494891643524169921, 3.149999856948852539, 0, 46879),
(101819, 2.496351242065429687, 2.25, 0, 46879),
(101838, 2.405673980712890625, 1.5, 0, 46879),
(101831, 2.405673980712890625, 1.5, 0, 46879),
(104024, 0.262957334518432617, 0.375, 0, 46879),
(102498, 3.367943525314331054, 2.099999904632568359, 0, 46879),
(101840, 2.405673980712890625, 1.5, 0, 46879),
(102432, 0.336600005626678466, 1.65000009536743164, 0, 46879),
(102197, 1.343548059463500976, 4.02500009536743164, 0, 46879),
(107214, 1, 9, 0, 46879),
(106990, 3.127376079559326171, 1.949999928474426269, 0, 46879),
(102452, 4.268644332885742187, 5, 0, 46879),
(101837, 2.496351242065429687, 2.25, 0, 46879),
(107198, 1, 9, 0, 46879),
(101829, 2.496351242065429687, 2.25, 0, 46879),
(102433, 0.794200003147125244, 3.300000190734863281, 0, 46879),
(102431, 0.381944209337234497, 1.65000009536743164, 0, 46879),
(101841, 2.405673980712890625, 1.5, 0, 46879),
(102427, 0.381944209337234497, 1.65000009536743164, 0, 46879),
(102445, 1.10000002384185791, 1.65000009536743164, 0, 46879),
(106199, 0.949999988079071044, 8.550000190734863281, 0, 46879),
(101830, 2.405673980712890625, 1.5, 0, 46879),
(104558, 1, 9, 0, 46879),
(102459, 3.494891643524169921, 3.149999856948852539, 0, 46879),
(102496, 3.367943525314331054, 2.099999904632568359, 0, 46879),
(102428, 0.767800033092498779, 3.300000190734863281, 0, 46879),
(102460, 3.494891643524169921, 3.149999856948852539, 0, 46879),
(102198, 1.343548059463500976, 4.02500009536743164, 0, 46879),
(102430, 0.409200012683868408, 1.65000009536743164, 0, 46879),
(107705, 0.899999976158142089, 8.099999427795410156, 0, 46879),
(101826, 2.496351242065429687, 2.25, 0, 46879),
(104574, 7.876821517944335937, 15, 0, 46879),
(102497, 3.367943525314331054, 2.099999904632568359, 0, 46879),
(102434, 1.10000002384185791, 1.65000009536743164, 0, 46879),
(102429, 0.336600005626678466, 1.65000009536743164, 0, 46879);

UPDATE `creature_model_info` SET `BoundingRadius`=0.077500000596046447, `CombatReach`=0.75, `VerifiedBuild`=46879 WHERE `DisplayID` IN (90944, 90513, 90945, 90946);
UPDATE `creature_model_info` SET `BoundingRadius`=2.295121431350708007, `CombatReach`=2.299999952316284179, `VerifiedBuild`=46879 WHERE `DisplayID` IN (65866, 65774);
UPDATE `creature_model_info` SET `VerifiedBuild`=46879 WHERE `DisplayID` IN (105562, 45908, 103527, 103524, 75344, 1072, 100358, 103845, 102733, 102781, 104049, 104047, 104050, 28118, 28120, 107112, 102678, 102666, 109439, 104140, 56567, 42784, 88960, 82954, 107285, 82958, 102517, 21072, 82235, 102476, 36357, 107055, 26776, 34194, 102390, 102031, 51337, 51336, 107146, 87778, 102493, 101811, 26079, 106306, 102465, 101809, 106308, 104022, 101828, 106309, 106307, 104025, 101806, 102505, 101804, 101805, 101827, 101807, 107945, 104021, 101808, 101810);
UPDATE `creature_model_info` SET `BoundingRadius`=0.733282029628753662, `CombatReach`=1.60000002384185791, `VerifiedBuild`=46879 WHERE `DisplayID`=100537;
UPDATE `creature_model_info` SET `BoundingRadius`=0.106929928064346313, `CombatReach`=1, `VerifiedBuild`=46879 WHERE `DisplayID`=75347;
UPDATE `creature_model_info` SET `BoundingRadius`=0.369268387556076049, `CombatReach`=0.1875, `VerifiedBuild`=46879 WHERE `DisplayID`=87862;
UPDATE `creature_model_info` SET `BoundingRadius`=0.336600005626678466, `CombatReach`=1.65000009536743164, `VerifiedBuild`=46879 WHERE `DisplayID`=91278;
UPDATE `creature_model_info` SET `BoundingRadius`=0.364583075046539306, `CombatReach`=1.574999928474426269, `VerifiedBuild`=46879 WHERE `DisplayID`=84653;
UPDATE `creature_model_info` SET `BoundingRadius`=0.347222000360488891, `CombatReach`=1.5, `VerifiedBuild`=46879 WHERE `DisplayID`=43633;
UPDATE `creature_model_info` SET `BoundingRadius`=0.810882329940795898, `CombatReach`=1.125, `VerifiedBuild`=46879 WHERE `DisplayID`=44836;
UPDATE `creature_model_info` SET `BoundingRadius`=0.220000013709068298, `CombatReach`=1.92500007152557373, `VerifiedBuild`=46879 WHERE `DisplayID`=51484;
UPDATE `creature_model_info` SET `BoundingRadius`=0.926641702651977539, `CombatReach`=1.5, `VerifiedBuild`=46879 WHERE `DisplayID`=90821;
UPDATE `creature_model_info` SET `BoundingRadius`=1.10000002384185791, `CombatReach`=1.65000009536743164 WHERE `DisplayID`=104142;
UPDATE `creature_model_info` SET `BoundingRadius`=1.314786672592163085, `CombatReach`=1.875, `VerifiedBuild`=46879 WHERE `DisplayID`=108234;
UPDATE `creature_model_info` SET `BoundingRadius`=0.319769978523254394, `CombatReach`=1.567499876022338867, `VerifiedBuild`=46879 WHERE `DisplayID`=83823;
UPDATE `creature_model_info` SET `BoundingRadius`=0.416666418313980102, `CombatReach`=1.80000007152557373, `VerifiedBuild`=46879 WHERE `DisplayID`=71112;
UPDATE `creature_model_info` SET `BoundingRadius`=0.388999998569488525, `VerifiedBuild`=46879 WHERE `DisplayID`=75078;
UPDATE `creature_model_info` SET `BoundingRadius`=3.70473790168762207, `CombatReach`=2.309999942779541015, `VerifiedBuild`=46879 WHERE `DisplayID`=102482;
UPDATE `creature_model_info` SET `BoundingRadius`=0.766482889652252197, `CombatReach`=1.25, `VerifiedBuild`=46879 WHERE `DisplayID`=101255;
UPDATE `creature_model_info` SET `BoundingRadius`=1.604169011116027832, `CombatReach`=13.125 WHERE `DisplayID`=102449;
UPDATE `creature_model_info` SET `BoundingRadius`=0.300000011920928955, `CombatReach`=0.900000035762786865, `VerifiedBuild`=46879 WHERE `DisplayID`=104039;

DELETE FROM `gossip_menu` WHERE (`TextID`=1 AND `MenuID` IN (27559,28302,28163,28310,27914,28336,28340,28628,28627,28337,29942,27828,28061,29944,27827));
INSERT INTO `gossip_menu` (`MenuID`, `TextID`, `VerifiedBuild`) VALUES
(27559, 1, 46879), -- 181217 (Sansok Khan)
(28302, 1, 46879), -- 185905 (Alexstrasza the Life-Binder)
(28163, 1, 46879), -- 190525 (Vaeros)
(28310, 1, 46879), -- 190937 (Sabellian)
(27914, 1, 46879), -- 187495 (Wrathion)
(28336, 1, 46879), -- 191600 (Talonstalker Kavia)
(28340, 1, 46879), -- 188158 (Baskilan)
(28628, 1, 46879), -- 193464 (Forgemaster Bazentus)
(28627, 1, 46879), -- 193456 (Archivist Edress)
(28337, 1, 46879), -- 191710 (Left)
(29942, 1, 46879), -- 197981 (Zakastia)
(27828, 1, 46879), -- 191669 (Wrathion)
(28061, 1, 46879), -- 187045 (Wrathion)
(29944, 1, 46879), -- 196265 (Wrathion)
(27827, 1, 46879); -- 186933 (Wrathion)

DELETE FROM `gossip_menu_option` WHERE (`OptionID`=0 AND `MenuID` IN (28310,28340,28628,28163,28302,28336,27827,28337,29942,27559,28061,28627)) OR (`OptionID`=1 AND `MenuID` IN (28627,28061));
INSERT INTO `gossip_menu_option` (`MenuID`, `OptionID`, `OptionNpc`, `OptionText`, `OptionBroadcastTextId`, `Language`, `ActionMenuID`, `ActionPoiID`, `BoxCoded`, `BoxMoney`, `BoxText`, `BoxBroadcastTextID`, `VerifiedBuild`) VALUES
(28310, 0, 0, 'Let\'s get moving.', 103570, 0, 0, 0, 0, 0, NULL, 0, 46879), -- OptionBroadcastTextID: 103570 - 103570 - 121364 - 121364
(28340, 0, 0, 'What can you tell me about Sabellian?', 0, 0, 0, 0, 0, 0, NULL, 0, 46879),
(28628, 0, 0, 'What can you tell me about Sabellian?', 0, 0, 0, 0, 0, 0, NULL, 0, 46879),
(28163, 0, 0, 'Do you know any interesting facts about whelp rearing?', 0, 0, 0, 0, 0, 0, NULL, 0, 46879),
(28302, 0, 0, '|cFF0000FF(Quest)|r I am ready.', 172085, 0, 0, 0, 0, 0, NULL, 0, 46879), -- OptionBroadcastTextID: 172085 - 172085
(28336, 0, 0, 'What can you tell me about Wrathion?', 0, 0, 0, 0, 0, 0, NULL, 0, 46879),
(27827, 0, 0, 'I am ready to assist you.', 160680, 0, 0, 0, 0, 0, NULL, 0, 46879), -- OptionBroadcastTextID: 160680 - 160680
(28337, 0, 0, 'What can you tell me about Wrathion?', 0, 0, 0, 0, 0, 0, NULL, 0, 46879),
(28627, 1, 0, 'What can you tell me about Wrathion?', 0, 0, 0, 0, 0, 0, NULL, 0, 46879),
(28061, 1, 0, 'You can now repair the Obsidian Oathstone.', 0, 0, 0, 0, 0, 0, NULL, 0, 46879),
(29942, 0, 0, 'I\'d like to go to the Obsidian Throne.', 0, 0, 0, 0, 0, 0, NULL, 0, 46879),
(27559, 0, 0, 'I need to speak to the leader of the green dragonflight.', 0, 0, 0, 0, 0, 0, NULL, 0, 46879),
(28061, 0, 0, 'Is that the Oathstone?', 0, 0, 0, 0, 0, 0, NULL, 0, 46879),
(28627, 0, 0, 'What can you tell me about Sabellian?', 0, 0, 0, 0, 0, 0, NULL, 0, 46879);

DELETE FROM `creature_template` WHERE `entry` IN (186176 /*Aru*/, 186175 /*Belika*/, 186656 /*Sentinel Abakh*/, 181218 /*Basran*/, 185920 /*Okir*/, 182706 /*Butterfly*/, 194185 /*Makhul*/, 199568 /*Invisible Bunny, Controller - gameobject assist [DNT]*/, 181217 /*Sansok Khan*/, 194152 /*Agurahl the Butcher*/, 184630 /*Baqir*/, 186653 /*Apprentice Ehri*/, 188624 /*Sentinel Osar*/, 184636 /*Hearthkeeper Nokhor*/, 194040 /*Timberstep Guard*/, 194904 /*Muqur Rain-Touched*/, 188779 /*Ranger Otyuk*/, 186189 /*Gentara*/, 193009 /*Domesticated Argali*/, 194170 /*Flametender Busa*/, 188640 /*Hunter Zaya*/, 190100 /*Pack Musken*/, 194041 /*Timberstep Archer*/, 186650 /*Farrier Roscha*/, 188782 /*Ranger Bolor*/, 186190 /*Halu*/, 186183 /*Beastmaster Nuqut*/, 189835 /*Woodwing Quacker*/, 189841 /*Russet Mudwalker*/, 187802 /*Mudfin Frenzy*/, 190611 /*Frenzied Pollenstag*/, 192576 /*Grasstail Butterfly*/, 192028 /*Trunkalumpf*/, 187960 /*Sunhide Stomphoof*/, 187984 /*Baby Mammoth*/, 187975 /*Fleecepelt Argali*/, 187985 /*Prairie Dog*/, 187939 /*Plainswalker Calf*/, 187938 /*Plainswalker Mammoth*/, 190132 /*Shikaar Ohuna*/, 182725 /*Shikaar Preyseeker*/, 180393 /*Shikaar Ranger*/, 192654 /*Clearwater Calf*/, 182727 /*Shikaar Beastmaster*/, 184656 /*Loyal Bakar*/, 184657 /*Shikaar Hunter*/, 187799 /*Reed Skimmer*/, 185883 /*Blazing Proto-Dragon*/, 192856 /*Clearwater Ottuk Pup*/, 192382 /*Mudlopper*/, 192651 /*Clearwater Riverbeast*/, 192854 /*Clearwater Ottuk*/, 192387 /*Shikaar Scout*/, 183595 /*Primal Hornstrider*/, 185882 /*Scout Tomul*/, 188089 /*Swift Hornstrider*/, 189110 /*Trunkalumpf*/, 191478 /*Meadowhoof Calf*/, 190908 /*Plainswalker Calf*/, 190909 /*Swift Hornstrider*/, 191788 /*Wild Proto-Drake*/, 192345 /*Grass Gopher*/, 190905 /*Meadowhoof Musken*/, 190906 /*Plainswalker Mammoth*/, 192347 /*Prairie Buzzwing*/, 192577 /*Grove Widow*/, 192353 /*Scout Tomul*/, 195367 /*Roki*/, 198458 /*Dragon Glyph*/, 191065 /*Shikaar Hunter*/, 192926 /*Trainer Frodrum*/, 187981 /*Grassland Hopper*/, 191725 /*Shikaar Blacksmith*/, 198670 /*Tracker Dragon Glyph*/, 191058 /*Shikaar Fighter*/, 188088 /*Windblessed Ohuna*/, 194633 /*Etched Ancient Monolith*/, 185878 /*Ambassador Taurasza*/, 196668 /*Wistful Watcher*/, 191826 /*Mature Thunder Lizard*/, 196673 /*Vacationing Tender*/, 196663 /*Ruby Scaleguard*/, 191103 /*Uranto the Swift*/, 191705 /*Apex Proto-Dragon*/, 191102 /*Shikaar Ohuna*/, 198632 /*Tracker Dragon Glyph*/, 198457 /*Dragon Glyph*/, 191875 /*Wrathion*/, 191878 /*Sabellian*/, 193377 /*Alexstrasza the Life-Binder*/, 185905 /*Alexstrasza the Life-Binder*/, 195829 /*Majordomo Selistra*/, 197956 /*Injured Shrineguard*/, 195212 /*Commander Lethanak*/, 190740 /*Sabellian*/, 190819 /*Erzadormu*/, 190533 /*Adazius*/, 190821 /*Taeredormu*/, 194175 /*Emerald Whelpling*/, 194176 /*Ruby Whelpling*/, 194177 /*Bronze Whelpling*/, 191052 /*Thaladrax*/, 196646 /*Ruby Warden*/, 196647 /*Ruby Lifetender*/, 192047 /*Scruffy Ottuk*/, 188668 /*Primal Avalanche*/, 191047 /*Tarasek Raider*/, 191049 /*Tarasek Snatcher*/, 190935 /*Inconspicuous Wagon*/, 191640 /*Sabellian*/, 191737 /*Wrathion*/, 191823 /*Vicious Proto-Drake*/, 194836 /*Grekka Anvilsmash*/, 192177 /*Filbin Gearknock*/, 188444 /*Do-Yeon Shadowrider*/, 186454 /*Kora Fullsails*/, 186447 /*Kaplak*/, 188445 /*Cireni*/, 192165 /*Winnie Fingerspring*/, 196995 /*Talonstalker Gazi*/, 186326 /*Blacktalon Strategist*/, 186331 /*Fao the Relentless*/, 186752 /*Firstmate Kaleson*/, 186429 /*Steelsage Gao*/, 186317 /*Tong the Fixer*/, 186757 /*Hades Prescott*/, 186763 /*Blacktalon Pack Goat*/, 186430 /*Horace "Scalding" Stern*/, 187189 /*Blacktalon Assassin*/, 189461 /*Obsidian Watcher*/, 186764 /*Blacktalon Pack Beast*/, 187187 /*Blacktalon Avenger*/, 181016 /*Blacktalon Sentry*/, 198879 /*Fingerspring Security*/, 190519 /*Bronze Timekeeper*/, 191696 /*Mature Basilisk*/, 198129 /*Hope Kite*/, 190831 /*Expedition Shire*/, 191020 /*Inconspicuous Wagon*/, 190970 /*Wrathion*/, 190937 /*Sabellian*/, 190936 /*Expedition Shire*/, 191851 /*Blacktalon Shadowclaw*/, 198621 /*Tracker Dragon Glyph*/, 194709 /*Dragon Glyph*/, 186827 /*Magmaton*/, 195128 /*Invisible Bunny*/, 195001 /*Invisible Bunny*/, 195009 /*Invisible Bunny*/, 195127 /*Invisible Bunny*/, 191600 /*Talonstalker Kavia*/, 188434 /*Restraints*/, 198737 /*Firewing*/, 198736 /*Zetch*/, 196518 /*Voraxian*/, 198851 /*Slugha*/, 198850 /*Inchy*/, 196791 /*Kixandria*/, 196336 /*Qalashi Flameslinger*/, 182815 /*Summoned Lava Elemental*/, 189215 /*Moxie Lockspinner*/, 186765 /*Blacktalon Provisioner*/, 188380 /*Briona Macolm*/, 192164 /*Gringot Coldsteel*/, 197772 /*Gigi I Wynn*/, 189207 /*Griftah*/, 187538 /*Champion Ugi*/, 187533 /*Gulchak*/, 188336 /*Foehn Breezeskimmer*/, 192121 /*Falron Greygold*/, 192155 /*Felona Oregrab*/, 186324 /*Blacktalon Schemer*/, 195957 /*Blacktalon Strategist*/, 189199 /*Vadrya Valte*/, 188415 /*Jovax the Angry*/, 188344 /*Chydrass*/, 193456 /*Archivist Edress*/, 189202 /*Uirreg Stoutbrow*/, 188625 /*Lorena Belle*/, 191711 /*Right*/, 191710 /*Left*/, 188623 /*Samia Inkling*/, 198854 /*Obsidian Outfitter*/, 198630 /*Tracker Dragon Glyph*/, 188349 /*Outfitter Tipech*/, 194984 /*Dragon Glyph*/, 198877 /*Blacktalon Sentry*/, 188351 /*Stabitha Sharptwist*/, 193464 /*Forgemaster Bazentus*/, 187541 /*Obsidian Protector*/, 198864 /*Observant Rat*/, 188443 /*Zinja Ujomei*/, 186452 /*Blacktalon Assassin*/, 186451 /*Blacktalon Avenger*/, 188440 /*Djaradin Prisoner*/, 190118 /*Winds of the Isles*/, 198847 /*Swart*/, 192564 /*Myridian*/, 187495 /*Wrathion*/, 185894 /*Sabellian*/, 187524 /*Obsidian Bladewing*/, 193320 /*Reformed Earth*/, 190910 /*Evorian*/, 186335 /*Blacktalon Scout*/, 190314 /*Broodmother Dracasia*/, 197981 /*Zakastia*/, 191835 /*Blacktalon Scout*/, 191816 /*Blacktalon Shadowclaw*/, 191669 /*Wrathion*/, 187042 /*Wrathion*/, 194560 /*Earth-Warder's Forge*/, 189289 /*Penumbrus*/, 190971 /*Shas'ith*/, 190117 /*Djaradin Magmathrower*/, 189875 /*Animated Cindershards*/, 189826 /*Hanging Spider Vehicle*/, 189825 /*Ravenous Nestling*/, 189823 /*Ravenous Nestling*/, 190115 /*Qalashi Pillager*/, 190153 /*Blacktalon Assassin*/, 190111 /*Blacktalon Assassin*/, 190162 /*Animated Vault Protector*/, 188135 /*Zepharion*/, 186493 /*Forgemaster Bazentus*/, 187668 /*Scalesmith Viro*/, 188179 /*Stoker Volrax*/, 189507 /*Talonstalker Kavia*/, 189866 /*Scalecommander Emberthal*/, 186312 /*Left*/, 186314 /*Right*/, 187046 /*Sabellian*/, 190150 /*Archivist Edress*/, 188140 /*Vazallia*/, 187045 /*Wrathion*/, 196265 /*Wrathion*/, 189811 /*Agitated Keystone*/, 187867 /*Qalashi Magmacrafter*/, 187868 /*Molten Uprising*/, 187813 /*Qalashi Wallcrasher*/, 186938 /*Wrathion*/, 191648 /*Wrathion*/, 186936 /*Wrathion*/, 187785 /*Surging Magma*/, 186912 /*Djaradin Berserker*/, 186937 /*Wrathion*/, 191646 /*Wrathion*/, 186935 /*Wrathion*/, 188332 /*Mythexthia*/, 189834 /*Qalashi Stonebinder*/, 189734 /*Qalashi Boltthrower*/, 186239 /*Qalashi Skullhauler*/, 181763 /*Lava Phoenix*/, 186592 /*Champion Choruk*/, 190079 /*Qalashi Boltthrower*/, 190116 /*Qalashi Skullhauler*/, 197340 /*Blacktalon Avenger*/, 190163 /*Animated Vault Protector*/, 188158 /*Baskilan*/, 186934 /*Wrathion*/, 189776 /*Qalashi Bonebreaker*/, 187919 /*Caldera Stomper*/, 188155 /*Osoria*/, 197341 /*Blacktalon Avenger*/, 191597 /*Qalashi Crustshaper*/, 188143 /*Myridian*/, 188141 /*Malsiran*/, 186950 /*Arbalest*/, 188133 /*Narsysix*/, 187530 /*Evorian*/, 186904 /*Sabellian*/, 189643 /*Qalashi Crustshaper*/, 186915 /*Qalashi Gatecrasher*/, 186919 /*Obsidian Soldier*/, 189768 /*Qalashi Flamelobber*/, 188136 /*Exadria*/, 186933 /*Wrathion*/, 182816 /*Summoned Lava Elemental*/, 187366 /*Worldcarver Wurmling*/, 195187 /*Djaradin Flametamer*/, 201154 /*Surging Magma*/, 186241 /*Generic - Empty Bunny*/, 183187 /*Dreadsquall*/, 186892 /*Qalashi Necksnapper*/, 183186 /*Qalashi Wingrider*/, 186897 /*Blacktalon Avenger*/);
INSERT INTO `creature_template` (`entry`, `gossip_menu_id`, `minlevel`, `maxlevel`, `faction`, `npcflag`, `speed_walk`, `speed_run`, `BaseAttackTime`, `RangeAttackTime`, `unit_flags`, `unit_flags2`, `unit_flags3`, `dynamicflags`, `VehicleId`, `HoverHeight`) VALUES
(186176, 0, 65, 65, 3279, 1, 1, 1.142857193946838378, 2000, 0, 33024, 2048, 0, 0, 0, 1), -- Aru
(186175, 0, 65, 65, 3279, 1, 1, 1.142857193946838378, 2000, 0, 33024, 2048, 0, 0, 0, 1), -- Belika
(186656, 0, 65, 65, 3279, 1, 1, 1.142857193946838378, 2000, 0, 33024, 2048, 0, 0, 0, 1), -- Sentinel Abakh
(181218, 0, 70, 70, 3279, 1, 1, 1.142857193946838378, 2000, 0, 33024, 2048, 0, 0, 0, 1), -- Basran
(185920, 0, 65, 65, 3279, 1, 1, 1.142857193946838378, 2000, 0, 33024, 2048, 0, 0, 0, 1), -- Okir
(182706, 0, 1, 1, 188, 0, 1, 1.142857193946838378, 2000, 0, 32768, 2048, 0, 0, 0, 1), -- Butterfly
(194185, 0, 65, 65, 3279, 82, 1, 1.142857193946838378, 2000, 0, 32768, 2048, 0, 0, 0, 1), -- Makhul
(199568, 0, 65, 65, 35, 0, 1, 1.142857193946838378, 2000, 0, 33554432, 100665344, 0, 0, 0, 1), -- Invisible Bunny, Controller - gameobject assist [DNT]
(181217, 27559, 65, 65, 3279, 3, 1, 1.142857193946838378, 2000, 0, 33024, 2048, 0, 0, 0, 1), -- Sansok Khan
(194152, 0, 65, 65, 3279, 129, 1, 0.952381432056427001, 2000, 0, 32768, 2048, 0, 0, 0, 1), -- Agurahl the Butcher
(184630, 0, 65, 65, 3279, 8193, 1, 1.142857193946838378, 2000, 0, 32768, 2048, 0, 0, 0, 1), -- Baqir
(186653, 0, 65, 65, 3279, 4226, 1, 1.142857193946838378, 2000, 0, 33024, 2048, 0, 0, 0, 1), -- Apprentice Ehri
(188624, 0, 65, 65, 3279, 1, 1, 1.142857193946838378, 2000, 0, 33024, 2048, 0, 0, 0, 1), -- Sentinel Osar
(184636, 0, 65, 65, 3279, 65665, 1, 1.142857193946838378, 2000, 0, 32768, 2048, 0, 0, 0, 1), -- Hearthkeeper Nokhor
(194040, 0, 70, 70, 3279, 0, 1, 1.142857193946838378, 2000, 0, 32768, 2048, 8388608, 0, 0, 1), -- Timberstep Guard
(194904, 0, 65, 65, 3279, 2, 1, 1.142857193946838378, 2000, 0, 33024, 34816, 0, 0, 0, 1), -- Muqur Rain-Touched
(188779, 0, 65, 65, 3280, 1, 1, 1.142857193946838378, 2000, 0, 32768, 2048, 0, 0, 0, 1), -- Ranger Otyuk
(186189, 0, 70, 70, 3279, 16777216, 1, 1.142857193946838378, 2000, 0, 33024, 2048, 0, 0, 0, 1), -- Gentara
(193009, 0, 65, 65, 3279, 0, 1, 1.142857193946838378, 2000, 0, 32768, 2048, 0, 0, 0, 1), -- Domesticated Argali
(194170, 0, 65, 65, 3279, 0, 1, 1.142857193946838378, 2000, 0, 32768, 2048, 0, 0, 0, 1), -- Flametender Busa
(188640, 0, 65, 65, 3279, 1, 1, 1.142857193946838378, 2000, 0, 33024, 2048, 0, 0, 0, 1), -- Hunter Zaya
(190100, 0, 65, 65, 3279, 0, 1, 1.142857193946838378, 2000, 0, 32768, 2048, 0, 0, 0, 1), -- Pack Musken
(194041, 0, 70, 70, 3279, 0, 1, 1.142857193946838378, 2000, 0, 32768, 2048, 8388608, 0, 0, 1), -- Timberstep Archer
(186650, 0, 65, 65, 3279, 4227, 1, 1.142857193946838378, 2000, 0, 33024, 2048, 0, 0, 0, 1), -- Farrier Roscha
(188782, 0, 65, 65, 3280, 1, 1, 1.142857193946838378, 2000, 0, 32768, 2048, 0, 0, 0, 1), -- Ranger Bolor
(186190, 0, 70, 70, 3279, 0, 1, 1.142857193946838378, 2000, 0, 33024, 2048, 0, 0, 0, 1), -- Halu
(186183, 0, 65, 65, 3279, 4194433, 1, 1.142857193946838378, 2000, 0, 33024, 2048, 0, 0, 0, 1), -- Beastmaster Nuqut
(189835, 0, 70, 70, 190, 0, 1, 1.142857193946838378, 2000, 0, 537166592, 2049, 8193, 0, 0, 1), -- Woodwing Quacker
(189841, 0, 65, 65, 16, 0, 1, 1.142857193946838378, 2000, 0, 32768, 2048, 0, 0, 0, 1), -- Russet Mudwalker
(187802, 0, 65, 65, 14, 0, 1, 1.142857193946838378, 2000, 0, 32768, 2048, 0, 0, 0, 1), -- Mudfin Frenzy
(190611, 0, 65, 65, 14, 0, 1, 1.142857193946838378, 2000, 0, 32768, 2048, 0, 0, 0, 1), -- Frenzied Pollenstag
(192576, 0, 1, 1, 188, 0, 0.400000005960464477, 0.285714298486709594, 2000, 0, 32768, 2048, 0, 0, 0, 1), -- Grasstail Butterfly
(192028, 0, 1, 1, 188, 0, 0.400000005960464477, 0.285714298486709594, 2000, 0, 33280, 2048, 0, 0, 0, 1), -- Trunkalumpf
(187960, 0, 65, 65, 14, 0, 1, 1.142857193946838378, 2000, 0, 32832, 2048, 0, 0, 0, 1), -- Sunhide Stomphoof
(187984, 0, 1, 1, 190, 0, 1, 1.142857193946838378, 2000, 0, 32768, 2048, 0, 0, 0, 1), -- Baby Mammoth
(187975, 0, 65, 65, 190, 0, 1, 1.142857193946838378, 2000, 0, 32768, 2048, 0, 0, 0, 1), -- Fleecepelt Argali
(187985, 0, 1, 1, 188, 0, 1, 0.857142865657806396, 2000, 0, 0, 2048, 0, 0, 0, 1), -- Prairie Dog
(187939, 0, 65, 65, 190, 0, 1, 1.142857193946838378, 2000, 0, 32768, 2048, 0, 0, 0, 1), -- Plainswalker Calf
(187938, 0, 65, 65, 190, 0, 1, 1.142857193946838378, 2000, 0, 32832, 2048, 0, 0, 0, 1), -- Plainswalker Mammoth
(190132, 0, 65, 65, 3279, 0, 1, 1.142857193946838378, 2000, 0, 32768, 2048, 0, 0, 0, 1), -- Shikaar Ohuna
(182725, 0, 65, 65, 3279, 0, 1, 1.142857193946838378, 2000, 0, 32832, 2048, 0, 0, 0, 1), -- Shikaar Preyseeker
(180393, 0, 65, 65, 3280, 0, 1, 1.142857193946838378, 2000, 0, 32768, 2048, 0, 0, 0, 1), -- Shikaar Ranger
(192654, 0, 65, 65, 190, 0, 1, 1.142857193946838378, 2000, 0, 32768, 2048, 0, 0, 0, 1), -- Clearwater Calf
(182727, 0, 65, 65, 3280, 0, 1, 1.142857193946838378, 2000, 0, 32832, 2048, 0, 0, 0, 1), -- Shikaar Beastmaster
(184656, 0, 65, 65, 3280, 0, 1, 1.142857193946838378, 2000, 0, 32768, 2048, 0, 0, 0, 1), -- Loyal Bakar
(184657, 0, 65, 65, 3280, 0, 1, 1.142857193946838378, 2000, 0, 32768, 2048, 0, 0, 0, 1), -- Shikaar Hunter
(187799, 0, 1, 1, 188, 0, 1, 1.142857193946838378, 2000, 0, 32768, 2048, 0, 0, 0, 1), -- Reed Skimmer
(185883, 0, 65, 65, 14, 0, 1, 1.571428537368774414, 2000, 0, 67141632, 2048, 131072, 0, 0, 1), -- Blazing Proto-Dragon
(192856, 0, 1, 1, 188, 0, 1, 1.142857193946838378, 2000, 0, 0, 2048, 0, 0, 0, 1), -- Clearwater Ottuk Pup
(192382, 0, 1, 1, 188, 0, 1, 1.142857193946838378, 2000, 0, 32768, 2048, 0, 0, 0, 1), -- Mudlopper
(192651, 0, 65, 65, 16, 0, 1, 1.142857193946838378, 2000, 0, 32768, 2048, 0, 0, 0, 1), -- Clearwater Riverbeast
(192854, 0, 65, 65, 2136, 0, 1, 1.142857193946838378, 2000, 0, 32768, 2048, 0, 0, 0, 1), -- Clearwater Ottuk
(192387, 0, 65, 65, 3279, 0, 1, 1.142857193946838378, 2000, 0, 32768, 2048, 0, 0, 0, 1), -- Shikaar Scout
(183595, 0, 65, 65, 16, 0, 1, 1.142857193946838378, 2000, 0, 32768, 2048, 0, 0, 0, 1), -- Primal Hornstrider
(185882, 0, 65, 65, 3279, 3, 1, 1.142857193946838378, 2000, 0, 33024, 2048, 0, 0, 0, 1), -- Scout Tomul
(188089, 0, 65, 65, 16, 0, 1, 1.142857193946838378, 2000, 0, 32768, 2048, 0, 0, 0, 1), -- Swift Hornstrider
(189110, 0, 1, 1, 188, 1073741824, 0.400000005960464477, 0.285714298486709594, 2000, 0, 33280, 2048, 0, 0, 0, 1), -- Trunkalumpf
(191478, 0, 70, 70, 634, 0, 1, 1.142857193946838378, 2000, 0, 32768, 2048, 0, 0, 0, 1), -- Meadowhoof Calf
(190908, 0, 65, 65, 190, 0, 1, 1.142857193946838378, 2000, 0, 32768, 2048, 0, 0, 0, 1), -- Plainswalker Calf
(190909, 0, 65, 65, 14, 0, 1, 1.142857193946838378, 2000, 0, 32784, 2048, 0, 0, 0, 1), -- Swift Hornstrider
(191788, 0, 62, 62, 16, 0, 1, 1, 2000, 0, 32832, 2048, 0, 0, 0, 1), -- Wild Proto-Drake
(192345, 0, 1, 1, 188, 0, 1, 0.857142865657806396, 2000, 0, 0, 2048, 0, 0, 0, 1), -- Grass Gopher
(190905, 0, 65, 65, 634, 0, 1, 1.142857193946838378, 2000, 0, 32768, 2048, 0, 0, 0, 1), -- Meadowhoof Musken
(190906, 0, 65, 65, 634, 0, 1, 1.142857193946838378, 2000, 0, 32832, 2048, 0, 0, 0, 1), -- Plainswalker Mammoth
(192347, 0, 1, 1, 188, 0, 1, 1.142857193946838378, 2000, 0, 32768, 2048, 0, 0, 0, 1), -- Prairie Buzzwing
(192577, 0, 1, 1, 188, 0, 0.400000005960464477, 0.285714298486709594, 2000, 0, 32768, 2048, 0, 0, 0, 1), -- Grove Widow
(192353, 0, 70, 70, 35, 1, 1, 1.142857193946838378, 2000, 0, 33024, 2048, 0, 0, 0, 1), -- Scout Tomul
(195367, 0, 70, 70, 3279, 0, 1, 1.142857193946838378, 2000, 0, 0, 2048, 0, 0, 0, 1), -- Roki
(198458, 0, 70, 70, 35, 0, 1, 1.142857193946838378, 2000, 0, 33555200, 73402368, 16777216, 0, 0, 1), -- Dragon Glyph
(191065, 0, 70, 70, 1812, 0, 1, 1.142857193946838378, 2000, 0, 32768, 2048, 1048576, 0, 0, 1), -- Shikaar Hunter
(192926, 0, 70, 70, 3279, 2199023255555, 1, 1.142857193946838378, 2000, 0, 33024, 2048, 0, 0, 7671, 1), -- Trainer Frodrum
(187981, 0, 1, 1, 31, 0, 1, 1.142857193946838378, 2000, 0, 0, 2048, 0, 0, 0, 1), -- Grassland Hopper
(191725, 0, 70, 70, 35, 4224, 1, 1.142857193946838378, 2000, 0, 32768, 2048, 0, 0, 0, 1), -- Shikaar Blacksmith
(198670, 0, 70, 70, 35, 0, 1, 1.142857193946838378, 2000, 0, 33555200, 73402368, 16777216, 0, 0, 1), -- Tracker Dragon Glyph
(191058, 0, 70, 70, 1665, 0, 1, 1.142857193946838378, 2000, 0, 32768, 2048, 1048576, 0, 0, 1), -- Shikaar Fighter
(188088, 0, 65, 65, 190, 0, 1, 1.142857193946838378, 2000, 0, 32832, 2048, 0, 0, 0, 1.35000002384185791), -- Windblessed Ohuna
(194633, 0, 70, 70, 190, 0, 1, 1.142857193946838378, 2000, 0, 768, 67143680, 16777216, 0, 0, 1), -- Etched Ancient Monolith
(185878, 0, 62, 62, 3276, 2, 1, 1.142857193946838378, 2000, 0, 33600, 2048, 0, 0, 0, 1), -- Ambassador Taurasza
(196668, 0, 62, 62, 3277, 1, 1, 1.142857193946838378, 2000, 0, 32768, 2048, 0, 0, 0, 1), -- Wistful Watcher
(191826, 0, 62, 62, 16, 0, 1, 1.142857193946838378, 2000, 0, 32832, 2048, 0, 0, 0, 1), -- Mature Thunder Lizard
(196673, 0, 62, 62, 3277, 0, 1, 1.142857193946838378, 2000, 0, 32768, 2048, 0, 0, 0, 1), -- Vacationing Tender
(196663, 0, 70, 70, 3272, 0, 1, 1.142857193946838378, 2000, 0, 32832, 2048, 8388608, 0, 0, 1), -- Ruby Scaleguard
(191103, 0, 67, 67, 190, 0, 12, 4.285714149475097656, 2000, 0, 67141696, 4194304, 0, 64, 0, 1), -- Uranto the Swift
(191705, 0, 62, 62, 16, 0, 1, 1, 2000, 0, 32832, 2099200, 0, 0, 0, 1), -- Apex Proto-Dragon
(191102, 0, 70, 70, 3279, 0, 1, 1.142857193946838378, 2000, 0, 32768, 4196352, 0, 0, 0, 1.35000002384185791), -- Shikaar Ohuna
(198632, 0, 70, 70, 35, 0, 1, 1.142857193946838378, 2000, 0, 33555200, 73402368, 16777216, 0, 0, 1), -- Tracker Dragon Glyph
(198457, 0, 70, 70, 35, 0, 1, 1.142857193946838378, 2000, 0, 33555200, 73402368, 16777216, 0, 0, 1), -- Dragon Glyph
(191875, 0, 70, 70, 35, 0, 1, 1.142857193946838378, 2000, 0, 32768, 2048, 0, 0, 0, 1), -- Wrathion
(191878, 0, 65, 65, 3288, 0, 1, 1.142857193946838378, 2000, 0, 32768, 18432, 0, 0, 0, 1), -- Sabellian
(193377, 0, 62, 62, 35, 3, 1, 1.142857193946838378, 2000, 0, 33536, 2048, 0, 0, 0, 1), -- Alexstrasza the Life-Binder
(185905, 28302, 62, 62, 35, 3, 1, 1.142857193946838378, 2000, 0, 33536, 2048, 0, 0, 0, 1), -- Alexstrasza the Life-Binder
(195829, 0, 62, 62, 3276, 1, 1, 1.142857193946838378, 2000, 0, 33600, 2048, 0, 0, 0, 1), -- Majordomo Selistra
(197956, 0, 62, 62, 3276, 0, 1, 1.142857193946838378, 2000, 0, 33536, 2048, 0, 0, 0, 1), -- Injured Shrineguard
(195212, 0, 62, 62, 3276, 1, 1, 1.142857193946838378, 2000, 0, 32832, 2048, 0, 0, 0, 1), -- Commander Lethanak
(190740, 0, 73, 73, 3288, 2, 1, 1.142857193946838378, 2000, 0, 32768, 18432, 0, 0, 0, 1), -- Sabellian
(190819, 0, 62, 62, 3276, 0, 1, 1.142857193946838378, 2000, 0, 33536, 2048, 0, 0, 0, 1), -- Erzadormu
(190533, 0, 62, 62, 3276, 3, 1, 1.142857193946838378, 2000, 0, 33536, 2048, 0, 0, 0, 1), -- Adazius
(190821, 0, 62, 62, 3276, 0, 1, 1.142857193946838378, 2000, 0, 33536, 2048, 0, 0, 0, 1), -- Taeredormu
(194175, 0, 62, 62, 3276, 0, 1, 1.142857193946838378, 2000, 0, 33536, 2048, 0, 0, 0, 1), -- Emerald Whelpling
(194176, 0, 62, 62, 3276, 0, 1, 1.142857193946838378, 2000, 0, 33536, 2048, 0, 0, 0, 1), -- Ruby Whelpling
(194177, 0, 62, 62, 3276, 0, 1, 1.142857193946838378, 2000, 0, 33536, 2048, 0, 0, 0, 1), -- Bronze Whelpling
(191052, 0, 62, 62, 16, 0, 1, 1.571428537368774414, 2000, 0, 32832, 2048, 1, 0, 0, 1), -- Thaladrax
(196646, 0, 62, 62, 3278, 0, 1, 1.142857193946838378, 2000, 0, 32832, 2048, 0, 0, 0, 1), -- Ruby Warden
(196647, 0, 62, 62, 3278, 0, 1, 1.142857193946838378, 2000, 0, 32832, 2048, 0, 0, 0, 1), -- Ruby Lifetender
(192047, 0, 1, 1, 188, 0, 1, 0.571428596973419189, 2000, 0, 33280, 2048, 0, 0, 0, 1), -- Scruffy Ottuk
(188668, 0, 62, 62, 3320, 0, 1, 1.142857193946838378, 2000, 0, 32832, 2048, 0, 4, 0, 1), -- Primal Avalanche
(191047, 0, 62, 62, 16, 0, 1, 1.142857193946838378, 2000, 0, 32768, 2048, 0, 0, 0, 1), -- Tarasek Raider
(191049, 0, 62, 62, 16, 0, 1, 1.142857193946838378, 2000, 0, 32768, 2048, 0, 0, 0, 1), -- Tarasek Snatcher
(190935, 0, 70, 70, 35, 0, 1, 1, 2000, 0, 17152, 67110912, 524288, 0, 7819, 1), -- Inconspicuous Wagon
(191640, 0, 73, 73, 3288, 0, 1, 1.142857193946838378, 2000, 0, 32768, 18432, 0, 0, 0, 6.40000009536743164), -- Sabellian
(191737, 0, 70, 70, 35, 0, 1, 1.142857193946838378, 2000, 0, 32768, 2048, 0, 0, 0, 1), -- Wrathion
(191823, 0, 62, 62, 16, 0, 1, 1, 2000, 0, 32768, 2048, 0, 0, 0, 1), -- Vicious Proto-Drake
(194836, 0, 70, 70, 35, 1, 1, 1.142857193946838378, 2000, 0, 33024, 2048, 0, 0, 0, 1), -- Grekka Anvilsmash
(192177, 0, 62, 62, 35, 128, 1, 1.142857193946838378, 2000, 0, 33536, 2048, 0, 0, 0, 1), -- Filbin Gearknock
(188444, 0, 62, 62, 3285, 8193, 1, 1.142857193946838378, 2000, 0, 32832, 2048, 0, 0, 0, 1), -- Do-Yeon Shadowrider
(186454, 0, 70, 70, 35, 129, 1, 1.142857193946838378, 2000, 0, 32768, 2048, 0, 0, 0, 1), -- Kora Fullsails
(186447, 0, 45, 45, 3285, 1, 1, 1.142857193946838378, 2000, 0, 33536, 34816, 0, 0, 0, 1), -- Kaplak
(188445, 0, 62, 62, 3285, 4194433, 1, 1.142857193946838378, 2000, 0, 32768, 2048, 0, 0, 0, 1), -- Cireni
(192165, 0, 62, 62, 35, 82, 1, 1.142857193946838378, 2000, 0, 33536, 18432, 0, 0, 0, 1), -- Winnie Fingerspring
(196995, 0, 62, 62, 3285, 0, 1, 1.142857193946838378, 2000, 0, 32768, 2048, 0, 0, 0, 1), -- Talonstalker Gazi
(186326, 0, 62, 62, 3285, 0, 1, 1.142857193946838378, 2000, 0, 32832, 2048, 0, 0, 0, 1), -- Blacktalon Strategist
(186331, 0, 62, 62, 3285, 3, 1, 1.142857193946838378, 2000, 0, 32832, 2048, 0, 0, 0, 1), -- Fao the Relentless
(186752, 0, 70, 70, 35, 128, 1, 1.142857193946838378, 2000, 0, 32768, 2048, 0, 0, 0, 1), -- Firstmate Kaleson
(186429, 0, 70, 70, 3285, 549755813888, 1, 1.142857193946838378, 2000, 0, 32768, 2048, 0, 0, 0, 1), -- Steelsage Gao
(186317, 0, 62, 62, 3285, 69761, 1, 1.142857193946838378, 2000, 0, 768, 2048, 0, 0, 0, 1), -- Tong the Fixer
(186757, 0, 70, 70, 35, 1, 1, 1.142857193946838378, 2000, 0, 32768, 2048, 0, 0, 0, 1), -- Hades Prescott
(186763, 0, 62, 62, 3285, 0, 1, 1.385714292526245117, 2000, 0, 768, 2048, 0, 0, 0, 1), -- Blacktalon Pack Goat
(186430, 0, 70, 70, 3314, 4224, 1, 1.142857193946838378, 2000, 0, 33024, 2048, 0, 0, 0, 1), -- Horace "Scalding" Stern
(187189, 0, 62, 62, 3314, 1, 1, 1.142857193946838378, 2000, 0, 32768, 33556480, 1048576, 0, 0, 1), -- Blacktalon Assassin
(189461, 0, 62, 62, 3314, 0, 1, 1.142857193946838378, 2000, 0, 32768, 2048, 0, 0, 0, 1), -- Obsidian Watcher
(186764, 0, 62, 62, 3285, 0, 1, 1.385714292526245117, 2000, 0, 768, 2048, 0, 0, 0, 1), -- Blacktalon Pack Beast
(187187, 0, 62, 62, 3314, 1, 1, 1.142857193946838378, 2000, 0, 32832, 33556480, 1048576, 0, 0, 1), -- Blacktalon Avenger
(181016, 0, 62, 62, 3314, 0, 1, 1.142857193946838378, 2000, 0, 32768, 2048, 0, 0, 0, 1), -- Blacktalon Sentry
(198879, 0, 70, 70, 3324, 0, 1, 1.142857193946838378, 2000, 0, 32768, 2048, 8388608, 0, 0, 1), -- Fingerspring Security
(190519, 0, 70, 70, 35, 3, 1, 1.142857193946838378, 2000, 0, 768, 2048, 0, 0, 0, 1), -- Bronze Timekeeper
(191696, 0, 62, 62, 16, 0, 1, 1.142857193946838378, 2000, 0, 32832, 2048, 0, 0, 0, 1), -- Mature Basilisk
(198129, 0, 62, 62, 35, 0, 1, 1.142857193946838378, 2000, 0, 768, 67110912, 16777216, 0, 0, 1), -- Hope Kite
(190831, 0, 70, 70, 35, 0, 1, 1.142857193946838378, 2000, 0, 33536, 2048, 0, 0, 0, 1), -- Expedition Shire
(191020, 0, 70, 70, 35, 0, 1, 1, 2000, 0, 17152, 67110912, 0, 0, 7797, 1), -- Inconspicuous Wagon
(190970, 0, 70, 70, 35, 0, 1, 1.142857193946838378, 2000, 0, 32768, 2048, 0, 0, 0, 1), -- Wrathion
(190937, 28310, 73, 73, 3288, 1, 1, 1.142857193946838378, 2000, 0, 33280, 18432, 0, 0, 0, 1), -- Sabellian
(190936, 0, 70, 70, 35, 0, 1, 1.142857193946838378, 2000, 0, 33536, 2048, 0, 0, 0, 1), -- Expedition Shire
(191851, 0, 62, 62, 3285, 0, 1, 1.142857193946838378, 2000, 0, 64, 2048, 0, 0, 7868, 1), -- Blacktalon Shadowclaw
(198621, 0, 70, 70, 35, 0, 1, 1.142857193946838378, 2000, 0, 33555200, 73402368, 16777216, 0, 0, 1), -- Tracker Dragon Glyph
(194709, 0, 70, 70, 35, 0, 1, 1.142857193946838378, 2000, 0, 33555200, 73402368, 16777216, 0, 0, 1), -- Dragon Glyph
(186827, 0, 64, 64, 16, 0, 1.20000004768371582, 1.142857193946838378, 2000, 0, 32832, 2099200, 0, 0, 0, 1), -- Magmaton
(195128, 0, 70, 70, 35, 0, 1, 1.142857193946838378, 2000, 0, 256, 2099200, 16777216, 0, 0, 1), -- Invisible Bunny
(195001, 0, 70, 70, 35, 0, 1, 1.142857193946838378, 2000, 0, 256, 2099200, 16777216, 0, 0, 1), -- Invisible Bunny
(195009, 0, 70, 70, 35, 0, 1, 1.142857193946838378, 2000, 0, 256, 2099200, 16777216, 0, 0, 1), -- Invisible Bunny
(195127, 0, 70, 70, 35, 0, 1, 1.142857193946838378, 2000, 0, 256, 2099200, 16777216, 0, 0, 1), -- Invisible Bunny
(191600, 28336, 62, 62, 3285, 1, 1, 1.142857193946838378, 2000, 0, 33024, 2048, 0, 0, 0, 1), -- Talonstalker Kavia
(188434, 0, 62, 62, 35, 0, 1, 1.142857193946838378, 2000, 0, 33555200, 67110912, 16809984, 0, 0, 1), -- Restraints
(198737, 0, 70, 70, 35, 0, 0.400000005960464477, 0.285714298486709594, 2000, 0, 33536, 2048, 0, 0, 0, 1), -- Firewing
(198736, 0, 70, 70, 35, 0, 1, 1.142857193946838378, 2000, 0, 33536, 2048, 0, 0, 0, 1), -- Zetch
(196518, 0, 71, 71, 3315, 3, 1, 1.142857193946838378, 2000, 0, 33536, 2048, 0, 0, 0, 1), -- Voraxian
(198851, 0, 62, 62, 190, 0, 0.200000002980232238, 0.142857149243354797, 2000, 0, 33536, 16779264, 0, 0, 0, 1), -- Slugha
(198850, 0, 62, 62, 190, 0, 0.200000002980232238, 0.142857149243354797, 2000, 0, 33536, 16779264, 0, 0, 0, 1), -- Inchy
(196791, 0, 72, 72, 3315, 0, 1, 1.142857193946838378, 2000, 0, 33587200, 2099200, 0, 0, 0, 9), -- Kixandria
(196336, 0, 70, 70, 3295, 0, 1, 1.142857193946838378, 2000, 0, 32832, 2048, 0, 0, 0, 1), -- Qalashi Flameslinger
(182815, 0, 70, 70, 3295, 0, 1, 1.142857193946838378, 2000, 0, 32832, 2048, 0, 0, 0, 1), -- Summoned Lava Elemental
(189215, 0, 50, 50, 2580, 1, 1, 1.142857193946838378, 2000, 0, 33536, 2048, 0, 0, 0, 1), -- Moxie Lockspinner
(186765, 0, 62, 62, 3285, 1, 1, 1.142857193946838378, 2000, 0, 32768, 2048, 0, 0, 0, 1), -- Blacktalon Provisioner
(188380, 0, 70, 70, 3285, 4224, 1, 1.142857193946838378, 2000, 0, 33024, 2048, 0, 0, 0, 1), -- Briona Macolm
(192164, 0, 70, 70, 3285, 82, 1, 1.142857193946838378, 2000, 0, 32832, 33556480, 1048576, 0, 0, 1), -- Gringot Coldsteel
(197772, 0, 70, 70, 35, 0, 1, 1.142857193946838378, 2000, 0, 768, 2048, 0, 0, 0, 1), -- Gigi I Wynn
(189207, 0, 70, 70, 35, 131, 1, 1.142857193946838378, 2000, 0, 33536, 2048, 0, 0, 0, 1), -- Griftah
(187538, 0, 70, 70, 3285, 2, 1, 1.385714292526245117, 2000, 0, 33600, 2048, 0, 0, 0, 1), -- Champion Ugi
(187533, 0, 70, 70, 3288, 0, 2, 1.428571462631225585, 1300, 0, 32832, 2048, 0, 0, 0, 1), -- Gulchak
(188336, 0, 62, 62, 3277, 8193, 1, 1.142857193946838378, 2000, 0, 33600, 2048, 0, 0, 0, 1), -- Foehn Breezeskimmer
(192121, 0, 70, 70, 3285, 82, 1, 1.142857193946838378, 2000, 0, 32832, 33556480, 1048576, 0, 0, 1), -- Falron Greygold
(192155, 0, 70, 70, 3285, 128, 1, 1.142857193946838378, 2000, 0, 32832, 33556480, 1048576, 0, 0, 1), -- Felona Oregrab
(186324, 0, 62, 62, 3285, 0, 1, 1.142857193946838378, 2000, 0, 32832, 2048, 0, 0, 0, 1), -- Blacktalon Schemer
(195957, 0, 62, 62, 3285, 0, 1, 1.142857193946838378, 2000, 0, 32832, 2048, 0, 0, 0, 1), -- Blacktalon Strategist
(189199, 0, 70, 70, 3285, 128, 1, 1.142857193946838378, 2000, 0, 32832, 33556480, 1048576, 0, 0, 1), -- Vadrya Valte
(188415, 0, 62, 62, 3318, 0, 1, 1.142857193946838378, 2000, 0, 33600, 2048, 0, 0, 0, 1), -- Jovax the Angry
(188344, 0, 62, 62, 3285, 3, 1, 1.142857193946838378, 2000, 0, 33536, 2048, 0, 0, 0, 1), -- Chydrass
(193456, 28627, 62, 62, 3285, 3, 1, 1.142857193946838378, 2000, 0, 33536, 2048, 0, 0, 0, 1), -- Archivist Edress
(189202, 0, 70, 70, 3285, 4194433, 1, 1.142857193946838378, 2000, 0, 32832, 33556480, 1048576, 0, 0, 1), -- Uirreg Stoutbrow
(188625, 0, 70, 70, 3285, 0, 1, 1.142857193946838378, 2000, 0, 32768, 2048, 0, 0, 0, 1), -- Lorena Belle
(191711, 0, 70, 70, 3285, 1, 1, 1.142857193946838378, 2000, 0, 832, 2048, 0, 0, 0, 1), -- Right
(191710, 28337, 70, 70, 3285, 1, 1, 1.142857193946838378, 2000, 0, 832, 2048, 0, 0, 0, 1), -- Left
(188623, 0, 70, 70, 3288, 0, 1, 1.142857193946838378, 2000, 0, 32768, 2048, 0, 0, 0, 1), -- Samia Inkling
(198854, 0, 62, 62, 3288, 0, 1, 1.142857193946838378, 2000, 0, 33536, 2048, 0, 0, 0, 1), -- Obsidian Outfitter
(198630, 0, 70, 70, 35, 0, 1, 1.142857193946838378, 2000, 0, 33555200, 73402368, 16777216, 0, 0, 1), -- Tracker Dragon Glyph
(188349, 0, 70, 70, 3285, 128, 1, 1.142857193946838378, 2000, 0, 32832, 33556480, 1048576, 0, 0, 1), -- Outfitter Tipech
(194984, 0, 70, 70, 35, 0, 1, 1.142857193946838378, 2000, 0, 33555200, 73402368, 16777216, 0, 0, 1), -- Dragon Glyph
(198877, 0, 62, 62, 3286, 0, 1, 1.142857193946838378, 2000, 0, 32768, 2048, 8388608, 0, 0, 1), -- Blacktalon Sentry
(188351, 0, 30, 30, 3285, 65665, 1, 1.142857193946838378, 2000, 0, 768, 2048, 0, 0, 0, 1), -- Stabitha Sharptwist
(193464, 28628, 62, 62, 3276, 1, 1, 1.142857193946838378, 2000, 0, 33600, 2048, 0, 0, 0, 1), -- Forgemaster Bazentus
(187541, 0, 62, 62, 3277, 0, 1, 1.142857193946838378, 2000, 0, 32832, 2048, 8388608, 0, 0, 1), -- Obsidian Protector
(198864, 0, 1, 1, 190, 0, 1, 1.142857193946838378, 1500, 0, 32768, 2048, 0, 0, 0, 1), -- Observant Rat
(188443, 0, 62, 62, 3285, 0, 1, 1.142857193946838378, 2000, 0, 768, 2048, 0, 0, 0, 1), -- Zinja Ujomei
(186452, 0, 62, 62, 3314, 0, 1, 1.142857193946838378, 2000, 0, 32768, 2048, 0, 0, 0, 1), -- Blacktalon Assassin
(186451, 0, 70, 70, 3314, 0, 1, 1.142857193946838378, 2000, 0, 32832, 33556480, 1048576, 0, 0, 1), -- Blacktalon Avenger
(188440, 0, 62, 62, 16, 0, 1, 1.142857193946838378, 2000, 0, 33600, 2048, 0, 0, 0, 1), -- Djaradin Prisoner
(190118, 0, 70, 70, 35, 0, 1, 1.142857193946838378, 2000, 0, 33555200, 73402368, 16777216, 0, 0, 1.5625), -- Winds of the Isles
(198847, 0, 60, 60, 3288, 0, 1, 1.142857193946838378, 2000, 0, 512, 2048, 1, 0, 0, 1), -- Swart
(192564, 0, 72, 72, 3288, 1, 1, 1.142857193946838378, 2000, 0, 33536, 2099200, 0, 0, 0, 8), -- Myridian
(187495, 27914, 70, 70, 3285, 3, 1, 1.142857193946838378, 2000, 0, 32768, 34816, 0, 0, 0, 1), -- Wrathion
(185894, 0, 73, 73, 3288, 3, 1, 1.142857193946838378, 2000, 0, 33536, 18432, 0, 0, 0, 1), -- Sabellian
(187524, 0, 60, 60, 3288, 0, 1, 1.142857193946838378, 2000, 0, 512, 2048, 1, 0, 0, 1), -- Obsidian Bladewing
(193320, 0, 70, 70, 16, 0, 1, 1.142857193946838378, 2000, 0, 0, 2048, 524288, 0, 0, 1), -- Reformed Earth
(190910, 0, 72, 72, 3288, 1, 1, 1.142857193946838378, 2000, 0, 512, 2048, 1, 0, 0, 1), -- Evorian
(186335, 0, 62, 62, 3285, 0, 1, 1.142857193946838378, 2000, 0, 64, 2048, 0, 0, 0, 1), -- Blacktalon Scout
(190314, 0, 71, 71, 3288, 1, 1, 1, 2000, 0, 33536, 2099200, 0, 0, 0, 1), -- Broodmother Dracasia
(197981, 29942, 62, 62, 3276, 1, 1, 1, 2000, 0, 33600, 2048, 0, 0, 7779, 1), -- Zakastia
(191835, 0, 62, 62, 3288, 0, 1, 1.142857193946838378, 2000, 0, 64, 2048, 0, 0, 0, 1), -- Blacktalon Scout
(191816, 0, 62, 62, 3288, 0, 1, 1.142857193946838378, 2000, 0, 64, 2048, 0, 0, 7821, 1), -- Blacktalon Shadowclaw
(191669, 27828, 70, 70, 3285, 0, 1, 1.142857193946838378, 2000, 0, 32768, 526336, 524288, 0, 8004, 1), -- Wrathion
(187042, 0, 70, 70, 3285, 0, 1, 1.142857193946838378, 2000, 0, 32768, 2131968, 0, 0, 0, 1), -- Wrathion
(194560, 0, 62, 62, 190, 0, 1, 1.142857193946838378, 2000, 0, 33555200, 34816, 524288, 0, 0, 1), -- Earth-Warder's Forge
(189289, 0, 64, 64, 14, 0, 1, 1.142857193946838378, 2000, 0, 32832, 2099200, 0, 0, 0, 1), -- Penumbrus
(190971, 0, 72, 72, 14, 0, 2, 1.428571462631225585, 2000, 0, 832, 2048, 0, 0, 0, 1), -- Shas'ith
(190117, 0, 62, 62, 16, 0, 1, 1.142857193946838378, 2000, 0, 32832, 2048, 0, 0, 0, 1), -- Djaradin Magmathrower
(189875, 0, 62, 62, 14, 0, 1, 1.142857193946838378, 2000, 0, 32768, 2048, 0, 0, 0, 1), -- Animated Cindershards
(189826, 0, 70, 70, 14, 0, 1, 1.142857193946838378, 2000, 0, 33555200, 2048, 1, 0, 7782, 1), -- Hanging Spider Vehicle
(189825, 0, 70, 70, 14, 0, 1, 1.142857193946838378, 2000, 0, 33024, 2048, 1, 0, 0, 1), -- Ravenous Nestling
(189823, 0, 70, 70, 3295, 0, 1, 1.142857193946838378, 2000, 0, 256, 2048, 0, 0, 0, 1), -- Ravenous Nestling
(190115, 0, 62, 62, 16, 0, 1, 1.142857193946838378, 2000, 0, 32832, 2048, 0, 0, 0, 1), -- Qalashi Pillager
(190153, 0, 62, 67, 35, 0, 1, 1.142857193946838378, 2000, 0, 32768, 2048, 0, 0, 0, 1), -- Blacktalon Assassin
(190111, 0, 62, 67, 35, 0, 1, 1.142857193946838378, 2000, 0, 32768, 2048, 0, 0, 0, 1), -- Blacktalon Assassin
(190162, 0, 62, 64, 35, 0, 1, 0.857142865657806396, 2000, 0, 32768, 2048, 0, 0, 0, 1), -- Animated Vault Protector
(188135, 0, 71, 71, 3288, 0, 1, 1.142857193946838378, 2000, 0, 32768, 2099200, 0, 0, 0, 10), -- Zepharion
(186493, 0, 62, 62, 3277, 3, 1, 1.142857193946838378, 2000, 0, 33600, 2048, 0, 0, 0, 1), -- Forgemaster Bazentus
(187668, 0, 70, 70, 3277, 0, 1, 1.142857193946838378, 2000, 0, 33600, 2048, 0, 0, 0, 1), -- Scalesmith Viro
(188179, 0, 62, 62, 3277, 3, 1, 1.142857193946838378, 2000, 0, 33600, 2048, 0, 0, 0, 1), -- Stoker Volrax
(189507, 0, 62, 62, 3285, 1, 1, 1.142857193946838378, 2000, 0, 32832, 2048, 0, 0, 0, 1), -- Talonstalker Kavia
(189866, 0, 70, 70, 35, 0, 1, 1.142857193946838378, 2000, 0, 64, 2048, 0, 0, 0, 1), -- Scalecommander Emberthal
(186312, 0, 70, 70, 3285, 3, 1, 1.142857193946838378, 2000, 0, 832, 2048, 0, 0, 0, 1), -- Left
(186314, 0, 70, 70, 3285, 1, 1, 1.142857193946838378, 2000, 0, 832, 2048, 0, 0, 0, 1), -- Right
(187046, 0, 73, 73, 3288, 0, 1, 1.142857193946838378, 2000, 0, 33536, 2048, 0, 0, 0, 1), -- Sabellian
(190150, 0, 62, 62, 3285, 1, 1, 1.142857193946838378, 2000, 0, 33536, 2048, 0, 0, 0, 1), -- Archivist Edress
(188140, 0, 72, 72, 3315, 1, 1, 1.142857193946838378, 2000, 0, 33536, 2099200, 0, 0, 0, 1), -- Vazallia
(187045, 28061, 70, 70, 3285, 3, 1, 1.142857193946838378, 2000, 0, 32768, 34816, 0, 0, 0, 1), -- Wrathion
(196265, 29944, 70, 70, 3285, 3, 1, 1.142857193946838378, 2000, 0, 32768, 34816, 0, 0, 0, 1), -- Wrathion
(189811, 0, 62, 62, 3306, 0, 1, 1.142857193946838378, 2000, 0, 32832, 2048, 0, 0, 0, 1), -- Agitated Keystone
(187867, 0, 70, 70, 3295, 0, 1, 1.142857193946838378, 2000, 0, 32832, 2048, 0, 0, 0, 1), -- Qalashi Magmacrafter
(187868, 0, 70, 70, 3307, 0, 0.800000011920928955, 0.428571432828903198, 2000, 0, 32832, 2048, 0, 0, 0, 1), -- Molten Uprising
(187813, 0, 70, 70, 3295, 0, 1, 1.142857193946838378, 2000, 0, 32832, 2048, 0, 0, 0, 1), -- Qalashi Wallcrasher
(186938, 0, 62, 62, 2598, 0, 1, 1.142857193946838378, 2000, 0, 768, 4196352, 0, 0, 7749, 1), -- Wrathion
(191648, 0, 70, 70, 2633, 16777216, 1, 1.142857193946838378, 2000, 0, 32768, 2048, 0, 0, 0, 1), -- Wrathion
(186936, 0, 70, 70, 3285, 16777216, 1, 1.142857193946838378, 2000, 0, 32768, 2131968, 0, 0, 0, 1), -- Wrathion
(187785, 0, 70, 70, 2944, 0, 1, 1.142857193946838378, 2000, 0, 32768, 16779264, 0, 0, 0, 1), -- Surging Magma
(186912, 0, 70, 70, 14, 0, 1, 1.142857193946838378, 2000, 0, 32832, 2048, 0, 0, 0, 1), -- Djaradin Berserker
(186937, 0, 62, 62, 2598, 0, 1, 1.142857193946838378, 2000, 0, 768, 4196352, 0, 0, 7749, 1), -- Wrathion
(191646, 0, 70, 70, 2633, 16777216, 1, 1.142857193946838378, 2000, 0, 32768, 2048, 0, 0, 0, 1), -- Wrathion
(186935, 0, 70, 70, 3285, 16777216, 1, 1.142857193946838378, 2000, 0, 32768, 2099200, 0, 0, 0, 1), -- Wrathion
(188332, 0, 72, 72, 3315, 0, 1, 1.142857193946838378, 2000, 0, 32768, 2099200, 0, 0, 0, 9.5), -- Mythexthia
(189834, 0, 62, 62, 3295, 0, 1, 1.142857193946838378, 2000, 0, 32832, 2048, 0, 0, 0, 1), -- Qalashi Stonebinder
(189734, 0, 62, 62, 3295, 0, 1, 1.142857193946838378, 2000, 0, 32768, 2048, 524288, 0, 0, 1); -- Qalashi Boltthrower

INSERT INTO `creature_template` (`entry`, `gossip_menu_id`, `minlevel`, `maxlevel`, `faction`, `npcflag`, `speed_walk`, `speed_run`, `BaseAttackTime`, `RangeAttackTime`, `unit_flags`, `unit_flags2`, `unit_flags3`, `dynamicflags`, `VehicleId`, `HoverHeight`) VALUES
(186239, 0, 62, 62, 3295, 0, 1, 1.142857193946838378, 2000, 0, 32768, 2048, 0, 0, 0, 1), -- Qalashi Skullhauler
(181763, 0, 62, 62, 16, 0, 1, 1.142857193946838378, 2000, 0, 32768, 2048, 0, 0, 0, 1), -- Lava Phoenix
(186592, 0, 62, 62, 16, 0, 0.200000002980232238, 0.277142852544784545, 2000, 0, 32832, 2048, 0, 0, 0, 1), -- Champion Choruk
(190079, 0, 62, 62, 16, 0, 1, 1.142857193946838378, 2000, 0, 32768, 2048, 0, 0, 0, 1), -- Qalashi Boltthrower
(190116, 0, 62, 62, 3295, 0, 1, 1.142857193946838378, 2000, 0, 32768, 2048, 0, 0, 0, 1), -- Qalashi Skullhauler
(197340, 0, 62, 62, 3328, 0, 1, 1.142857193946838378, 2000, 0, 33280, 2048, 0, 0, 0, 1), -- Blacktalon Avenger
(190163, 0, 62, 62, 190, 16777216, 1, 0.857142865657806396, 2000, 0, 33536, 18432, 1048576, 0, 0, 1), -- Animated Vault Protector
(188158, 28340, 71, 71, 3315, 1, 1, 1.142857193946838378, 2000, 0, 33536, 2099200, 0, 0, 0, 10), -- Baskilan
(186934, 0, 62, 62, 2598, 0, 1, 1.142857193946838378, 2000, 0, 768, 4196352, 0, 0, 7749, 1), -- Wrathion
(189776, 0, 70, 70, 16, 0, 1, 1.142857193946838378, 2000, 0, 32768, 2048, 1, 0, 0, 1), -- Qalashi Bonebreaker
(187919, 0, 71, 71, 14, 0, 1.20000004768371582, 1.142857193946838378, 2000, 0, 32832, 2099200, 0, 0, 0, 1), -- Caldera Stomper
(188155, 0, 71, 71, 3315, 1, 1, 1.142857193946838378, 2000, 0, 33536, 2099200, 0, 0, 0, 10), -- Osoria
(197341, 0, 62, 62, 3328, 0, 1, 1.142857193946838378, 2000, 0, 33280, 2048, 0, 0, 0, 1), -- Blacktalon Avenger
(191597, 0, 62, 62, 3295, 0, 1, 1.142857193946838378, 2000, 0, 32832, 2048, 0, 0, 0, 1), -- Qalashi Crustshaper
(188143, 0, 71, 71, 3315, 0, 1, 1.142857193946838378, 2000, 0, 32768, 2099200, 0, 0, 0, 9.5), -- Myridian
(188141, 0, 72, 72, 3315, 0, 1, 1.142857193946838378, 2000, 0, 32768, 2099200, 0, 0, 0, 9), -- Malsiran
(186950, 0, 62, 62, 190, 0, 1, 1.142857193946838378, 2000, 0, 33555200, 34816, 0, 0, 0, 1), -- Arbalest
(188133, 0, 72, 72, 3288, 0, 1, 1.142857193946838378, 2000, 0, 32768, 2099200, 0, 0, 0, 8), -- Narsysix
(187530, 0, 72, 72, 3288, 0, 1, 1.142857193946838378, 2000, 0, 512, 2099200, 1, 0, 0, 9.5), -- Evorian
(186904, 0, 73, 73, 3315, 0, 1, 1.142857193946838378, 2000, 0, 32768, 4196352, 0, 0, 0, 10), -- Sabellian
(189643, 0, 62, 62, 16, 0, 1, 1.142857193946838378, 2000, 0, 537166656, 2049, 16785409, 0, 0, 1), -- Qalashi Crustshaper
(186915, 0, 62, 62, 14, 0, 1, 1.142857193946838378, 2000, 0, 32832, 2099200, 0, 0, 0, 1), -- Qalashi Gatecrasher
(186919, 0, 62, 62, 3326, 0, 1, 1.142857193946838378, 2000, 0, 32768, 2048, 0, 0, 0, 1), -- Obsidian Soldier
(189768, 0, 62, 62, 3295, 17179869184, 1, 1.142857193946838378, 2000, 0, 32832, 2099200, 32, 0, 0, 1), -- Qalashi Flamelobber
(188136, 0, 72, 72, 3315, 2, 1, 1.142857193946838378, 2000, 0, 32768, 2099200, 0, 0, 0, 9), -- Exadria
(186933, 27827, 70, 70, 3285, 3, 1, 1.142857193946838378, 2000, 0, 33280, 2131968, 0, 0, 0, 1), -- Wrathion
(182816, 0, 62, 62, 3295, 0, 1, 1.142857193946838378, 2000, 0, 32768, 2048, 0, 0, 0, 1), -- Summoned Lava Elemental
(187366, 0, 70, 70, 14, 0, 1, 1, 2000, 0, 32832, 2099200, 0, 0, 0, 1), -- Worldcarver Wurmling
(195187, 0, 62, 62, 3295, 0, 1, 1.142857193946838378, 2000, 0, 32832, 2048, 0, 0, 0, 1), -- Djaradin Flametamer
(201154, 0, 62, 62, 2944, 0, 1, 1.142857193946838378, 2000, 0, 32768, 16779264, 0, 0, 0, 1), -- Surging Magma
(186241, 0, 62, 62, 190, 0, 1, 1.142857193946838378, 2000, 0, 33555200, 6326272, 32768, 0, 0, 1), -- Generic - Empty Bunny
(183187, 0, 62, 62, 3295, 0, 1, 1.142857193946838378, 2000, 0, 32832, 2099200, 0, 0, 7638, 1), -- Dreadsquall
(186892, 0, 62, 62, 3295, 0, 1, 1.485714197158813476, 2000, 0, 32832, 2099200, 0, 0, 0, 1), -- Qalashi Necksnapper
(183186, 0, 62, 62, 3295, 0, 1, 1.142857193946838378, 2000, 0, 32832, 2048, 0, 0, 0, 1), -- Qalashi Wingrider
(186897, 0, 62, 62, 3328, 0, 1, 1.142857193946838378, 2000, 0, 32784, 2048, 0, 0, 0, 1); -- Blacktalon Avenger


UPDATE `creature_template` SET `minlevel`=62, `maxlevel`=62, `faction`=190, `BaseAttackTime`=2000, `unit_flags`=32768, `unit_flags2`=2048 WHERE `entry`=191639; -- Vibrant Butterfly
UPDATE `creature_template` SET `minlevel`=62, `maxlevel`=62, `faction`=3276, `npcflag`=1, `BaseAttackTime`=2000, `unit_flags`=33536, `unit_flags2`=2048 WHERE `entry`=193991; -- Lyrastrasz
UPDATE `creature_template` SET `minlevel`=62, `maxlevel`=62, `faction`=3276, `npcflag`=1, `BaseAttackTime`=2000, `unit_flags`=33536, `unit_flags2`=2048 WHERE `entry`=193995; -- Rathestrasz
UPDATE `creature_template` SET `minlevel`=62, `maxlevel`=62, `faction`=3276, `npcflag`=1, `BaseAttackTime`=2000, `unit_flags`=33536, `unit_flags2`=2048 WHERE `entry`=193988; -- Andustrasza
UPDATE `creature_template` SET `minlevel`=62, `maxlevel`=62, `faction`=2028, `npcflag`=3, `BaseAttackTime`=2000, `unit_flags2`=2048 WHERE `entry`=192574; -- Thomas Bright
UPDATE `creature_template` SET `minlevel`=61, `maxlevel`=62, `faction`=35, `speed_walk`=1.60000002384185791, `BaseAttackTime`=2000, `unit_flags`=32768, `unit_flags2`=2112, `VehicleId`=7745 WHERE `entry`=186771; -- Ruby Whelpling
UPDATE `creature_template` SET `minlevel`=62, `maxlevel`=62, `faction`=3276, `npcflag`=1, `BaseAttackTime`=2000, `unit_flags`=33600, `unit_flags2`=2048, `dynamicflags`=128 WHERE `entry`=189261; -- Xius
UPDATE `creature_template` SET `minlevel`=62, `maxlevel`=62, `faction`=3276, `BaseAttackTime`=2000, `unit_flags`=33554432, `unit_flags2`=100665344 WHERE `entry`=190295; -- Akxall
UPDATE `creature_template` SET `minlevel`=70, `maxlevel`=70, `faction`=3277, `BaseAttackTime`=2000, `unit_flags`=32832, `unit_flags2`=2048, `unit_flags3`=8388608 WHERE `entry`=192625; -- Ruby Groundskeeper
UPDATE `creature_template` SET `minlevel`=70, `maxlevel`=70, `faction`=35, `npcflag`=3, `BaseAttackTime`=2000, `unit_flags`=768, `unit_flags2`=2048 WHERE `entry`=190326; -- Bronze Timekeeper
UPDATE `creature_template` SET `minlevel`=62, `maxlevel`=62, `faction`=3276, `npcflag`=65539, `BaseAttackTime`=2000, `unit_flags`=33536, `unit_flags2`=2048 WHERE `entry`=191025; -- Lifecaller Tzadrak
UPDATE `creature_template` SET `minlevel`=62, `maxlevel`=62, `faction`=3276, `BaseAttackTime`=2000, `unit_flags`=33536, `unit_flags2`=2048 WHERE `entry`=197166; -- Dragonspawn Apprentice
UPDATE `creature_template` SET `minlevel`=70, `maxlevel`=70, `faction`=35, `npcflag`=8192, `BaseAttackTime`=2000, `unit_flags`=33600, `unit_flags2`=2048 WHERE `entry`=184394; -- Agorithos 0
UPDATE `creature_template` SET `minlevel`=62, `maxlevel`=62, `faction`=3276, `npcflag`=1, `BaseAttackTime`=2000, `unit_flags`=33600, `unit_flags2`=2048 WHERE `entry`=187130; -- Amella
UPDATE `creature_template` SET `minlevel`=62, `maxlevel`=62, `faction`=3276, `BaseAttackTime`=2000, `unit_flags`=33280, `unit_flags2`=2048 WHERE `entry`=196774; -- Zoristrasz
UPDATE `creature_template` SET `faction`=190, `BaseAttackTime`=2000, `unit_flags`=32768, `unit_flags2`=2048 WHERE `entry`=188280; -- Excited Vorquin
UPDATE `creature_template` SET `minlevel`=70, `maxlevel`=70, `faction`=35, `npcflag`=1, `BaseAttackTime`=2000, `unit_flags`=768, `unit_flags2`=2048 WHERE `entry`=198191; -- Bronze Timekeeper Assistant
UPDATE `creature_template` SET `minlevel`=62, `maxlevel`=62, `faction`=3276, `BaseAttackTime`=2000, `unit_flags`=33536, `unit_flags2`=2048 WHERE `entry`=186692; -- Ruby Swarmer
UPDATE `creature_template` SET `minlevel`=70, `maxlevel`=70, `faction`=35, `npcflag`=1, `BaseAttackTime`=2000, `unit_flags`=768, `unit_flags2`=2048 WHERE `entry`=190123; -- Bronze Timekeeper
UPDATE `creature_template` SET `minlevel`=62, `maxlevel`=62, `faction`=3276, `speed_run`=1, `BaseAttackTime`=2000, `unit_flags`=33536, `unit_flags2`=2048, `unit_flags3`=16777216 WHERE `entry`=193077; -- Ruby Percher
UPDATE `creature_template` SET `minlevel`=70, `maxlevel`=70, `faction`=3276, `BaseAttackTime`=2000, `unit_flags`=33536, `unit_flags2`=2048 WHERE `entry`=192284; -- Kandrostrasz
UPDATE `creature_template` SET `minlevel`=70, `maxlevel`=70, `faction`=3277, `BaseAttackTime`=2000, `unit_flags`=32832, `unit_flags2`=2048, `unit_flags3`=8388608 WHERE `entry`=187071; -- Nurse Sentry
UPDATE `creature_template` SET `minlevel`=62, `maxlevel`=62, `faction`=3276, `BaseAttackTime`=2000, `unit_flags`=32832, `unit_flags2`=2048 WHERE `entry`=195051; -- Azure Tender
UPDATE `creature_template` SET `minlevel`=62, `maxlevel`=62, `faction`=3276, `npcflag`=3, `BaseAttackTime`=2000, `unit_flags`=33600, `unit_flags2`=2048 WHERE `entry`=189260; -- Zahkrana
UPDATE `creature_template` SET `minlevel`=70, `maxlevel`=70, `faction`=3276, `npcflag`=129, `BaseAttackTime`=2000, `unit_flags`=32832, `unit_flags2`=2048, `HoverHeight`=7 WHERE `entry`=188107; -- Tionistrasz
UPDATE `creature_template` SET `minlevel`=62, `maxlevel`=62, `faction`=35, `BaseAttackTime`=2000, `unit_flags`=512, `unit_flags2`=34816, `unit_flags3`=16777216 WHERE `entry`=191179; -- Target Bunny
UPDATE `creature_template` SET `minlevel`=62, `maxlevel`=62, `faction`=3276, `npcflag`=2, `BaseAttackTime`=2000, `unit_flags`=33536, `unit_flags2`=2048 WHERE `entry`=193955; -- Lillistrasza
UPDATE `creature_template` SET `minlevel`=62, `maxlevel`=62, `faction`=3277, `BaseAttackTime`=2000, `unit_flags`=32832, `unit_flags2`=2048 WHERE `entry`=193737; -- Ruby Tender
UPDATE `creature_template` SET `minlevel`=62, `maxlevel`=62, `faction`=2028, `npcflag`=3, `BaseAttackTime`=2000, `unit_flags`=33536, `unit_flags2`=2048 WHERE `entry`=192674; -- Mahra Treebender
UPDATE `creature_template` SET `minlevel`=62, `maxlevel`=62, `faction`=3276, `npcflag`=3, `BaseAttackTime`=2000, `unit_flags`=33600, `unit_flags2`=2048 WHERE `entry`=185904; -- Mother Elion
UPDATE `creature_template` SET `minlevel`=62, `maxlevel`=62, `faction`=3276, `BaseAttackTime`=2000, `unit_flags`=32832, `unit_flags2`=2048 WHERE `entry`=195052; -- Sapphire Tender
UPDATE `creature_template` SET `minlevel`=62, `maxlevel`=62, `faction`=3276, `npcflag`=1, `BaseAttackTime`=2000, `unit_flags`=33600, `unit_flags2`=2048, `dynamicflags`=128 WHERE `entry`=189262; -- Akxall
UPDATE `creature_template` SET `minlevel`=62, `maxlevel`=62, `faction`=3277, `npcflag`=1, `BaseAttackTime`=2000, `unit_flags`=32768, `unit_flags2`=2048 WHERE `entry`=193920; -- Kahtzar
UPDATE `creature_template` SET `minlevel`=62, `maxlevel`=62, `faction`=3277, `BaseAttackTime`=2000, `unit_flags`=32832, `unit_flags2`=2048 WHERE `entry`=187073; -- Ruby Sitter
UPDATE `creature_template` SET `minlevel`=70, `maxlevel`=70, `faction`=3276, `npcflag`=129, `BaseAttackTime`=2000, `unit_flags`=32832, `unit_flags2`=34816 WHERE `entry`=189448; -- Trellain
UPDATE `creature_template` SET `minlevel`=62, `maxlevel`=62, `faction`=3276, `npcflag`=83, `BaseAttackTime`=2000, `unit_flags`=32768, `unit_flags2`=2048 WHERE `entry`=191894; -- Krillonn
UPDATE `creature_template` SET `minlevel`=70, `maxlevel`=70, `faction`=3276, `BaseAttackTime`=2000, `unit_flags`=32832, `unit_flags2`=2048 WHERE `entry`=191126; -- Ruby Shrineguard
UPDATE `creature_template` SET `minlevel`=62, `maxlevel`=62, `faction`=2028, `npcflag`=3, `BaseAttackTime`=2000, `unit_flags2`=2048 WHERE `entry`=192539; -- Miguel Bright
UPDATE `creature_template` SET `minlevel`=62, `maxlevel`=62, `faction`=3276, `npcflag`=83, `BaseAttackTime`=2000, `unit_flags`=32768, `unit_flags2`=2048 WHERE `entry`=191893; -- Zherrak
UPDATE `creature_template` SET `faction`=188, `speed_walk`=0.400000005960464477, `speed_run`=0.285714298486709594, `BaseAttackTime`=2000, `unit_flags`=32768, `unit_flags2`=2048 WHERE `entry`=188029; -- Sprightly Butterfly
UPDATE `creature_template` SET `minlevel`=70, `maxlevel`=70, `faction`=35, `BaseAttackTime`=2000, `unit_flags`=33555200, `unit_flags2`=73402368, `unit_flags3`=16777216 WHERE `entry` IN (198628, 198615, 198631); -- Tracker Dragon Glyph
UPDATE `creature_template` SET `minlevel`=62, `maxlevel`=62, `faction`=3276, `BaseAttackTime`=2000, `unit_flags`=32768, `unit_flags2`=2048 WHERE `entry`=194474; -- Zhustostrasza
UPDATE `creature_template` SET `minlevel`=62, `maxlevel`=62, `faction`=3276, `BaseAttackTime`=2000, `unit_flags`=32768, `unit_flags2`=2048 WHERE `entry`=194478; -- Clokkistrasz
UPDATE `creature_template` SET `minlevel`=70, `maxlevel`=70, `faction`=35, `BaseAttackTime`=2000, `unit_flags`=33555200, `unit_flags2`=73402368, `unit_flags3`=16777216 WHERE `entry` IN (198456, 194821, 194818); -- Dragon Glyph
UPDATE `creature_template` SET `minlevel`=62, `maxlevel`=62, `faction`=35, `BaseAttackTime`=2000, `unit_flags`=32768, `unit_flags2`=2048 WHERE `entry`=193097; -- Peaceful Duck
UPDATE `creature_template` SET `minlevel`=70, `maxlevel`=70, `faction`=3277, `BaseAttackTime`=2000, `unit_flags`=32832, `unit_flags2`=2048 WHERE `entry`=187072; -- Ruby Shrineguard
UPDATE `creature_template` SET `faction`=188, `speed_walk`=0.400000005960464477, `speed_run`=0.285714298486709594, `BaseAttackTime`=2000, `unit_flags`=32768, `unit_flags2`=2048, `unit_flags3`=16777216 WHERE `entry`=194479; -- Sprightly Butterfly
UPDATE `creature_template` SET `minlevel`=62, `maxlevel`=62, `faction`=3276, `npcflag`=4225, `BaseAttackTime`=2000, `unit_flags`=32832, `unit_flags2`=2048 WHERE `entry`=187955; -- Krendisc
UPDATE `creature_template` SET `minlevel`=62, `maxlevel`=64, `faction`=3276, `npcflag`=1, `speed_run`=1, `BaseAttackTime`=2000, `unit_flags`=33600, `unit_flags2`=2048, `VehicleId`=7779 WHERE `entry`=194099; -- Urlostrasz
UPDATE `creature_template` SET `minlevel`=62, `maxlevel`=62, `faction`=35, `speed_walk`=1.60000002384185791, `BaseAttackTime`=2000, `unit_flags2`=2048, `VehicleId`=7745 WHERE `entry`=193979; -- Ruby Whelpling
UPDATE `creature_template` SET `minlevel`=70, `maxlevel`=70, `faction`=3277, `speed_run`=1.428571462631225585, `BaseAttackTime`=2000, `unit_flags`=32832, `unit_flags2`=2048, `unit_flags3`=8388608 WHERE `entry`=187060; -- Ruby Keeper
UPDATE `creature_template` SET `minlevel`=62, `maxlevel`=62, `faction`=3276, `npcflag`=128, `BaseAttackTime`=2000, `unit_flags`=33536, `unit_flags2`=2048 WHERE `entry`=191954; -- Kskeiton
UPDATE `creature_template` SET `minlevel`=62, `maxlevel`=62, `faction`=3276, `BaseAttackTime`=2000, `unit_flags`=33280, `unit_flags2`=2048 WHERE `entry`=193983; -- Boisterous Instigator
UPDATE `creature_template` SET `minlevel`=62, `maxlevel`=62, `faction`=2028, `npcflag`=3, `BaseAttackTime`=2000, `unit_flags`=33536, `unit_flags2`=2048 WHERE `entry`=192498; -- Haephesta
UPDATE `creature_template` SET `minlevel`=62, `maxlevel`=62, `faction`=3276, `BaseAttackTime`=2000, `unit_flags`=33280, `unit_flags2`=2048 WHERE `entry`=192512; -- Boisterous Child
UPDATE `creature_template` SET `minlevel`=62, `maxlevel`=62, `faction`=2028, `BaseAttackTime`=2000, `unit_flags`=32768, `unit_flags2`=2048 WHERE `entry`=193757; -- Tzurok
UPDATE `creature_template` SET `minlevel`=70, `maxlevel`=70, `faction`=3276, `npcflag`=3, `BaseAttackTime`=2000, `unit_flags`=33600, `unit_flags2`=2048 WHERE `entry`=194076; -- Veritistrasz
UPDATE `creature_template` SET `minlevel`=62, `maxlevel`=62, `faction`=3276, `npcflag`=8193, `BaseAttackTime`=2000, `unit_flags`=32768, `unit_flags2`=2048 WHERE `entry`=192491; -- Vaknai
UPDATE `creature_template` SET `minlevel`=62, `maxlevel`=62, `faction`=3276, `npcflag`=65665, `BaseAttackTime`=2000, `unit_flags`=32832, `unit_flags2`=2048 WHERE `entry`=187389; -- Sweelin
UPDATE `creature_template` SET `minlevel`=70, `maxlevel`=70, `faction`=3277, `speed_run`=1.428571462631225585, `BaseAttackTime`=2000, `unit_flags`=32784, `unit_flags2`=2048, `unit_flags3`=8388608 WHERE `entry`=198843; -- Ruby Scaleguard
UPDATE `creature_template` SET `minlevel`=62, `maxlevel`=62, `BaseAttackTime`=1770 WHERE `entry`=58960; -- Voidlord
UPDATE `creature_template` SET `minlevel`=62, `maxlevel`=62, `faction`=35, `speed_run`=1, `BaseAttackTime`=2000, `unit_flags`=768, `unit_flags2`=2048, `unit_flags3`=16777216 WHERE `entry`=191296; -- Ripened Dragonfruit
UPDATE `creature_template` SET `minlevel`=62, `maxlevel`=62, `faction`=35, `npcflag`=16777216, `speed_run`=1, `BaseAttackTime`=2000, `unit_flags`=768, `unit_flags2`=67110912, `unit_flags3`=16777216 WHERE `entry`=191297; -- Lush Seed Pod
UPDATE `creature_template` SET `minlevel`=62, `maxlevel`=62, `faction`=35, `npcflag`=16777216, `speed_run`=1, `BaseAttackTime`=2000, `unit_flags`=768, `unit_flags2`=67110912, `unit_flags3`=16777216 WHERE `entry`=191254; -- Fragrant Dragonflower
UPDATE `creature_template` SET `minlevel`=62, `maxlevel`=62, `faction`=3276, `npcflag`=129, `BaseAttackTime`=2000, `unit_flags`=32832, `unit_flags2`=2048 WHERE `entry`=196753; -- Vakaron
UPDATE `creature_template` SET `minlevel`=62, `maxlevel`=62, `faction`=190, `BaseAttackTime`=2000, `unit_flags`=32768, `unit_flags2`=2048 WHERE `entry`=193670; -- Lively Bloom
UPDATE `creature_template` SET `faction`=188, `BaseAttackTime`=2000, `unit_flags`=32768, `unit_flags2`=2048 WHERE `entry`=189439; -- Golden Skitterbug
UPDATE `creature_template` SET `minlevel`=62, `maxlevel`=62, `faction`=3276, `BaseAttackTime`=2000, `unit_flags`=33536, `unit_flags2`=2048, `unit_flags3`=16777216 WHERE `entry`=192096; -- Ruby Dozer
UPDATE `creature_template` SET `minlevel`=62, `maxlevel`=62, `faction`=3276, `npcflag`=83, `BaseAttackTime`=2000, `unit_flags`=768, `unit_flags2`=2048 WHERE `entry`=192010; -- Szarostrasza
UPDATE `creature_template` SET `minlevel`=62, `maxlevel`=62, `faction`=3276, `BaseAttackTime`=2000, `unit_flags`=33536, `unit_flags2`=2048 WHERE `entry`=190822; -- Peledormu
UPDATE `creature_template` SET `minlevel`=62, `maxlevel`=62, `faction`=3276, `BaseAttackTime`=2000, `unit_flags`=33536, `unit_flags2`=2048 WHERE `entry`=190818; -- Midormi
UPDATE `creature_template` SET `minlevel`=62, `maxlevel`=62, `faction`=3276, `npcflag`=128, `BaseAttackTime`=2000, `unit_flags`=33280, `unit_flags2`=2048 WHERE `entry`=192026; -- Ruby Pupil
UPDATE `creature_template` SET `minlevel`=62, `maxlevel`=62, `faction`=3276, `BaseAttackTime`=2000, `unit_flags`=33280, `unit_flags2`=2048 WHERE `entry`=192021; -- Ruby Pupil
UPDATE `creature_template` SET `minlevel`=62, `maxlevel`=62, `faction`=3276, `BaseAttackTime`=2000, `unit_flags`=33536, `unit_flags2`=2048 WHERE `entry`=190820; -- Yvendormi
UPDATE `creature_template` SET `minlevel`=62, `maxlevel`=62, `faction`=3276, `BaseAttackTime`=2000, `unit_flags`=33536, `unit_flags2`=2048 WHERE `entry`=190536; -- Veladormi
UPDATE `creature_template` SET `minlevel`=62, `maxlevel`=62, `faction`=3276, `npcflag`=3, `BaseAttackTime`=2000, `unit_flags`=33024, `unit_flags2`=2048 WHERE `entry`=194805; -- Bathoras
UPDATE `creature_template` SET `minlevel`=70, `maxlevel`=70, `faction`=3277, `speed_run`=1.428571462631225585, `BaseAttackTime`=2000, `unit_flags`=32768, `unit_flags2`=2048, `unit_flags3`=8388608 WHERE `entry`=187058; -- Ruby Scaleguard
UPDATE `creature_template` SET `minlevel`=62, `maxlevel`=62, `faction`=14, `BaseAttackTime`=2000, `unit_flags`=32768, `unit_flags2`=2048 WHERE `entry`=196495; -- Over-Pollinated Lasher
UPDATE `creature_template` SET `minlevel`=62, `maxlevel`=62, `faction`=16, `BaseAttackTime`=2000, `unit_flags`=32832, `unit_flags2`=2048 WHERE `entry`=191659; -- Prime Salamanther
UPDATE `creature_template` SET `minlevel`=62, `maxlevel`=62, `faction`=3276, `speed_run`=1, `BaseAttackTime`=2000, `unit_flags`=33536, `unit_flags2`=2099200 WHERE `entry`=195125; -- Ruby Skyguard
UPDATE `creature_template` SET `minlevel`=62, `maxlevel`=62, `faction`=3276, `BaseAttackTime`=2000, `unit_flags`=33536, `unit_flags2`=2048 WHERE `entry`=190548; -- Lifetending Gardener
UPDATE `creature_template` SET `gossip_menu_id`=28163, `minlevel`=62, `maxlevel`=62, `faction`=3276, `npcflag`=3, `BaseAttackTime`=2000, `unit_flags`=33536, `unit_flags2`=2048 WHERE `entry`=190525; -- Vaeros
UPDATE `creature_template` SET `minlevel`=62, `maxlevel`=62, `faction`=35, `BaseAttackTime`=2000, `unit_flags`=33555200, `unit_flags2`=2048, `unit_flags3`=16777216 WHERE `entry`=190852; -- Soil Bunny [DNT]
UPDATE `creature_template` SET `minlevel`=62, `maxlevel`=62, `faction`=3276, `npcflag`=3, `BaseAttackTime`=2000, `unit_flags`=33536, `unit_flags2`=2048 WHERE `entry`=191881; -- Lasztak
UPDATE `creature_template` SET `minlevel`=62, `maxlevel`=62, `faction`=3276, `BaseAttackTime`=2000, `unit_flags`=33536, `unit_flags2`=2048 WHERE `entry`=190915; -- Bronze Whelpling
UPDATE `creature_template` SET `minlevel`=62, `maxlevel`=62, `faction`=3276, `BaseAttackTime`=2000, `unit_flags`=33536, `unit_flags2`=2048 WHERE `entry`=190914; -- Emerald Whelpling
UPDATE `creature_template` SET `minlevel`=62, `maxlevel`=62, `faction`=3276, `BaseAttackTime`=2000, `unit_flags`=33536, `unit_flags2`=2048 WHERE `entry`=190547; -- Lifewarding Gardener
UPDATE `creature_template` SET `minlevel`=62, `maxlevel`=62, `faction`=3276, `BaseAttackTime`=2000, `unit_flags`=33536, `unit_flags2`=2048 WHERE `entry`=190912; -- Ruby Whelpling
UPDATE `creature_template` SET `minlevel`=62, `maxlevel`=62, `faction`=3276, `npcflag`=1, `speed_run`=1, `BaseAttackTime`=2000, `unit_flags`=33600, `unit_flags2`=2048, `VehicleId`=7779 WHERE `entry`=187292; -- Holthkastrasz
UPDATE `creature_template` SET `minlevel`=62, `maxlevel`=62, `faction`=190, `BaseAttackTime`=2000, `unit_flags2`=2048 WHERE `entry`=190543; -- Bothersome Bee
UPDATE `creature_template` SET `minlevel`=62, `maxlevel`=62, `faction`=3276, `BaseAttackTime`=2000, `unit_flags`=32768, `unit_flags2`=2048 WHERE `entry`=190918; -- Emerald Whelpwatcher
UPDATE `creature_template` SET `minlevel`=62, `maxlevel`=62, `faction`=3277, `BaseAttackTime`=2000, `unit_flags`=32832, `unit_flags2`=2048 WHERE `entry`=190916; -- Ruby Warden
UPDATE `creature_template` SET `minlevel`=62, `maxlevel`=62, `faction`=35, `BaseAttackTime`=2000, `unit_flags`=32832, `unit_flags2`=33556480 WHERE `entry`=187110; -- Ancient of Shelter
UPDATE `creature_template` SET `faction`=188, `BaseAttackTime`=2000, `unit_flags`=32768, `unit_flags2`=2048 WHERE `entry`=193441; -- Ruby Duckling
UPDATE `creature_template` SET `minlevel`=62, `maxlevel`=62, `faction`=3276, `BaseAttackTime`=2000, `unit_flags`=32768, `unit_flags2`=2048 WHERE `entry`=190917; -- Ruby Whelpwatcher
UPDATE `creature_template` SET `minlevel`=62, `maxlevel`=62, `faction`=3276, `BaseAttackTime`=2000, `unit_flags`=32768, `unit_flags2`=2048 WHERE `entry`=191031; -- Ruby Tender
UPDATE `creature_template` SET `minlevel`=62, `maxlevel`=62, `faction`=2136, `BaseAttackTime`=2000, `unit_flags`=32768, `unit_flags2`=2048 WHERE `entry`=193436; -- Ruby Mallard
UPDATE `creature_template` SET `minlevel`=62, `maxlevel`=62, `faction`=16, `BaseAttackTime`=2000, `unit_flags`=32768, `unit_flags2`=2048 WHERE `entry`=191653; -- Coastal Salamanther
UPDATE `creature_template` SET `minlevel`=62, `maxlevel`=62, `faction`=190, `BaseAttackTime`=2000, `unit_flags`=32768, `unit_flags2`=2048 WHERE `entry`=193753; -- Elegant Foal
UPDATE `creature_template` SET `minlevel`=62, `maxlevel`=62, `faction`=190, `BaseAttackTime`=2000, `unit_flags`=32768, `unit_flags2`=2048 WHERE `entry`=193752; -- Elegant Vorquin
UPDATE `creature_template` SET `minlevel`=62, `maxlevel`=62, `faction`=2136, `BaseAttackTime`=2000, `unit_flags`=32768, `unit_flags2`=2048 WHERE `entry`=193729; -- Jubilant Cricket
UPDATE `creature_template` SET `minlevel`=62, `maxlevel`=62, `faction`=190, `BaseAttackTime`=2000, `unit_flags`=32768, `unit_flags2`=2048 WHERE `entry`=193609; -- Ruby Peafowl
UPDATE `creature_template` SET `faction`=188, `speed_walk`=0.400000005960464477, `speed_run`=0.285714298486709594, `BaseAttackTime`=2000, `unit_flags`=33280, `unit_flags2`=2048 WHERE `entry`=192049; -- Swoglet
UPDATE `creature_template` SET `minlevel`=62, `maxlevel`=62, `faction`=3276, `speed_run`=1, `BaseAttackTime`=2000, `unit_flags`=33536, `unit_flags2`=4196352 WHERE `entry`=195120; -- Ruby Skyguard
UPDATE `creature_template` SET `minlevel`=62, `maxlevel`=62, `faction`=190, `BaseAttackTime`=2000, `unit_flags`=32768, `unit_flags2`=2048 WHERE `entry`=192168; -- Docile Slyvern
UPDATE `creature_template` SET `minlevel`=62, `maxlevel`=62, `faction`=190, `BaseAttackTime`=2000, `unit_flags`=32768, `unit_flags2`=2048 WHERE `entry`=192186; -- Territorial Axebeak
UPDATE `creature_template` SET `minlevel`=62, `maxlevel`=62, `faction`=16, `speed_run`=1, `BaseAttackTime`=2000, `unit_flags`=32832, `unit_flags2`=2099200 WHERE `entry`=196109; -- Elder Proto-Dragon
UPDATE `creature_template` SET `minlevel`=70, `maxlevel`=70, `BaseAttackTime`=1887 WHERE `entry`=58965; -- Wrathguard
UPDATE `creature_template` SET `minlevel`=67, `maxlevel`=67 WHERE `entry`=43499; -- Consecration
UPDATE `creature_template` SET `minlevel`=63, `maxlevel`=64, `BaseAttackTime`=1749 WHERE `entry`=1860; -- Voidwalker
UPDATE `creature_template` SET `minlevel`=64, `maxlevel`=64 WHERE `entry`=58542; -- Past Self
UPDATE `creature_template` SET `minlevel`=64, `maxlevel`=64, `BaseAttackTime`=1868 WHERE `entry`=31216; -- Mirror Image
UPDATE `creature_template` SET `minlevel`=63, `maxlevel`=63, `BaseAttackTime`=1717 WHERE `entry`=89; -- Infernal
UPDATE `creature_template` SET `minlevel`=63, `maxlevel`=63, `BaseAttackTime`=1717 WHERE `entry`=416; -- Imp
UPDATE `creature_template` SET `minlevel`=62, `maxlevel`=62, `BaseAttackTime`=1629 WHERE `entry`=24207; -- Army of the Dead
UPDATE `creature_template` SET `maxlevel`=65, `BaseAttackTime`=1850 WHERE `entry`=165189; -- Generic Hunter Pet
UPDATE `creature_template` SET `minlevel`=70, `maxlevel`=70 WHERE `entry`=156558; -- Generic - Empty Bunny
UPDATE `creature_template` SET `minlevel`=62, `maxlevel`=64, `BaseAttackTime`=1852 WHERE `entry`=26125; -- Risen Ghoul
UPDATE `creature_template` SET `faction`=188, `BaseAttackTime`=2000, `unit_flags`=32768, `unit_flags2`=16779264 WHERE `entry`=192134; -- Lava Snail

DELETE FROM `vehicle_template_accessory` WHERE (`entry`=192926 AND `seat_id`=0) OR (`entry`=190935 AND `seat_id` IN (1,0,5,4)) OR (`entry`=191020 AND `seat_id` IN (1,0,3,2)) OR (`entry`=189826 AND `seat_id`=0) OR (`entry`=183187 AND `seat_id`=0) OR (`entry`=191816 AND `seat_id`=0);
INSERT INTO `vehicle_template_accessory` (`entry`, `accessory_entry`, `seat_id`, `minion`, `description`, `summontype`, `summontimer`) VALUES
(192926, 195367, 0, 0, 'Trainer Frodrum - Roki', 5, 0), -- Trainer Frodrum - Roki
(190935, 191737, 1, 0, 'Inconspicuous Wagon - Wrathion', 5, 0), -- Inconspicuous Wagon - Wrathion
(190935, 191640, 0, 0, 'Inconspicuous Wagon - Sabellian', 5, 0), -- Inconspicuous Wagon - Sabellian
(190935, 190936, 5, 0, 'Inconspicuous Wagon - Expedition Shire', 5, 0), -- Inconspicuous Wagon - Expedition Shire
(190935, 190831, 4, 0, 'Inconspicuous Wagon - Expedition Shire', 5, 0), -- Inconspicuous Wagon - Expedition Shire
(191020, 190970, 1, 0, 'Inconspicuous Wagon - Wrathion', 5, 0), -- Inconspicuous Wagon - Wrathion
(191020, 190937, 0, 0, 'Inconspicuous Wagon - Sabellian', 5, 0), -- Inconspicuous Wagon - Sabellian
(191020, 190936, 3, 0, 'Inconspicuous Wagon - Expedition Shire', 5, 0), -- Inconspicuous Wagon - Expedition Shire
(191020, 190831, 2, 0, 'Inconspicuous Wagon - Expedition Shire', 5, 0), -- Inconspicuous Wagon - Expedition Shire
(189826, 189825, 0, 0, 'Hanging Spider Vehicle - Ravenous Nestling', 5, 0), -- Hanging Spider Vehicle - Ravenous Nestling
(183187, 183186, 0, 0, 'Dreadsquall - Qalashi Wingrider', 5, 0), -- Dreadsquall - Qalashi Wingrider
(191816, 191835, 0, 0, 'Blacktalon Shadowclaw - Blacktalon Scout', 5, 0); -- Blacktalon Shadowclaw - Blacktalon Scout


DELETE FROM `quest_template` WHERE `ID` IN (65802 /*-Unknown-*/, 65801 /*-Unknown-*/, 70174 /*-Unknown-*/, 65783 /*-Unknown-*/, 65780 /*-Unknown-*/, 65779 /*-Unknown-*/, 65795 /*-Unknown-*/, 65794 /*-Unknown-*/, 65791 /*-Unknown-*/, 66788 /*-Unknown-*/, 66785 /*-Unknown-*/, 66735 /*-Unknown-*/, 66734 /*-Unknown-*/, 70839 /*-Unknown-*/, 65793 /*-Unknown-*/, 66779 /*-Unknown-*/, 66780 /*-Unknown-*/, 66057 /*-Unknown-*/, 66354 /*-Unknown-*/, 66056 /*-Unknown-*/, 66055 /*-Unknown-*/, 66049 /*-Unknown-*/, 66044 /*-Unknown-*/, 70196 /*-Unknown-*/, 67100 /*-Unknown-*/, 66963 /*-Unknown-*/, 66119 /*-Unknown-*/, 65939 /*-Unknown-*/);
INSERT INTO `quest_template` (`ID`, `QuestType`, `QuestPackageID`, `ContentTuningID`, `QuestSortID`, `QuestInfoID`, `SuggestedGroupNum`, `RewardNextQuest`, `RewardXPDifficulty`, `RewardXPMultiplier`, `RewardMoneyDifficulty`, `RewardMoneyMultiplier`, `RewardBonusMoney`, `RewardSpell`, `RewardHonor`, `RewardKillHonor`, `StartItem`, `RewardArtifactXPDifficulty`, `RewardArtifactXPMultiplier`, `RewardArtifactCategoryID`, `Flags`, `FlagsEx`, `FlagsEx2`, `RewardSkillLineID`, `RewardNumSkillUps`, `PortraitGiver`, `PortraitGiverMount`, `PortraitGiverModelSceneID`, `PortraitTurnIn`, `RewardItem1`, `RewardItem2`, `RewardItem3`, `RewardItem4`, `RewardAmount1`, `RewardAmount2`, `RewardAmount3`, `RewardAmount4`, `ItemDrop1`, `ItemDrop2`, `ItemDrop3`, `ItemDrop4`, `ItemDropQuantity1`, `ItemDropQuantity2`, `ItemDropQuantity3`, `ItemDropQuantity4`, `RewardChoiceItemID1`, `RewardChoiceItemID2`, `RewardChoiceItemID3`, `RewardChoiceItemID4`, `RewardChoiceItemID5`, `RewardChoiceItemID6`, `RewardChoiceItemQuantity1`, `RewardChoiceItemQuantity2`, `RewardChoiceItemQuantity3`, `RewardChoiceItemQuantity4`, `RewardChoiceItemQuantity5`, `RewardChoiceItemQuantity6`, `RewardChoiceItemDisplayID1`, `RewardChoiceItemDisplayID2`, `RewardChoiceItemDisplayID3`, `RewardChoiceItemDisplayID4`, `RewardChoiceItemDisplayID5`, `RewardChoiceItemDisplayID6`, `POIContinent`, `POIx`, `POIy`, `POIPriority`, `RewardTitle`, `RewardArenaPoints`, `RewardFactionID1`, `RewardFactionID2`, `RewardFactionID3`, `RewardFactionID4`, `RewardFactionID5`, `RewardFactionValue1`, `RewardFactionValue2`, `RewardFactionValue3`, `RewardFactionValue4`, `RewardFactionValue5`, `RewardFactionCapIn1`, `RewardFactionCapIn2`, `RewardFactionCapIn3`, `RewardFactionCapIn4`, `RewardFactionCapIn5`, `RewardFactionOverride1`, `RewardFactionOverride2`, `RewardFactionOverride3`, `RewardFactionOverride4`, `RewardFactionOverride5`, `RewardFactionFlags`, `AreaGroupID`, `TimeAllowed`, `AllowableRaces`, `TreasurePickerID`, `Expansion`, `ManagedWorldStateID`, `QuestSessionBonus`, `LogTitle`, `LogDescription`, `QuestDescription`, `AreaDescription`, `QuestCompletionLog`, `RewardCurrencyID1`, `RewardCurrencyID2`, `RewardCurrencyID3`, `RewardCurrencyID4`, `RewardCurrencyQty1`, `RewardCurrencyQty2`, `RewardCurrencyQty3`, `RewardCurrencyQty4`, `PortraitGiverText`, `PortraitGiverName`, `PortraitTurnInText`, `PortraitTurnInName`, `AcceptedSoundKitID`, `CompleteSoundKitID`, `VerifiedBuild`) VALUES
(65802, 2, 0, 2152, 13645, 0, 0, 0, 5, 1, 5, 1, 7400, 0, 0, 0, 0, 0, 1, 0, 38797320, 0, 0, 0, 0, 0, 0, 0, 0, 0, 0, 0, 0, 0, 0, 0, 0, 191048, 191054, 192810, 192811, 1, 1, 1, 1, 0, 0, 0, 0, 0, 0, 0, 0, 0, 0, 0, 0, 0, 0, 0, 0, 0, 0, 0, 0, 0, 0, 0, 0, 2503, 0, 0, 0, 0, 0, 0, 0, 0, 0, 7, 7, 7, 7, 7, 20000, 0, 0, 0, 0, 0, 0, 0, 18446744073709551615, 2129, 9, 0, 0, 'Supplies for the Journey', 'Collect $1oa Camp Provisions from around Timberstep Outpost and $2oa Feralbloom Pods from the nearby woods.', '<As Sansok Khan signs, Okir vocalizes for her.>\n\nWhile you travel with us, you must pull your weight. Unruly gorlocs have been raiding our medical supplies recently, and we must restock. Gather the orange blooms around the outpost so we can create more poultices.\n\nThere are supplies around the outpost that need to be brought to the caravan as well. I would like you to gather them while you are out.\n\nOnce you have everything, bring it to Tomul.', '', 'Report to Scout Tomul.', 0, 0, 0, 0, 0, 0, 0, 0, '', '', '', '', 890, 878, 46879), -- -Unknown-
(65801, 2, 0, 2152, 13645, 0, 0, 0, 5, 1, 5, 1, 7400, 0, 0, 0, 0, 0, 1, 0, 38797320, 0, 0, 0, 0, 0, 0, 0, 0, 0, 0, 0, 0, 0, 0, 0, 0, 0, 0, 0, 0, 0, 0, 0, 0, 0, 0, 0, 0, 0, 0, 0, 0, 0, 0, 0, 0, 0, 0, 0, 0, 0, 0, 0, 0, 0, 0, 0, 0, 2503, 0, 0, 0, 0, 0, 0, 0, 0, 0, 7, 7, 7, 7, 7, 20000, 0, 0, 0, 0, 0, 0, 0, 18446744073709551615, 0, 9, 0, 0, 'Making Introductions', 'Introduce yourself to members of Clan Shikaar.', '<As Sansok Khan signs, Okir vocalizes for her.>\n\nIt has been countless generations since an outsider like you reached our lands. With Primalists treading on our lands and peddling forbidden magics, my people are understandably wary.\n\nIf you are to travel with us, you must make yourself known. Introduce yourself to the members of my clan.', '', 'Report to Scout Tomul.', 0, 0, 0, 0, 0, 0, 0, 0, '', '', '', '', 890, 878, 46879), -- -Unknown-
(70174, 2, 0, 2152, 13645, 0, 0, 0, 3, 1, 3, 1, 3700, 0, 0, 0, 0, 0, 1, 0, 38797320, 0, 0, 0, 0, 0, 0, 0, 0, 0, 0, 0, 0, 0, 0, 0, 0, 0, 0, 0, 0, 0, 0, 0, 0, 0, 0, 0, 0, 0, 0, 0, 0, 0, 0, 0, 0, 0, 0, 0, 0, 0, 0, 0, 0, 0, 0, 0, 0, 2503, 0, 0, 0, 0, 0, 0, 0, 0, 0, 7, 7, 7, 7, 7, 10000, 0, 0, 0, 0, 0, 0, 0, 18446744073709551615, 0, 9, 0, 0, 'The Shikaar', 'Meet Sansok Khan.', 'Sansok Khan is the most skilled hunter in our clan. Though she cannot hear, she proved her capabilities time and time again as both a hunter and a leader.\n\nShe is a mentor to us all, a trusted leader, and a fierce defender of the Maruuk.\n\nIt is an honor for you to speak with her.', '', '', 0, 0, 0, 0, 0, 0, 0, 0, '', '', '', '', 890, 878, 46879), -- -Unknown-
(65783, 2, 0, 2152, 13645, 0, 0, 70174, 1, 1, 1, 1, 925, 0, 0, 0, 0, 0, 1, 0, 37748744, 6, 0, 0, 0, 0, 0, 0, 0, 0, 0, 0, 0, 0, 0, 0, 0, 0, 0, 0, 0, 0, 0, 0, 0, 0, 0, 0, 0, 0, 0, 0, 0, 0, 0, 0, 0, 0, 0, 0, 0, 0, 0, 0, 0, 0, 0, 0, 0, 2503, 0, 0, 0, 0, 0, 0, 0, 0, 0, 7, 7, 7, 7, 7, 0, 0, 0, 0, 0, 0, 0, 0, 18446744073709551615, 0, 9, 0, 0, 'Welcome at Our Fire', 'Meet with Scout Tomul at Timberstep Outpost.', 'You have fought alongside our hunters and earned a place at our fire.\n\nOur khan is at our hunting post in the swamp, readying our upcoming caravan. I will notify her of your arrival and purpose.\n\nSurely you can find your way on your own.', '', 'Meet with Scout Tomul at Timberstep Outpost.', 0, 0, 0, 0, 0, 0, 0, 0, '', '', '', '', 890, 878, 46879), -- -Unknown-
(65780, 2, 0, 2152, 13645, 0, 0, 65783, 6, 1, 6, 1, 9250, 0, 0, 0, 0, 0, 1, 0, 37748744, 0, 0, 0, 0, 106024, 0, 0, 0, 0, 0, 0, 0, 0, 0, 0, 0, 0, 0, 0, 0, 0, 0, 0, 0, 0, 0, 0, 0, 0, 0, 0, 0, 0, 0, 0, 0, 0, 0, 0, 0, 0, 0, 0, 0, 0, 0, 0, 0, 2503, 0, 0, 0, 0, 0, 0, 0, 0, 0, 7, 7, 7, 7, 7, 30000, 0, 0, 0, 0, 0, 0, 0, 18446744073709551615, 2118, 9, 0, 0, 'Proving Oneself', 'Slay the Blazing Proto-Dragon.', 'A gift from dragons may impress some centaur, but Clan Shikaar must see how well you hunt.\n\nOne of our hunting parties just brought down a proto-dragon infused with the power of flame. Prove your worth by aiding in the kill.', '', '', 0, 0, 0, 0, 0, 0, 0, 0, 'When a young centaur comes of age, they\'re often expected to take part in their first proto-drake hunt.', 'Blazing Proto-Dragon', '', '', 890, 878, 46879), -- -Unknown-
(65779, 2, 0, 2152, 13645, 0, 0, 65780, 1, 1, 1, 1, 925, 0, 0, 0, 192469, 0, 1, 0, 37748744, 0, 0, 0, 0, 0, 0, 0, 0, 0, 0, 0, 0, 0, 0, 0, 0, 0, 0, 0, 0, 0, 0, 0, 0, 0, 0, 0, 0, 0, 0, 0, 0, 0, 0, 0, 0, 0, 0, 0, 0, 0, 0, 0, 0, 0, 0, 0, 0, 2503, 0, 0, 0, 0, 0, 0, 0, 0, 0, 7, 7, 7, 7, 7, 0, 0, 0, 0, 0, 0, 0, 0, 18446744073709551615, 0, 9, 0, 0, 'Into the Plains', 'Meet the Shikaar scout in the Ohn\'ahran Plains.', 'The green dragonflight has returned to their gardens in the nearby plains. Queen Alexstrasza wishes for you to make contact with Merithra of the Dream.\n\nThe centaur of those plains are fierce hunters. To reach the Emerald Gardens, you will need to establish diplomacy with them first.\n\nBe respectful, but show no weakness.', '', 'Meet the Shikaar scout in the Ohn\'ahran Plains.', 0, 0, 0, 0, 0, 0, 0, 0, '', '', '', '', 890, 878, 46879), -- -Unknown-
(65795, 2, 0, 2151, 13644, 0, 0, 0, 3, 1, 3, 1, 3650, 0, 0, 0, 0, 0, 1, 0, 4194312, 0, 0, 0, 0, 0, 0, 0, 0, 0, 0, 0, 0, 0, 0, 0, 0, 0, 0, 0, 0, 0, 0, 0, 0, 0, 0, 0, 0, 0, 0, 0, 0, 0, 0, 0, 0, 0, 0, 0, 0, 0, 0, 0, 0, 0, 0, 0, 0, 2510, 0, 0, 0, 0, 0, 0, 0, 0, 0, 7, 7, 7, 7, 7, 5000, 0, 0, 0, 0, 0, 0, 0, 18446744073709551615, 0, 9, 0, 0, 'Next Steppes', 'Meet Ambassador Taurasza in the Rubyscale Outpost.', 'The green dragonflight requires your aid now, hero. My sister\'s daughter and her flight have entered the Emerald Dream in an attempt to empower their own oathstone, but we have heard nothing since their slumber began.\n\nSeek out the centaur that rule over the Ohn\'ahran Plains. You may well need their connection to the land and its spirits if you are to rouse the greens.\n\nThey are a proud and territorial people who do not suffer insult lightly. Speak with our ambassador and he will prepare you.', '', 'Meet Ambassador Taurasza in the Rubyscale Outpost.', 0, 0, 0, 0, 0, 0, 0, 0, '', '', '', '', 890, 878, 46879), -- -Unknown-
(65794, 2, 0, 2296, 13644, 0, 0, 0, 5, 1, 5, 1, 7300, 0, 0, 0, 0, 0, 1, 0, 541065224, 0, 0, 0, 0, 0, 0, 0, 0, 0, 0, 0, 0, 0, 0, 0, 0, 0, 0, 0, 0, 0, 0, 0, 0, 0, 0, 0, 0, 0, 0, 0, 0, 0, 0, 0, 0, 0, 0, 0, 0, 0, 0, 0, 0, 0, 0, 0, 0, 2510, 0, 0, 0, 0, 0, 0, 0, 0, 0, 7, 7, 7, 7, 7, 15000, 0, 0, 0, 0, 0, 0, 0, 18446744073709551615, 2087, 9, 0, 0, 'A Charge of Care', 'Witness the Black Dragon Eggs rejoin the Life Pools.', 'You have my thanks, $c, and my condolences for having to deal with those two for as long as you did.\n\nThe red dragonflight is charged with the preservation and nurturing of all dragons, even those we may tire of at times.\n\nWith the return of the Black Dragonflight\'s eggs, dragonkind is united as it has not been in thousands of years. I believe this is what will restore our ruby oathstone.\n\nSpeak with me when you are ready to bring the eggs to the Obsidian Lifepool.', '', '', 0, 0, 0, 0, 0, 0, 0, 0, '', '', '', '', 890, 878, 46879), -- -Unknown-
(65791, 2, 0, 2151, 13644, 0, 0, 0, 3, 1, 3, 1, 3650, 0, 0, 0, 0, 0, 1, 0, 4194312, 0, 0, 0, 0, 0, 0, 0, 0, 0, 0, 0, 0, 0, 0, 0, 0, 0, 0, 0, 0, 0, 0, 0, 0, 0, 0, 0, 0, 0, 0, 0, 0, 0, 0, 0, 0, 0, 0, 0, 0, 0, 0, 0, 0, 0, 0, 0, 0, 2510, 0, 0, 0, 0, 0, 0, 0, 0, 0, 7, 7, 7, 7, 7, 5000, 0, 0, 0, 0, 0, 0, 0, 18446744073709551615, 2075, 9, 0, 0, 'Life-Binder on Duty', 'Meet Alexstrasza by the Ruby Oathstone.', 'Soon the Life Pools will be full once again.\n\nThank you for your part in this, $n, it means more than I can ever hope to express.\n\nGo, find the Life-Binder by the oathstone. Tell her that we are ready for the eggs.', '', 'Meet Alexstrasza by the Ruby Oathstone.', 0, 0, 0, 0, 0, 0, 0, 0, '', '', '', '', 890, 878, 46879), -- -Unknown-
(66788, 2, 0, 2296, 13644, 0, 0, 0, 5, 1, 5, 1, 7300, 0, 0, 0, 0, 0, 1, 0, 8, 0, 0, 0, 0, 0, 0, 0, 0, 0, 0, 0, 0, 0, 0, 0, 0, 0, 0, 0, 0, 0, 0, 0, 0, 0, 0, 0, 0, 0, 0, 0, 0, 0, 0, 0, 0, 0, 0, 0, 0, 0, 0, 0, 0, 0, 0, 0, 0, 2510, 0, 0, 0, 0, 0, 0, 0, 0, 0, 7, 7, 7, 7, 7, 10000, 0, 0, 0, 0, 0, 0, 0, 18446744073709551615, 0, 9, 0, 0, 'Egg-cited for the Future', 'Help Mother Elion restore the area.', 'I can scarcely believe it! Eggs of the Black Dragonflight! After all this time!\n\nBut look at the state of this place! It will not do at all! Nothing is too good for these eggs.\n\nThough with those two blowhards squabbling like children for the Life-Binder\'s favor, you can bet they have not spared a thought for us! You, though, will not leave an old egg tender all alone, will you?', '', '', 0, 0, 0, 0, 0, 0, 0, 0, '', '', '', '', 890, 878, 46879), -- -Unknown-
(66785, 2, 0, 2151, 13644, 0, 0, 0, 5, 1, 5, 1, 7300, 0, 0, 0, 0, 0, 1, 0, 5242888, 0, 0, 0, 0, 0, 0, 0, 0, 0, 0, 0, 0, 0, 0, 0, 0, 0, 0, 0, 0, 0, 0, 0, 0, 0, 0, 0, 0, 0, 0, 0, 0, 0, 0, 0, 0, 0, 0, 0, 0, 0, 0, 0, 0, 0, 0, 0, 0, 2510, 0, 0, 0, 0, 0, 0, 0, 0, 0, 7, 7, 7, 7, 7, 10000, 0, 0, 0, 0, 0, 0, 0, 18446744073709551615, 0, 9, 0, 0, 'The Last Eggtender', 'Speak with Mother Elion.', 'I understand your concern, $c, but all will be rectified shortly as it seems that we are about to have company. \n\nFeel free to stay and witness what transpires. It should be quite cathartic.\n\nDo speak with our egg tender when you have a moment, though. She will no doubt need the support.', '', 'Speak with Mother Elion', 0, 0, 0, 0, 0, 0, 0, 0, '', '', '', '', 890, 878, 46879), -- -Unknown-
(66735, 2, 0, 2295, 13644, 0, 0, 0, 5, 0.800000011920928955, 5, 1, 5850, 0, 0, 0, 0, 0, 1, 0, 33554440, 0, 0, 0, 0, 0, 0, 0, 0, 0, 0, 0, 0, 0, 0, 0, 0, 0, 0, 0, 0, 0, 0, 0, 0, 0, 0, 0, 0, 0, 0, 0, 0, 0, 0, 0, 0, 0, 0, 0, 0, 0, 0, 0, 0, 0, 0, 0, 0, 2510, 0, 0, 0, 0, 0, 0, 0, 0, 0, 7, 7, 7, 7, 7, 10000, 0, 0, 0, 0, 0, 0, 0, 18446744073709551615, 0, 9, 0, 0, 'Just a Trim', 'Prune $1oa Overgrown Shrubs.', 'The bees scaring the whelps is not the only problem. While pollination is usually a good thing, the recent swarm has caused the flora to grow out of control.\n\nWould you mind taking my gardening shears and cutting back the shrubs? Some have already begun to sprout dangerous lashers, but I hope we can stop more from doing so. An ounce of prevention is worth a pound of cure, after all.\n\nAnd I could... very much use some prevention right now, $n.', '', '', 0, 0, 0, 0, 0, 0, 0, 0, '', '', '', '', 890, 878, 46879), -- -Unknown-
(66734, 2, 0, 2295, 13644, 0, 0, 0, 5, 0.800000011920928955, 5, 1, 5850, 0, 0, 0, 193064, 0, 1, 0, 33685512, 0, 0, 0, 0, 0, 0, 0, 0, 0, 0, 0, 0, 0, 0, 0, 0, 193064, 0, 0, 0, 1, 0, 0, 0, 0, 0, 0, 0, 0, 0, 0, 0, 0, 0, 0, 0, 0, 0, 0, 0, 0, 0, 0, 0, 0, 0, 0, 0, 2510, 0, 0, 0, 0, 0, 0, 0, 0, 0, 7, 7, 7, 7, 7, 10000, 0, 0, 0, 0, 0, 0, 0, 18446744073709551615, 2093, 9, 0, 0, 'Leave Bee Alone', 'Use the Smoke Diffuser to calm and gather $2oa Bothersome Bees, then release them near the lake.', 'Oh, thank the Life-Binder! Someone with empty hands!\n\nThese gardens are normally a lovely playground for our whelps, but the bees have multiplied uncontrollably. The blooms returned with vigor--and so have the bees. The whelps are terrified, the dragons are annoyed, and just yesterday one was stung and--\n\n<Vaeros takes a deep breath to center himself then looks at you pleadingly.>\n\nWill you please gather up the bees and relocate them to the lake? Take this smoke diffuser; it will calm them down.', '', '', 0, 0, 0, 0, 0, 0, 0, 0, '', '', '', '', 890, 878, 46879), -- -Unknown-
(70839, 0, 0, 2424, -609, 0, 0, 0, 0, 1, 0, 1, 0, 394071, 0, 0, 0, 0, 1, 0, 35651584, 0, 0, 0, 0, 0, 0, 0, 0, 0, 0, 0, 0, 0, 0, 0, 0, 0, 0, 0, 0, 0, 0, 0, 0, 0, 0, 0, 0, 0, 0, 0, 0, 0, 0, 0, 0, 0, 0, 0, 0, 0, 0, 0, 0, 0, 0, 0, 0, 0, 0, 0, 0, 0, 0, 0, 0, 0, 0, 7, 7, 7, 7, 7, 0, 0, 0, 0, 0, 0, 0, 0, 18446744073709551615, 0, 9, 0, 0, 'The Search for Titan Relics', '', '', '', '', 0, 0, 0, 0, 0, 0, 0, 0, '', '', '', '', 890, 878, 46879), -- -Unknown-
(65793, 2, 0, 2151, 13644, 0, 0, 0, 6, 1, 6, 1, 9100, 0, 0, 0, 0, 0, 1, 0, 5242888, 8192, 0, 0, 0, 0, 0, 0, 0, 0, 0, 0, 0, 0, 0, 0, 0, 0, 0, 0, 0, 0, 0, 0, 0, 0, 0, 0, 0, 0, 0, 0, 0, 0, 0, 0, 0, 0, 0, 0, 0, 0, 0, 0, 0, 0, 0, 0, 0, 2510, 0, 0, 0, 0, 0, 0, 0, 0, 0, 7, 7, 7, 7, 7, 15000, 0, 0, 0, 0, 0, 0, 0, 18446744073709551615, 2086, 9, 0, 0, 'Black Wagon Flight', 'Escort the eggs to the Life Pools.', 'With the oathstone empowered once more, we must now transport the future of our kind to the Life Pools. It is the right of every true dragonflight to have their eggs nurtured by its waters.\n\nUnfortunately, our enemies will be watching the skies, now that we have revealed ourselves. We will make the final leg of the journey on foot to avoid their scrutiny.\n\nMeet me near the Obsidian Bulwark, $c. As the Life-Binder\'s champion, you are welcome to join me in this.', '', 'Speak to Sabellian atop the Ruby Lifeshrine.', 0, 0, 0, 0, 0, 0, 0, 0, '', '', '', '', 890, 878, 46879), -- -Unknown-
(66779, 2, 0, 2291, 13644, 0, 0, 0, 3, 1, 3, 1, 3650, 0, 0, 0, 0, 0, 1, 0, 33554440, 0, 0, 0, 0, 0, 0, 0, 0, 0, 0, 0, 0, 0, 0, 0, 0, 0, 0, 0, 0, 0, 0, 0, 0, 0, 0, 0, 0, 0, 0, 0, 0, 0, 0, 0, 0, 0, 0, 0, 0, 0, 0, 0, 0, 0, 0, 0, 0, 2510, 0, 0, 0, 0, 0, 0, 0, 0, 0, 7, 7, 7, 7, 7, 5000, 0, 0, 0, 0, 0, 0, 0, 18446744073709551615, 0, 9, 0, 0, 'Heir Apparent', 'Speak with Sabellian\'s followers.', 'As Neltharion\'s heir and leader of the only surviving flight of black dragons, I was not expecting to find myself in competition for my birthright. Particularly not against a self-important whelp younger than you, mortal.\n\nNevertheless, if you need more than these self-evident facts, feel free to speak with members of my flight. There\'s no need to take my word on the subject.', '', '', 0, 0, 0, 0, 0, 0, 0, 0, '', '', '', '', 890, 878, 46879), -- -Unknown-
(66780, 2, 0, 2291, 13644, 0, 0, 0, 3, 1, 3, 1, 3650, 0, 0, 0, 0, 0, 1, 0, 37748744, 8192, 0, 0, 0, 0, 0, 0, 0, 0, 0, 0, 0, 0, 0, 0, 0, 0, 0, 0, 0, 0, 0, 0, 0, 0, 0, 0, 0, 0, 0, 0, 0, 0, 0, 0, 0, 0, 0, 0, 0, 0, 0, 0, 0, 0, 0, 0, 0, 2510, 0, 0, 0, 0, 0, 0, 0, 0, 0, 7, 7, 7, 7, 7, 5000, 0, 0, 0, 0, 0, 0, 0, 18446744073709551615, 0, 9, 0, 0, 'Claimant to the Throne', 'Speak with Wrathion\'s followers.', 'I have dedicated myself to saving Azeroth from destruction time and time again, and this fool thinks he can just swoop in and claim the title of aspect? I think not.\n\nTalk to my people, $n. See what they have to say about me and what I have done for this world.', '', '', 0, 0, 0, 0, 0, 0, 0, 0, '', '', '', '', 890, 878, 46879), -- -Unknown-
(66057, 2, 0, 2289, 13644, 0, 0, 0, 6, 1, 6, 1, 9100, 385238, 0, 0, 0, 0, 1, 0, 6291464, 8192, 0, 0, 0, 0, 0, 0, 0, 0, 0, 0, 0, 0, 0, 0, 0, 0, 0, 0, 0, 0, 0, 0, 0, 0, 0, 0, 0, 0, 0, 0, 0, 0, 0, 0, 0, 0, 0, 0, 0, 0, 0, 0, 0, 0, 0, 0, 0, 2510, 0, 0, 0, 0, 0, 0, 0, 0, 0, 7, 7, 7, 7, 7, 15000, 0, 0, 0, 0, 0, 0, 0, 18446744073709551615, 2085, 9, 0, 0, 'Restoring the Faith', 'Repair the Obsidian Oathstone.', 'The shattered fragments have been reformed. We are ready to repair the Oathstone.\n\nGo now and help Wrathion complete the repairs.', '', 'Meet Wrathion at the Obsidian Throne', 0, 0, 0, 0, 0, 0, 0, 0, '', '', '', '', 890, 878, 46879), -- -Unknown-
(66354, 2, 0, 2289, 13644, 0, 0, 0, 5, 1, 5, 1, 7300, 0, 0, 0, 0, 0, 1, 0, 4194312, 8192, 0, 0, 0, 0, 0, 0, 0, 0, 0, 0, 0, 0, 0, 0, 0, 0, 0, 0, 0, 0, 0, 0, 0, 0, 0, 0, 0, 0, 0, 0, 0, 0, 0, 0, 0, 0, 0, 0, 0, 0, 0, 0, 0, 0, 0, 0, 0, 2510, 0, 0, 0, 0, 0, 0, 0, 0, 0, 7, 7, 7, 7, 7, 10000, 0, 0, 0, 0, 0, 0, 0, 18446744073709551615, 0, 9, 0, 0, 'The Spark', 'Reform the damaged parts of the Oathstone.', 'The forge is ready. All it needs now is flame.\n\nPlace the damaged Oathstone fragments upon the forge, and Wrathion shall provide the spark to ignite the process.', '', '', 0, 0, 0, 0, 0, 0, 0, 0, '', '', '', '', 890, 878, 46879), -- -Unknown-
(66056, 2, 0, 2289, 13644, 0, 0, 0, 5, 1, 5, 1, 7300, 0, 0, 0, 0, 0, 1, 0, 4194312, 8192, 0, 0, 0, 0, 0, 0, 0, 0, 0, 0, 0, 0, 0, 0, 0, 0, 0, 192548, 0, 0, 0, 1, 0, 0, 0, 0, 0, 0, 0, 0, 0, 0, 0, 0, 0, 0, 0, 0, 0, 0, 0, 0, 0, 0, 0, 0, 0, 2510, 0, 0, 0, 0, 0, 0, 0, 0, 0, 7, 7, 7, 7, 7, 10000, 0, 0, 0, 0, 0, 0, 0, 18446744073709551615, 0, 9, 0, 0, 'Forging a New Future', 'Prepare the Earth-Warder\'s forge.', 'The forge of the Earth-Warder is the most powerful of all the dragon forges in existence. Our ancestors used it to create the strongest weapons and armor to defend Azeroth.\n\nWithin the hearth of that forge is the power necessary to reform the shattered fragments of the Oathstone.\n\nLet us go and prepare the forge for the work to be done.', '', 'Deliver the Cindershard Coal to Forgemaster Bazentus.', 0, 0, 0, 0, 0, 0, 0, 0, '', '', '', '', 890, 878, 46879), -- -Unknown-
(66055, 2, 0, 2289, 13644, 0, 0, 0, 5, 1, 5, 1, 7300, 0, 0, 0, 0, 0, 1, 0, 4194312, 8192, 0, 0, 0, 0, 0, 0, 0, 0, 0, 0, 0, 0, 0, 0, 0, 0, 0, 0, 0, 0, 0, 0, 0, 0, 0, 0, 0, 0, 0, 0, 0, 0, 0, 0, 0, 0, 0, 0, 0, 0, 0, 0, 0, 0, 0, 0, 0, 2510, 0, 0, 0, 0, 0, 0, 0, 0, 0, 7, 7, 7, 7, 7, 10000, 0, 0, 0, 0, 0, 0, 0, 18446744073709551615, 2084, 9, 0, 0, 'A Shattered Past', 'Recover $2oa Oathstone Fragments.', 'The Oathstone is damaged, there are pieces missing.\n\nDo what you can to recover the fragments... maybe there is a way to fix the stone!', '', '', 0, 0, 0, 0, 0, 0, 0, 0, '', '', '', '', 890, 878, 46879), -- -Unknown-
(66049, 2, 0, 2289, 13644, 0, 0, 0, 1, 1, 1, 1, 900, 0, 0, 0, 0, 0, 1, 0, 5242888, 8192, 0, 0, 0, 0, 0, 0, 0, 0, 0, 0, 0, 0, 0, 0, 0, 0, 0, 0, 0, 0, 0, 0, 0, 0, 0, 0, 0, 0, 0, 0, 0, 0, 0, 0, 0, 0, 0, 0, 0, 0, 0, 0, 0, 0, 0, 0, 0, 0, 0, 0, 0, 0, 0, 0, 0, 0, 0, 7, 7, 7, 7, 7, 0, 0, 0, 0, 0, 0, 0, 0, 18446744073709551615, 0, 9, 0, 0, 'Obsidian Oathstone', 'Locate the Obsidian Oathstone.', 'When Neltharion became the Earth-Warder, he swore an oath to protect this world, $n. To safeguard the deep places of the earth and, with his flight, to serve as Azeroth\'s defenders. The Obsidian Oathstone represents that promise. \n\nWe must activate the stone and let the Dragon Isles know that the black dragonflight has returned!\n\nFollow me, $n.', '', '', 0, 0, 0, 0, 0, 0, 0, 0, '', '', '', '', 890, 878, 46879), -- -Unknown-
(66044, 2, 0, 2289, 13644, 0, 0, 0, 5, 1, 5, 1, 7300, 0, 0, 0, 0, 0, 1, 0, 4194312, 8192, 0, 0, 0, 0, 0, 0, 0, 0, 0, 0, 0, 0, 0, 0, 0, 0, 0, 0, 0, 0, 0, 0, 0, 0, 0, 0, 0, 0, 0, 0, 0, 0, 0, 0, 0, 0, 0, 0, 0, 0, 0, 0, 0, 0, 0, 0, 0, 2510, 0, 0, 0, 0, 0, 0, 0, 0, 0, 7, 7, 7, 7, 7, 10000, 0, 0, 0, 0, 0, 0, 0, 18446744073709551615, 0, 9, 0, 0, 'Taking the Walls', 'Eliminate the three Siege Arbalests and Champion Choruk.', 'Sabellian and the other dragons are holding back the djaradin for now. We must act quickly to secure the high towers and ensure our victory.\n\nYou and I shall clear the siege arbalests that threaten us from above.\n\nLet me know when you are ready.', '', 'Meet with Wrathion', 0, 0, 0, 0, 0, 0, 0, 0, '', '', '', '', 890, 878, 46879), -- -Unknown-
(70196, 3, 0, 2151, 13644, 0, 0, 0, 7, 1, 7, 1, 10950, 0, 0, 0, 0, 0, 1, 0, 34144256, 0, 0, 0, 0, 0, 0, 0, 0, 0, 0, 0, 0, 0, 0, 0, 0, 0, 0, 0, 0, 0, 0, 0, 0, 0, 0, 0, 0, 0, 0, 0, 0, 0, 0, 0, 0, 0, 0, 0, 0, 0, 0, 0, 0, 0, 0, 0, 0, 2510, 0, 0, 0, 0, 0, 0, 0, 0, 0, 7, 7, 7, 7, 7, 20000, 0, 0, 0, 0, 0, 7686, 0, 18446744073709551615, 0, 9, 0, 0, 'Pruning the Preserve', '', '', '', '', 0, 0, 0, 0, 0, 0, 0, 0, '', '', '', '', 890, 878, 46879), -- -Unknown-
(67100, 2, 0, 2296, -571, 267, 0, 0, 5, 1, 5, 1, 7300, 385623, 0, 0, 0, 0, 1, 0, 572522504, 0, 0, 0, 0, 0, 0, 0, 0, 194715, 0, 0, 0, 1, 0, 0, 0, 194727, 194728, 194729, 0, 1, 1, 1, 0, 0, 0, 0, 0, 0, 0, 0, 0, 0, 0, 0, 0, 0, 0, 0, 0, 0, 0, 0, 0, 0, 0, 0, 0, 2544, 0, 0, 0, 0, 0, 0, 0, 0, 0, 4, 7, 7, 7, 7, 5000, 0, 0, 0, 0, 0, 0, 0, 18446744073709551615, 0, 9, 0, 0, 'A Gift for Miguel', 'Talk to Thomas about quality, then gather $2oa Fiery Spirits near Hornswog Hollow for Miguel\'s gift.', '$p, could you do me a favor?\n\nI want to get a gift for my husband, Miguel.\n\nHe means so much to me, but I\'ve been so busy lately that I haven\'t had time to make him anything. \n\nCould you help me make him something high quality?', '', '', 0, 0, 0, 0, 0, 0, 0, 0, '', '', '', '', 890, 878, 46879), -- -Unknown-
(66963, 2, 0, 2277, 13642, 0, 0, 0, 1, 1, 1, 1, 900, 0, 0, 0, 0, 0, 1, 0, 37748736, 0, 0, 0, 0, 0, 0, 0, 0, 0, 0, 0, 0, 0, 0, 0, 0, 0, 0, 0, 0, 0, 0, 0, 0, 0, 0, 0, 0, 0, 0, 0, 0, 0, 0, 0, 0, 0, 0, 0, 0, 0, 0, 0, 0, 0, 0, 0, 0, 0, 0, 0, 0, 0, 0, 0, 0, 0, 0, 7, 7, 7, 7, 7, 0, 0, 0, 0, 0, 0, 0, 0, 18446744073709551615, 0, 9, 0, 0, 'Out For Delivery', 'Tell Cataloger Wulferd in the nearby basecamp that his supplies won\'t be arriving anytime soon.', 'I tried to tell Vevesi that I could pull the wagon out of the mud.\n\nBut, no, he insisted on using magic to get it out... And now look what\'s he done.\n\n<Hauler Bennet sighs.>\n\nWhile I try to talk sense into Vevesi, can you run up the hill to the Basecamp and let Cataloger Wulferd know that he might need to ship another crate of camera supplies over from Boralus?', '', 'Give Cataloger Wulferd in Dragonscale Basecamp the bad news.', 0, 0, 0, 0, 0, 0, 0, 0, '', '', '', '', 890, 878, 46879), -- -Unknown-
(66119, 2, 0, 2155, 13644, 81, 0, 0, 8, 1, 8, 1, 14600, 0, 0, 0, 0, 0, 1, 0, 33554440, 0, 0, 0, 0, 0, 0, 0, 0, 0, 0, 0, 0, 0, 0, 0, 0, 0, 0, 0, 0, 0, 0, 0, 0, 0, 0, 0, 0, 0, 0, 0, 0, 0, 0, 0, 0, 0, 0, 0, 0, 0, 0, 0, 0, 0, 0, 0, 0, 2510, 0, 0, 0, 0, 0, 0, 0, 0, 0, 7, 7, 7, 7, 7, 10000, 0, 0, 0, 0, 0, 0, 0, 18446744073709551615, 2334, 9, 0, 0, 'Ruby Life Pools: Primalist Invasion', 'Enter the Ruby Life Pools and stop the Primalist attack.', 'The Primalists have torn their way into our home. We were not prepared for such an intense attack... several got through.\n\nOne of our drakonid ventured in to follow them, but he has not reported his findings. I fear the worst.\n\nI will stand guard. No more shall breach our walls while we draw breath, but you must stop those who made it inside.\n\nGo!', '', '', 0, 0, 0, 0, 0, 0, 0, 0, '', '', '', '', 890, 878, 46879), -- -Unknown-
(65939, 2, 0, 2289, 13644, 0, 0, 0, 6, 1, 6, 1, 9100, 378834, 0, 0, 0, 0, 1, 0, 7340040, 8192, 0, 0, 0, 0, 0, 0, 0, 0, 0, 0, 0, 0, 0, 0, 0, 0, 0, 0, 0, 0, 0, 0, 0, 0, 0, 0, 0, 0, 0, 0, 0, 0, 0, 0, 0, 0, 0, 0, 0, 0, 0, 0, 0, 0, 0, 0, 0, 2510, 0, 0, 0, 0, 0, 0, 0, 0, 0, 7, 7, 7, 7, 7, 15000, 0, 0, 0, 0, 0, 0, 0, 18446744073709551615, 0, 9, 0, 0, 'The Courage of One\'s Convictions', 'Gain control of the Obsidian Citadel.', 'The next battle will no doubt be fierce, but our courage and determination will overcome their greater numbers.\n\nI am counting on your exceptional skills to help lead the troops to victory.\n\nWe shall begin the assault when you are ready.', '', '', 0, 0, 0, 0, 0, 0, 0, 0, '', '', '', '', 890, 878, 46879); -- -Unknown-

UPDATE `quest_template` SET `VerifiedBuild`=46879 WHERE `ID` IN (70822, 50602);
UPDATE `quest_template` SET `RewardBonusMoney`=900, `VerifiedBuild`=46879 WHERE `ID`=66595; -- Dormant Discovery
UPDATE `quest_template` SET `RewardBonusMoney`=10950 WHERE `ID`=65994;
UPDATE `quest_template` SET `RewardBonusMoney`=9100 WHERE `ID`=72481;
UPDATE `quest_template` SET `RewardBonusMoney`=7300 WHERE `ID`=70179;
UPDATE `quest_template` SET `RewardBonusMoney`=2900 WHERE `ID`=70132;
UPDATE `quest_template` SET `RewardBonusMoney`=5850 WHERE `ID`=66827;

DELETE FROM `quest_objectives` WHERE `ID` IN (423439 /*423439*/, 423441 /*423441*/, 423460 /*423460*/, 423448 /*423448*/, 423447 /*423447*/, 430238 /*430238*/, 427526 /*427526*/, 423347 /*423347*/, 427370 /*427370*/, 423377 /*423377*/, 428317 /*428317*/, 428316 /*428316*/, 428315 /*428315*/, 427987 /*427987*/, 427985 /*427985*/, 427984 /*427984*/, 427956 /*427956*/, 427994 /*427994*/, 427993 /*427993*/, 431126 /*431126*/, 427972 /*427972*/, 427971 /*427971*/, 423376 /*423376*/, 428082 /*428082*/, 428183 /*428183*/, 428078 /*428078*/, 428077 /*428077*/, 428076 /*428076*/, 428081 /*428081*/, 428080 /*428080*/, 428079 /*428079*/, 428615 /*428615*/, 429408 /*429408*/, 428616 /*428616*/, 428610 /*428610*/, 423856 /*423856*/, 427594 /*427594*/, 427574 /*427574*/, 427573 /*427573*/, 427550 /*427550*/, 423854 /*423854*/, 427567 /*427567*/, 427530 /*427530*/, 427528 /*427528*/, 427527 /*427527*/, 423852 /*423852*/, 429244 /*429244*/, 427311 /*427311*/, 431735 /*431735*/, 423820 /*423820*/, 427947 /*427947*/, 423806 /*423806*/, 423848 /*423848*/, 423835 /*423835*/, 423829 /*423829*/, 423805 /*423805*/, 430138 /*430138*/, 430137 /*430137*/, 430136 /*430136*/, 430135 /*430135*/, 430134 /*430134*/, 429088 /*429088*/, 429053 /*429053*/, 429994 /*429994*/, 429993 /*429993*/, 423988 /*423988*/, 423791 /*423791*/, 427263 /*427263*/, 423594 /*423594*/);
INSERT INTO `quest_objectives` (`ID`, `QuestID`, `Type`, `Order`, `StorageIndex`, `ObjectID`, `Amount`, `Flags`, `Flags2`, `ProgressBarWeight`, `Description`, `VerifiedBuild`) VALUES
(423439, 65802, 1, 1, 0, 191055, 4, 0, 1, 0, '', 46879), -- 423439
(423441, 65802, 1, 0, 2, 192812, 5, 0, 1, 0, '', 46879), -- 423441
(423460, 65801, 0, 2, 2, 186183, 1, 0, 0, 0, 'Speak to Beastmaster Nuqut', 46879), -- 423460
(423448, 65801, 0, 1, 1, 186176, 1, 0, 0, 0, 'Speak to Aru and Belika', 46879), -- 423448
(423447, 65801, 0, 0, 0, 184595, 1, 0, 0, 0, 'Speak to Ohn Seshteng', 46879), -- 423447
(430238, 70174, 0, 0, 0, 181217, 1, 0, 0, 0, 'Speak to Sansok Khan', 46879), -- 430238
(427526, 65783, 0, 0, 0, 190145, 1, 28, 0, 0, '', 46879), -- 427526
(423347, 65780, 0, 0, 0, 185883, 1, 0, 0, 0, '', 46879), -- 423347
(427370, 65779, 1, 0, 0, 192469, 1, 16, 1, 0, '', 46879), -- 427370
(423377, 65794, 0, 0, 1, 185906, 1, 0, 0, 0, 'Ruby Oathstone empowered', 46879), -- 423377
(428317, 66788, 0, 5, 5, 191275, 1, 28, 0, 0, 'Pull Weed 03', 46879), -- 428317
(428316, 66788, 0, 4, 4, 191274, 1, 28, 0, 0, 'Pull Weed 02', 46879), -- 428316
(428315, 66788, 0, 3, 2, 190801, 1, 28, 0, 0, 'Pull Weed 01', 46879), -- 428315
(427987, 66788, 0, 2, 3, 190800, 1, 0, 0, 0, 'Polish Ruby Shrineguard', 46879), -- 427987
(427985, 66788, 0, 1, 1, 191277, 3, 0, 0, 0, 'Pull Overgrown Weeds', 46879), -- 427985
(427984, 66788, 0, 0, 0, 190803, 2, 0, 0, 0, 'Sweep Fallen Leaves', 46879), -- 427984
(427956, 66735, 0, 0, 0, 190705, 5, 0, 0, 0, 'Overgrown Shrubs pruned', 46879), -- 427956
(427994, 66734, 0, 2, 1, 190764, 1, 2, 0, 0, 'Bothersome Bees relocated', 46879), -- 427994
(427993, 66734, 0, 1, 0, 193624, 8, 0, 0, 0, 'Bothersome Bees bagged', 46879), -- 427993
(431126, 66734, 0, 0, 2, 196570, 1, 28, 0, 0, 'First bee warning', 46879), -- 431126
(427972, 65793, 0, 4, 4, 191086, 1, 28, 0, 0, 'Drake Done', 46879), -- 427972
(427971, 65793, 0, 3, 3, 191085, 1, 28, 0, 0, 'Trigger Drake', 46879), -- 427971
(423376, 65793, 0, 2, 1, 191087, 1, 2, 0, 0, 'Escort the wagon', 46879), -- 423376
(428082, 65793, 0, 1, 6, 190854, 1, 0, 0, 0, 'Speak with Sabellian to begin moving the eggs', 46879), -- 428082
(428183, 65793, 0, 0, 7, 191503, 1, 20, 0, 0, 'Hop on a dragonriding mount', 46879), -- 428183
(428078, 66779, 0, 2, 2, 190845, 1, 0, 0, 0, 'Speak with Archivist Edress', 46879), -- 428078
(428077, 66779, 0, 1, 1, 190843, 1, 0, 0, 0, 'Speak with Bazentus', 46879), -- 428077
(428076, 66779, 0, 0, 0, 190844, 1, 0, 0, 0, 'Speak with Baskilian', 46879), -- 428076
(428081, 66780, 0, 2, 2, 190848, 1, 0, 0, 0, 'Speak with Archivist Edress', 46879), -- 428081
(428080, 66780, 0, 1, 1, 190847, 1, 0, 0, 0, 'Speak with Left and Right', 46879), -- 428080
(428079, 66780, 0, 0, 0, 190846, 1, 0, 0, 0, 'Speak with Talonstalker Kavia', 46879), -- 428079
(428615, 66057, 0, 4, 1, 191717, 1, 2, 0, 0, 'Approach Wrathion and Sabellian', 46879), -- 428615
(429408, 66057, 0, 3, 4, 193399, 1, 28, 0, 0, 'Unhide Wrathion', 46879), -- 429408
(428616, 66057, 0, 2, 2, 191718, 1, 28, 0, 0, 'Approach the throne', 46879), -- 428616
(428610, 66057, 0, 1, 0, 191657, 1, 2, 0, 0, 'Travel with Wrathion to the Throne', 46879), -- 428610
(423856, 66057, 0, 0, 3, 194621, 1, 0, 0, 0, 'Speak with Wrathion', 46879), -- 423856
(427594, 66354, 0, 2, 2, 191632, 1, 2, 0, 0, 'Reformed Pieces collected', 46879), -- 427594
(427574, 66354, 0, 1, 1, 190234, 1, 3, 0, 0, 'Fragments repaired', 46879), -- 427574
(427573, 66354, 0, 0, 0, 191630, 1, 0, 0, 0, 'Fragments placed on forge', 46879), -- 427573
(427550, 66056, 1, 2, 0, 192548, 6, 2, 1, 0, 'Cindershard Coal collected', 46879), -- 427550
(423854, 66056, 0, 1, 3, 194540, 1, 0, 0, 0, 'Earth-Warder\'s Forge Activated', 46879), -- 423854
(427567, 66056, 0, 0, 1, 190215, 1, 28, 0, 0, '', 46879), -- 427567
(427530, 66055, 0, 4, 2, 190160, 1, 28, 0, 0, '', 46879), -- 427530
(427528, 66055, 0, 3, 1, 190154, 1, 28, 0, 0, '', 46879), -- 427528
(427527, 66055, 0, 2, 0, 190152, 1, 28, 0, 0, '', 46879), -- 427527
(423852, 66055, 1, 1, 3, 191131, 12, 0, 1, 0, '', 46879), -- 423852
(429244, 66055, 0, 0, 4, 192998, 1, 0, 0, 0, 'Enter vaults beneath the Citadel', 46879), -- 429244
(427311, 66049, 0, 3, 0, 189806, 1, 2, 0, 0, 'Oathstone examined', 46879), -- 427311
(431735, 66049, 0, 2, 2, 198188, 1, 28, 0, 0, '', 46879), -- 431735
(423820, 66049, 0, 1, 3, 190684, 1, 0, 0, 0, 'Speak with Wrathion at the Oathstone', 46879), -- 423820
(427947, 66049, 19, 0, 1, 25378, 0, 28, 0, 0, 'Sabellian Arrives', 46879), -- 427947
(423806, 66044, 0, 4, 0, 186592, 1, 1, 0, 0, '', 46879), -- 423806
(423848, 66044, 0, 3, 3, 186948, 1, 3, 0, 0, 'North Siege Arbalest destroyed', 46879), -- 423848
(423835, 66044, 0, 2, 2, 189740, 1, 3, 0, 0, 'East Siege Arbalest destroyed', 46879), -- 423835
(423829, 66044, 0, 1, 1, 189735, 1, 3, 0, 0, 'South Siege Arbalest destroyed', 46879), -- 423829
(423805, 66044, 0, 0, 6, 186933, 1, 0, 0, 0, 'Assist Wrathion', 46879), -- 423805
(430138, 70196, 0, 4, 7, 194567, 7, 92, 0, 15, '', 46879), -- 430138
(430137, 70196, 0, 3, 6, 194566, 13, 92, 0, 8, '', 46879), -- 430137
(430136, 70196, 0, 2, 5, 194565, 20, 92, 0, 5, '', 46879), -- 430136
(430135, 70196, 0, 1, 4, 194564, 34, 92, 0, 3, '', 46879), -- 430135
(430134, 70196, 15, 0, -1, 0, 1, 0, 0, 0, 'Kill Proto-dragons', 46879), -- 430134
(429088, 67100, 1, 1, 2, 194729, 3, 34, 0, 0, 'Fiery Spirits |A:Professions-Icon-Quality-Tier3-Small:14:14|a', 46879), -- 429088
(429053, 67100, 0, 0, 0, 192586, 1, 0, 0, 0, 'Speak to Thomas About Quality', 46879), -- 429053
(429994, 66119, 0, 1, 1, 190485, 1, 0, 0, 0, '', 46879), -- 429994
(429993, 66119, 0, 0, 0, 190484, 1, 0, 0, 0, '', 46879), -- 429993
(423988, 65939, 0, 3, 2, 191596, 12, 2, 0, 0, '', 46879), -- 423988
(423791, 65939, 0, 2, 5, 193788, 1, 2, 0, 0, 'Obsidian Citadel entered', 46879), -- 423791
(427263, 65939, 0, 1, 1, 189692, 1, 28, 0, 0, 'RTC', 46879), -- 427263
(423594, 65939, 0, 0, 0, 189679, 1, 0, 0, 0, 'Speak with Wrathion to begin the assault', 46879); -- 423594

UPDATE `quest_objectives` SET `VerifiedBuild`=46879 WHERE `ID` IN (430170, 337022);

DELETE FROM `quest_visual_effect` WHERE (`Index`=4 AND `ID` IN (423439,430134)) OR (`Index`=3 AND `ID` IN (423439,430134)) OR (`Index`=2 AND `ID` IN (423439,428616,430134)) OR (`Index`=1 AND `ID` IN (423439,423448,428080,428616,427573,427550,430134,429088)) OR (`Index`=0 AND `ID` IN (423439,423441,423460,423448,423447,430238,423347,423377,427987,427956,427993,423376,428082,428078,428077,428076,428081,428080,428079,428616,428610,423856,427574,427573,427550,423820,423848,423835,430134,429088,429053,423594)) OR (`Index`=8 AND `ID`=430134) OR (`Index`=7 AND `ID`=430134) OR (`Index`=6 AND `ID`=430134) OR (`Index`=5 AND `ID`=430134);
INSERT INTO `quest_visual_effect` (`ID`, `Index`, `VisualEffect`, `VerifiedBuild`) VALUES
(423439, 4, 18697, 46879),
(423439, 3, 18692, 46879),
(423439, 2, 18691, 46879),
(423439, 1, 18690, 46879),
(423439, 0, 18689, 46879),
(423441, 0, 18693, 46879),
(423460, 0, 2099, 46879),
(423448, 1, 18395, 46879),
(423448, 0, 2099, 46879),
(423447, 0, 2099, 46879),
(430238, 0, 2099, 46879),
(423347, 0, 2101, 46879),
(423377, 0, 18851, 46879),
(427987, 0, 18767, 46879),
(427956, 0, 18709, 46879),
(427993, 0, 18710, 46879),
(423376, 0, 20059, 46879),
(428082, 0, 18831, 46879),
(428078, 0, 18825, 46879),
(428077, 0, 18824, 46879),
(428076, 0, 18823, 46879),
(428081, 0, 18828, 46879),
(428080, 1, 19750, 46879),
(428080, 0, 18827, 46879),
(428079, 0, 18826, 46879),
(428616, 2, 20634, 46879),
(428616, 1, 18830, 46879),
(428616, 0, 18829, 46879),
(428610, 0, 18822, 46879),
(423856, 0, 19973, 46879),
(427574, 0, 18820, 46879),
(427573, 1, 20669, 46879),
(427573, 0, 18820, 46879),
(427550, 1, 18815, 46879),
(427550, 0, 18620, 46879),
(423820, 0, 18707, 46879),
(423848, 0, 18576, 46879),
(423835, 0, 18575, 46879),
(430134, 8, 19956, 46879),
(430134, 7, 19955, 46879),
(430134, 6, 19954, 46879),
(430134, 5, 19953, 46879),
(430134, 4, 19952, 46879),
(430134, 3, 19951, 46879),
(430134, 2, 19950, 46879),
(430134, 1, 19949, 46879),
(430134, 0, 19948, 46879),
(429088, 1, 19796, 46879),
(429088, 0, 19795, 46879),
(429053, 0, 19769, 46879),
(423594, 0, 18405, 46879);


DELETE FROM `quest_reward_display_spell` WHERE (`QuestID`=70839 AND `Idx`=0);
INSERT INTO `quest_reward_display_spell` (`QuestID`, `Idx`, `SpellID`, `PlayerConditionID`, `VerifiedBuild`) VALUES
(70839, 0, 388303, 0, 46879);

UPDATE `quest_reward_display_spell` SET `VerifiedBuild`=46879 WHERE (`QuestID`=70822 AND `Idx`=0);

DELETE FROM `creature_template` WHERE `entry` IN (192382 /*Mudlopper*/, 192387 /*Shikaar Scout*/, 190150 /*Archivist Edress*/, 190153 /*Blacktalon Assassin*/, 187919 /*Caldera Stomper*/, 194633 /*Etched Ancient Monolith*/, 190162 /*Animated Vault Protector*/, 190163 /*Animated Vault Protector*/, 181217 /*Sansok Khan*/, 181218 /*Basran*/, 187938 /*Plainswalker Mammoth*/, 187939 /*Plainswalker Calf*/, 187960 /*Sunhide Stomphoof*/, 187975 /*Fleecepelt Argali*/, 187981 /*Grassland Hopper*/, 187984 /*Baby Mammoth*/, 187985 /*Prairie Dog*/, 194709 /*Dragon Glyph*/, 196995 /*Talonstalker Gazi*/, 183595 /*Primal Hornstrider*/, 190314 /*Broodmother Dracasia*/, 188088 /*Windblessed Ohuna*/, 188089 /*Swift Hornstrider*/, 192564 /*Myridian*/, 192576 /*Grasstail Butterfly*/, 192577 /*Grove Widow*/, 199298 /*Qalashi Skullhauler*/, 185878 /*Ambassador Taurasza*/, 185882 /*Scout Tomul*/, 185883 /*Blazing Proto-Dragon*/, 194836 /*Grekka Anvilsmash*/, 185894 /*Sabellian*/, 188133 /*Narsysix*/, 188135 /*Zepharion*/, 188136 /*Exadria*/, 188140 /*Vazallia*/, 188141 /*Malsiran*/, 185905 /*Alexstrasza the Life-Binder*/, 188143 /*Myridian*/, 188155 /*Osoria*/, 185920 /*Okir*/, 188158 /*Baskilan*/, 192651 /*Clearwater Riverbeast*/, 188179 /*Stoker Volrax*/, 192654 /*Clearwater Calf*/, 194904 /*Muqur Rain-Touched*/, 190484 /*Kyrakka*/, 190485 /*Erkhart Stormvein*/, 194984 /*Dragon Glyph*/, 190519 /*Bronze Timekeeper*/, 195001 /*Invisible Bunny*/, 190533 /*Adazius*/, 195009 /*Invisible Bunny*/, 188332 /*Mythexthia*/, 188336 /*Foehn Breezeskimmer*/, 188344 /*Chydrass*/, 188349 /*Outfitter Tipech*/, 188351 /*Stabitha Sharptwist*/, 195074 /*Glistening Salamanther*/, 190611 /*Frenzied Pollenstag*/, 192854 /*Clearwater Ottuk*/, 188380 /*Briona Macolm*/, 192856 /*Clearwater Ottuk Pup*/, 199568 /*Invisible Bunny, Controller - gameobject assist [DNT]*/, 197340 /*Blacktalon Avenger*/, 197341 /*Blacktalon Avenger*/, 186175 /*Belika*/, 186176 /*Aru*/, 188415 /*Jovax the Angry*/, 195127 /*Invisible Bunny*/, 195128 /*Invisible Bunny*/, 186183 /*Beastmaster Nuqut*/, 186189 /*Gentara*/, 186190 /*Halu*/, 188434 /*Restraints*/, 188440 /*Djaradin Prisoner*/, 188443 /*Zinja Ujomei*/, 188444 /*Do-Yeon Shadowrider*/, 188445 /*Cireni*/, 192926 /*Trainer Frodrum*/, 181763 /*Lava Phoenix*/, 195187 /*Djaradin Flametamer*/, 186239 /*Qalashi Skullhauler*/, 186241 /*Generic - Empty Bunny*/, 195212 /*Commander Lethanak*/, 190740 /*Sabellian*/, 193009 /*Domesticated Argali*/, 186312 /*Left*/, 186314 /*Right*/, 186317 /*Tong the Fixer*/, 186324 /*Blacktalon Schemer*/, 186326 /*Blacktalon Strategist*/, 186331 /*Fao the Relentless*/, 186335 /*Blacktalon Scout*/, 190819 /*Erzadormu*/, 190821 /*Taeredormu*/, 190831 /*Expedition Shire*/, 188623 /*Samia Inkling*/, 188624 /*Sentinel Osar*/, 188625 /*Lorena Belle*/, 188640 /*Hunter Zaya*/, 195367 /*Roki*/, 186429 /*Steelsage Gao*/, 186430 /*Horace "Scalding" Stern*/, 190905 /*Meadowhoof Musken*/, 188668 /*Primal Avalanche*/, 190906 /*Plainswalker Mammoth*/, 190908 /*Plainswalker Calf*/, 190909 /*Swift Hornstrider*/, 190910 /*Evorian*/, 186447 /*Kaplak*/, 186451 /*Blacktalon Avenger*/, 186452 /*Blacktalon Assassin*/, 186454 /*Kora Fullsails*/, 190935 /*Inconspicuous Wagon*/, 190936 /*Expedition Shire*/, 190937 /*Sabellian*/, 186493 /*Forgemaster Bazentus*/, 190970 /*Wrathion*/, 190971 /*Shas'ith*/, 188779 /*Ranger Otyuk*/, 188782 /*Ranger Bolor*/, 191020 /*Inconspicuous Wagon*/, 191047 /*Tarasek Raider*/, 191049 /*Tarasek Snatcher*/, 191052 /*Thaladrax*/, 191058 /*Shikaar Fighter*/, 197772 /*Gigi I Wynn*/, 191065 /*Shikaar Hunter*/, 186592 /*Champion Choruk*/, 193320 /*Reformed Earth*/, 191102 /*Shikaar Ohuna*/, 191103 /*Uranto the Swift*/, 186650 /*Farrier Roscha*/, 186653 /*Apprentice Ehri*/, 186656 /*Sentinel Abakh*/, 193377 /*Alexstrasza the Life-Binder*/, 193456 /*Archivist Edress*/, 186752 /*Firstmate Kaleson*/, 193464 /*Forgemaster Bazentus*/, 186757 /*Hades Prescott*/, 186763 /*Blacktalon Pack Goat*/, 186764 /*Blacktalon Pack Beast*/, 186765 /*Blacktalon Provisioner*/, 197956 /*Injured Shrineguard*/, 197981 /*Zakastia*/, 186827 /*Magmaton*/, 184630 /*Baqir*/, 184636 /*Hearthkeeper Nokhor*/, 189110 /*Trunkalumpf*/, 195829 /*Majordomo Selistra*/, 186892 /*Qalashi Necksnapper*/, 184656 /*Loyal Bakar*/, 184657 /*Shikaar Hunter*/, 186897 /*Blacktalon Avenger*/, 186904 /*Sabellian*/, 186912 /*Djaradin Berserker*/, 186915 /*Qalashi Gatecrasher*/, 186919 /*Obsidian Soldier*/, 186933 /*Wrathion*/, 186934 /*Wrathion*/, 186935 /*Wrathion*/, 186936 /*Wrathion*/, 186937 /*Wrathion*/, 186938 /*Wrathion*/, 198129 /*Hope Kite*/, 186950 /*Arbalest*/, 189199 /*Vadrya Valte*/, 189202 /*Uirreg Stoutbrow*/, 189207 /*Griftah*/, 189215 /*Moxie Lockspinner*/, 191478 /*Meadowhoof Calf*/, 195957 /*Blacktalon Strategist*/, 187042 /*Wrathion*/, 187045 /*Wrathion*/, 187046 /*Sabellian*/, 189289 /*Penumbrus*/, 180393 /*Shikaar Ranger*/, 191596 /*Qalashi Forces*/, 191597 /*Qalashi Crustshaper*/, 191600 /*Talonstalker Kavia*/, 191640 /*Sabellian*/, 191646 /*Wrathion*/, 191648 /*Wrathion*/, 182706 /*Butterfly*/, 187187 /*Blacktalon Avenger*/, 187189 /*Blacktalon Assassin*/, 191669 /*Wrathion*/, 182725 /*Shikaar Preyseeker*/, 182727 /*Shikaar Beastmaster*/, 191696 /*Mature Basilisk*/, 189461 /*Obsidian Watcher*/, 191705 /*Apex Proto-Dragon*/, 191710 /*Left*/, 191711 /*Right*/, 191725 /*Shikaar Blacksmith*/, 191737 /*Wrathion*/, 189507 /*Talonstalker Kavia*/, 198457 /*Dragon Glyph*/, 198458 /*Dragon Glyph*/, 182815 /*Summoned Lava Elemental*/, 182816 /*Summoned Lava Elemental*/, 191788 /*Wild Proto-Drake*/, 196265 /*Wrathion*/, 194040 /*Timberstep Guard*/, 194041 /*Timberstep Archer*/, 191816 /*Blacktalon Shadowclaw*/, 191823 /*Vicious Proto-Drake*/, 191826 /*Mature Thunder Lizard*/, 191835 /*Blacktalon Scout*/, 187366 /*Worldcarver Wurmling*/, 191851 /*Blacktalon Shadowclaw*/, 196336 /*Qalashi Flameslinger*/, 191875 /*Wrathion*/, 191878 /*Sabellian*/, 189643 /*Qalashi Crustshaper*/, 198621 /*Tracker Dragon Glyph*/, 194152 /*Agurahl the Butcher*/, 198630 /*Tracker Dragon Glyph*/, 198632 /*Tracker Dragon Glyph*/, 194170 /*Flametender Busa*/, 194175 /*Emerald Whelpling*/, 194176 /*Ruby Whelpling*/, 194177 /*Bronze Whelpling*/, 194185 /*Makhul*/, 198670 /*Tracker Dragon Glyph*/, 187495 /*Wrathion*/, 189734 /*Qalashi Boltthrower*/, 187524 /*Obsidian Bladewing*/, 187530 /*Evorian*/, 189768 /*Qalashi Flamelobber*/, 187533 /*Gulchak*/, 187538 /*Champion Ugi*/, 189776 /*Qalashi Bonebreaker*/, 187541 /*Obsidian Protector*/, 198736 /*Zetch*/, 198737 /*Firewing*/, 192028 /*Trunkalumpf*/, 196518 /*Voraxian*/, 192047 /*Scruffy Ottuk*/, 189811 /*Agitated Keystone*/, 189823 /*Ravenous Nestling*/, 189825 /*Ravenous Nestling*/, 189826 /*Hanging Spider Vehicle*/, 189834 /*Qalashi Stonebinder*/, 189835 /*Woodwing Quacker*/, 189841 /*Russet Mudwalker*/, 189866 /*Scalecommander Emberthal*/, 189875 /*Animated Cindershards*/, 192121 /*Falron Greygold*/, 183186 /*Qalashi Wingrider*/, 183187 /*Dreadsquall*/, 198847 /*Swart*/, 198850 /*Inchy*/, 198851 /*Slugha*/, 187668 /*Scalesmith Viro*/, 198854 /*Obsidian Outfitter*/, 198864 /*Observant Rat*/, 192155 /*Felona Oregrab*/, 192164 /*Gringot Coldsteel*/, 192165 /*Winnie Fingerspring*/, 198877 /*Blacktalon Sentry*/, 198879 /*Fingerspring Security*/, 196646 /*Ruby Warden*/, 196647 /*Ruby Lifetender*/, 192177 /*Filbin Gearknock*/, 189942 /*Wrathion*/, 196663 /*Ruby Scaleguard*/, 196668 /*Wistful Watcher*/, 196673 /*Vacationing Tender*/, 181016 /*Blacktalon Sentry*/, 201154 /*Surging Magma*/, 187785 /*Surging Magma*/, 187799 /*Reed Skimmer*/, 187802 /*Mudfin Frenzy*/, 187813 /*Qalashi Wallcrasher*/, 190079 /*Qalashi Boltthrower*/, 196791 /*Kixandria*/, 194560 /*Earth-Warder's Forge*/, 190100 /*Pack Musken*/, 187867 /*Qalashi Magmacrafter*/, 187868 /*Molten Uprising*/, 190107 /*Archivist Edress*/, 192345 /*Grass Gopher*/, 190108 /*Scalecommander Emberthal*/, 192347 /*Prairie Buzzwing*/, 190111 /*Blacktalon Assassin*/, 190115 /*Qalashi Pillager*/, 192353 /*Scout Tomul*/, 190116 /*Qalashi Skullhauler*/, 190117 /*Djaradin Magmathrower*/, 190118 /*Winds of the Isles*/, 190132 /*Shikaar Ohuna*/);
INSERT INTO `creature_template` (`entry`, `KillCredit1`, `KillCredit2`, `name`, `femaleName`, `subname`, `TitleAlt`, `IconName`, `HealthScalingExpansion`, `RequiredExpansion`, `VignetteID`, `unit_class`, `WidgetSetID`, `WidgetSetUnitConditionID`, `rank`, `family`, `type`, `type_flags`, `type_flags2`, `HealthModifier`, `ManaModifier`, `RacialLeader`, `movementId`, `CreatureDifficultyID`, `VerifiedBuild`) VALUES
(192382, 0, 0, 'Mudlopper', '', NULL, NULL, NULL, 9, 0, 0, 1, 0, 0, 6, 0, 8, 0, 0, 0.200000002980232238, 1, 0, 0, 220592, 46879), -- Mudlopper
(192387, 0, 0, 'Shikaar Scout', '', NULL, NULL, NULL, 9, 0, 0, 1, 0, 0, 0, 0, 7, 0, 0, 1, 1, 0, 0, 220597, 46879), -- Shikaar Scout
(190150, 0, 0, 'Archivist Edress', '', NULL, NULL, NULL, 9, 0, 0, 1, 0, 0, 0, 0, 2, 4096, 0, 10, 1, 0, 0, 216841, 46879), -- Archivist Edress
(190153, 0, 0, 'Blacktalon Assassin', '', NULL, NULL, NULL, 9, 0, 0, 4, 0, 0, 0, 0, 7, 0, 0, 5, 1, 0, 0, 216844, 46879), -- Blacktalon Assassin
(187919, 196477, 0, 'Caldera Stomper', '', NULL, NULL, NULL, 9, 0, 0, 1, 0, 0, 1, 0, 5, 72, 0, 8, 1, 0, 124, 214596, 46879), -- Caldera Stomper
(194633, 0, 0, 'Etched Ancient Monolith', '', NULL, NULL, 'inspect', 9, 0, 0, 1, 0, 0, 0, 0, 10, 1610612752, 117440582, 1, 1, 0, 0, 222866, 46879), -- Etched Ancient Monolith
(190162, 0, 0, 'Animated Vault Protector', '', NULL, NULL, NULL, 9, 0, 0, 1, 0, 0, 0, 0, 12, 0, 0, 4, 1, 0, 121, 216853, 46879), -- Animated Vault Protector
(190163, 0, 0, 'Animated Vault Protector', '', NULL, NULL, NULL, 9, 0, 0, 1, 0, 0, 0, 0, 12, 128, 0, 3, 1, 0, 121, 216854, 46879), -- Animated Vault Protector
(181217, 0, 0, 'Sansok Khan', '', NULL, NULL, NULL, 9, 0, 0, 1, 0, 0, 1, 0, 7, 0, 0, 10, 1, 0, 0, 204937, 46879), -- Sansok Khan
(181218, 0, 0, 'Basran', '', NULL, NULL, NULL, 9, 0, 0, 1, 0, 0, 0, 52, 1, 0, 0, 1, 1, 0, 0, 204938, 46879), -- Basran
(187938, 0, 0, 'Plainswalker Mammoth', '', NULL, NULL, NULL, 9, 0, 0, 1, 0, 0, 0, 300, 1, 1, 0, 2, 1, 0, 0, 214616, 46879), -- Plainswalker Mammoth
(187939, 0, 0, 'Plainswalker Calf', '', NULL, NULL, NULL, 9, 0, 0, 1, 0, 0, 0, 300, 1, 1, 0, 1, 1, 0, 0, 214617, 46879), -- Plainswalker Calf
(187960, 0, 0, 'Sunhide Stomphoof', '', NULL, NULL, NULL, 9, 0, 0, 1, 0, 0, 0, 43, 1, 1, 0, 2, 1, 0, 0, 214638, 46879), -- Sunhide Stomphoof
(187975, 0, 0, 'Fleecepelt Argali', '', NULL, NULL, NULL, 9, 0, 0, 1, 0, 0, 0, 129, 1, 1, 0, 1, 1, 0, 0, 214648, 46879), -- Fleecepelt Argali
(187981, 0, 0, 'Grassland Hopper', '', NULL, NULL, NULL, 9, 0, 0, 1, 0, 0, 0, 0, 8, 0, 0, 0.200000002980232238, 1, 0, 0, 214654, 46879), -- Grassland Hopper
(187984, 0, 0, 'Baby Mammoth', '', NULL, NULL, NULL, 9, 0, 0, 1, 0, 0, 0, 0, 8, 0, 0, 0.200000002980232238, 1, 0, 0, 214657, 46879), -- Baby Mammoth
(187985, 0, 0, 'Prairie Dog', '', NULL, NULL, NULL, 9, 0, 0, 1, 0, 0, 0, 0, 8, 0, 0, 0.100000001490116119, 1, 0, 121, 214658, 46879), -- Prairie Dog
(194709, 0, 0, 'Dragon Glyph', '', NULL, NULL, NULL, 9, 0, 0, 1, 0, 0, 0, 0, 10, 1610612752, 67108870, 1, 1, 0, 0, 222942, 46879), -- Dragon Glyph
(196995, 0, 0, 'Talonstalker Gazi', '', NULL, NULL, NULL, 9, 0, 0, 4, 0, 0, 0, 0, 7, 0, 0, 1, 1, 0, 0, 225281, 46879), -- Talonstalker Gazi
(183595, 191634, 0, 'Primal Hornstrider', '', 'T0 Swarmer', NULL, NULL, 9, 0, 0, 1, 0, 0, 6, 12, 1, 1, 0, 0.300000011920928955, 1, 0, 0, 207437, 46879), -- Primal Hornstrider
(190314, 0, 0, 'Broodmother Dracasia', '', NULL, NULL, NULL, 9, 0, 0, 2, 0, 0, 1, 0, 2, 0, 0, 50, 1, 0, 0, 217005, 46879), -- Broodmother Dracasia
(188088, 191634, 0, 'Windblessed Ohuna', '', NULL, NULL, NULL, 9, 0, 0, 1, 0, 0, 0, 26, 1, 1, 0, 2, 1, 0, 0, 214763, 46879), -- Windblessed Ohuna
(188089, 191634, 0, 'Swift Hornstrider', '', NULL, NULL, NULL, 9, 0, 0, 1, 0, 0, 0, 12, 1, 1, 0, 1, 1, 0, 0, 214764, 46879), -- Swift Hornstrider
(192564, 0, 0, 'Myridian', '', NULL, NULL, NULL, 9, 0, 0, 2, 0, 0, 1, 0, 2, 0, 0, 50, 1, 0, 0, 220774, 46879), -- Myridian
(192576, 0, 0, 'Grasstail Butterfly', '', NULL, NULL, NULL, 9, 0, 0, 1, 0, 0, 0, 0, 8, 0, 0, 0.200000002980232238, 1, 0, 69, 220786, 46879), -- Grasstail Butterfly
(192577, 0, 0, 'Grove Widow', '', NULL, NULL, NULL, 9, 0, 0, 1, 0, 0, 0, 0, 8, 0, 0, 0.200000002980232238, 1, 0, 69, 220787, 46879), -- Grove Widow
(199298, 186892, 191596, 'Qalashi Skullhauler', '', NULL, NULL, NULL, 9, 0, 0, 1, 0, 0, 0, 0, 7, 0, 0, 1.5, 1, 0, 0, 227724, 46879), -- Qalashi Skullhauler
(185878, 0, 0, 'Ambassador Taurasza', '', NULL, NULL, NULL, 9, 0, 0, 1, 0, 0, 0, 0, 2, 0, 0, 1.799999952316284179, 1, 0, 0, 210139, 46879), -- Ambassador Taurasza
(185882, 0, 0, 'Scout Tomul', '', NULL, NULL, NULL, 9, 0, 0, 1, 0, 0, 0, 0, 7, 0, 0, 1.20000004768371582, 1, 0, 0, 210143, 46879), -- Scout Tomul
(185883, 0, 0, 'Blazing Proto-Dragon', '', NULL, NULL, NULL, 9, 0, 0, 1, 0, 0, 1, 0, 2, 2147483720, 0, 10, 1, 0, 0, 210144, 46879), -- Blazing Proto-Dragon
(194836, 0, 0, 'Grekka Anvilsmash', '', 'Master Blacksmith', NULL, NULL, 9, 0, 0, 1, 0, 0, 0, 0, 7, 0, 0, 1, 1, 0, 0, 223069, 46879), -- Grekka Anvilsmash
(185894, 0, 0, 'Sabellian', '', NULL, NULL, NULL, 9, 0, 0, 1, 0, 0, 1, 0, 2, 4, 32768, 50, 1, 0, 0, 210159, 46879), -- Sabellian
(188133, 0, 0, 'Narsysix', '', NULL, NULL, NULL, 9, 0, 0, 2, 0, 0, 1, 0, 2, 0, 0, 50, 1, 0, 0, 214813, 46879), -- Narsysix
(188135, 0, 0, 'Zepharion', '', NULL, NULL, NULL, 9, 0, 0, 2, 0, 0, 1, 0, 2, 0, 0, 50, 1, 0, 0, 214815, 46879), -- Zepharion
(188136, 0, 0, 'Exadria', '', NULL, NULL, NULL, 9, 0, 0, 2, 0, 0, 1, 0, 2, 0, 0, 50, 1, 0, 0, 214816, 46879), -- Exadria
(188140, 0, 0, 'Vazallia', '', NULL, NULL, NULL, 9, 0, 0, 2, 0, 0, 1, 0, 2, 0, 0, 50, 1, 0, 0, 214820, 46879), -- Vazallia
(188141, 0, 0, 'Malsiran', '', NULL, NULL, NULL, 9, 0, 0, 2, 0, 0, 1, 0, 2, 0, 0, 50, 1, 0, 0, 214821, 46879), -- Malsiran
(185905, 0, 0, 'Alexstrasza the Life-Binder', '', 'Queen of the Dragons', NULL, NULL, 9, 0, 0, 2, 0, 0, 1, 0, 2, 4, 0, 600, 1, 0, 0, 210170, 46879), -- Alexstrasza the Life-Binder
(188143, 0, 0, 'Myridian', '', NULL, NULL, NULL, 9, 0, 0, 2, 0, 0, 1, 0, 2, 0, 0, 50, 1, 0, 0, 214823, 46879), -- Myridian
(188155, 0, 0, 'Osoria', '', NULL, NULL, NULL, 9, 0, 0, 2, 0, 0, 1, 0, 2, 0, 0, 50, 1, 0, 0, 214837, 46879), -- Osoria
(185920, 0, 0, 'Okir', '', 'Interpreter to the Khan', NULL, NULL, 9, 0, 0, 1, 0, 0, 0, 0, 7, 0, 0, 1.20000004768371582, 1, 0, 0, 210192, 46879), -- Okir
(188158, 0, 0, 'Baskilan', '', NULL, NULL, NULL, 9, 0, 0, 2, 0, 0, 1, 0, 2, 0, 32768, 50, 1, 0, 0, 214840, 46879), -- Baskilan
(192651, 0, 0, 'Clearwater Riverbeast', '', NULL, NULL, NULL, 9, 0, 0, 1, 0, 0, 0, 150, 1, 1, 0, 1, 1, 0, 0, 220861, 46879), -- Clearwater Riverbeast
(188179, 0, 0, 'Stoker Volrax', '', NULL, NULL, NULL, 9, 0, 0, 1, 0, 0, 0, 0, 2, 0, 0, 10, 1, 0, 0, 214863, 46879), -- Stoker Volrax
(192654, 0, 0, 'Clearwater Calf', '', NULL, NULL, NULL, 9, 0, 0, 1, 0, 0, 6, 150, 1, 1, 0, 0.5, 1, 0, 0, 220864, 46879), -- Clearwater Calf
(194904, 0, 0, 'Muqur Rain-Touched', '', NULL, NULL, NULL, 9, 0, 0, 1, 0, 0, 0, 0, 7, 0, 0, 1.20000004768371582, 1, 0, 0, 223137, 46879), -- Muqur Rain-Touched
(190484, 0, 0, 'Kyrakka', '', NULL, NULL, NULL, 0, 0, 0, 1, 0, 0, 1, 0, 2, 2097256, 128, 20, 1, 0, 174, 218680, 46879), -- Kyrakka
(190485, 0, 0, 'Erkhart Stormvein', '', NULL, NULL, NULL, 0, 0, 0, 4, 0, 0, 1, 0, 7, 2097256, 128, 25, 1, 0, 0, 218681, 46879), -- Erkhart Stormvein
(194984, 0, 0, 'Dragon Glyph', '', NULL, NULL, NULL, 9, 0, 0, 1, 0, 0, 0, 0, 10, 1610612752, 67108870, 1, 1, 0, 0, 223217, 46879), -- Dragon Glyph
(190519, 0, 0, 'Bronze Timekeeper', '', NULL, NULL, NULL, 9, 0, 5104, 1, 0, 0, 0, 0, 7, 0, 0, 1, 1, 0, 0, 218715, 46879), -- Bronze Timekeeper
(195001, 0, 0, 'Invisible Bunny', '', NULL, NULL, NULL, 9, 0, 0, 1, 0, 0, 0, 0, 10, 1073741824, 0, 1, 1, 0, 0, 223238, 46879), -- Invisible Bunny
(190533, 0, 0, 'Adazius', '', NULL, NULL, NULL, 9, 9, 0, 2, 0, 0, 0, 0, 7, 0, 0, 1, 1, 0, 0, 218729, 46879), -- Adazius
(195009, 0, 0, 'Invisible Bunny', '', NULL, NULL, NULL, 9, 0, 0, 1, 0, 0, 0, 0, 10, 1073741824, 0, 1, 1, 0, 0, 223246, 46879), -- Invisible Bunny
(188332, 0, 0, 'Mythexthia', '', NULL, NULL, NULL, 9, 0, 0, 2, 0, 0, 1, 0, 2, 0, 0, 50, 1, 0, 0, 215018, 46879), -- Mythexthia
(188336, 0, 0, 'Foehn Breezeskimmer', '', 'Flight Master', NULL, NULL, 9, 0, 0, 1, 0, 0, 1, 0, 2, 0, 0, 25, 1, 0, 0, 215022, 46879), -- Foehn Breezeskimmer
(188344, 0, 0, 'Chydrass', '', 'Obsidian Mediator', NULL, NULL, 9, 0, 0, 1, 0, 0, 0, 0, 2, 4096, 0, 1.20000004768371582, 1, 0, 0, 215030, 46879), -- Chydrass
(188349, 0, 0, 'Outfitter Tipech', '', 'Food and Drink', NULL, NULL, 9, 0, 0, 1, 0, 0, 0, 0, 7, 0, 0, 2.20000004768371582, 1, 0, 0, 215035, 46879), -- Outfitter Tipech
(188351, 0, 0, 'Stabitha Sharptwist', '', 'Innkeeper', NULL, NULL, 0, 0, 0, 1, 0, 0, 0, 0, 7, 0, 0, 1, 1, 0, 0, 215037, 46879), -- Stabitha Sharptwist
(195074, 0, 0, 'Glistening Salamanther', '', NULL, NULL, NULL, 9, 0, 0, 1, 0, 0, 0, 0, 1, 0, 0, 1, 1, 0, 0, 223311, 46879), -- Glistening Salamanther
(190611, 0, 0, 'Frenzied Pollenstag', '', NULL, NULL, NULL, 9, 0, 0, 1, 0, 0, 6, 53, 1, 1, 0, 0.300000011920928955, 1, 0, 0, 218807, 46879), -- Frenzied Pollenstag
(192854, 0, 0, 'Clearwater Ottuk', '', NULL, NULL, NULL, 9, 0, 0, 1, 0, 0, 0, 127, 1, 1, 0, 1, 1, 0, 0, 221070, 46879), -- Clearwater Ottuk
(188380, 0, 0, 'Briona Macolm', '', 'Blacksmithing Supplies', NULL, NULL, 9, 0, 0, 1, 0, 0, 0, 0, 7, 4096, 0, 1, 1, 0, 0, 215066, 46879), -- Briona Macolm
(192856, 0, 0, 'Clearwater Ottuk Pup', '', NULL, NULL, NULL, 9, 0, 0, 1, 0, 0, 6, 0, 8, 0, 0, 1, 1, 0, 0, 221072, 46879), -- Clearwater Ottuk Pup
(199568, 0, 0, 'Invisible Bunny, Controller - gameobject assist [DNT]', '', NULL, NULL, NULL, 9, 0, 0, 1, 0, 0, 0, 0, 10, 1073742848, 0, 1, 1, 0, 0, 228024, 46879), -- Invisible Bunny, Controller - gameobject assist [DNT]
(197340, 0, 0, 'Blacktalon Avenger', '', NULL, NULL, NULL, 9, 0, 0, 1, 0, 0, 0, 0, 7, 0, 0, 2, 1, 0, 0, 225678, 46879), -- Blacktalon Avenger
(197341, 0, 0, 'Blacktalon Avenger', '', NULL, NULL, NULL, 9, 0, 0, 1, 0, 0, 0, 0, 7, 0, 0, 2, 1, 0, 0, 225679, 46879), -- Blacktalon Avenger
(186175, 0, 0, 'Belika', '', NULL, NULL, NULL, 9, 0, 0, 1, 0, 0, 0, 0, 7, 0, 0, 1.20000004768371582, 1, 0, 0, 210493, 46879), -- Belika
(186176, 0, 0, 'Aru', '', NULL, NULL, NULL, 9, 0, 0, 1, 0, 0, 0, 0, 7, 0, 0, 1.20000004768371582, 1, 0, 0, 210494, 46879), -- Aru
(188415, 0, 0, 'Jovax the Angry', '', NULL, NULL, NULL, 9, 0, 0, 1, 0, 0, 1, 0, 7, 0, 0, 3, 1, 0, 0, 215101, 46879), -- Jovax the Angry
(195127, 0, 0, 'Invisible Bunny', '', NULL, NULL, NULL, 9, 0, 0, 1, 0, 0, 0, 0, 10, 1073741824, 0, 1, 1, 0, 0, 223364, 46879), -- Invisible Bunny
(195128, 0, 0, 'Invisible Bunny', '', NULL, NULL, NULL, 9, 0, 0, 1, 0, 0, 0, 0, 10, 1073741824, 0, 1, 1, 0, 0, 223365, 46879), -- Invisible Bunny
(186183, 0, 0, 'Beastmaster Nuqut', '', 'Stable Master', NULL, NULL, 9, 0, 0, 1, 0, 0, 0, 0, 7, 0, 0, 1.20000004768371582, 1, 0, 0, 210501, 46879), -- Beastmaster Nuqut
(186189, 0, 0, 'Gentara', '', NULL, NULL, 'openhandglow', 9, 0, 0, 1, 0, 0, 0, 52, 1, 0, 0, 1, 1, 0, 0, 210507, 46879), -- Gentara
(186190, 0, 0, 'Halu', '', NULL, NULL, NULL, 9, 0, 0, 1, 0, 0, 0, 26, 1, 0, 0, 1, 1, 0, 0, 210508, 46879), -- Halu
(188434, 0, 0, 'Restraints', '', NULL, NULL, NULL, 9, 0, 0, 1, 0, 0, 0, 0, 10, 1610612752, 117440518, 1.35000002384185791, 1, 0, 0, 215120, 46879), -- Restraints
(188440, 0, 0, 'Djaradin Prisoner', '', NULL, NULL, NULL, 9, 0, 0, 1, 0, 0, 0, 0, 7, 0, 0, 2.5, 1, 0, 0, 215126, 46879), -- Djaradin Prisoner
(188443, 0, 0, 'Zinja Ujomei', '', 'Talon Captain', NULL, NULL, 9, 0, 0, 1, 0, 0, 1, 0, 2, 0, 0, 8, 1, 0, 0, 215129, 46879), -- Zinja Ujomei
(188444, 0, 0, 'Do-Yeon Shadowrider', '', 'Flight Master', NULL, NULL, 9, 0, 0, 1, 0, 0, 1, 0, 2, 0, 16384, 25, 1, 0, 0, 215130, 46879), -- Do-Yeon Shadowrider
(188445, 0, 0, 'Cireni', '', 'Stable Master', NULL, NULL, 9, 0, 0, 2, 0, 0, 0, 0, 7, 0, 0, 1, 1, 0, 0, 215131, 46879), -- Cireni
(192926, 0, 0, 'Trainer Frodrum', '', 'Grand Hunt Trainer', NULL, NULL, 9, 9, 0, 1, 0, 0, 0, 0, 7, 0, 0, 1, 1, 0, 0, 221142, 46879), -- Trainer Frodrum
(181763, 0, 0, 'Lava Phoenix', '', NULL, NULL, NULL, 9, 0, 0, 1, 0, 0, 0, 26, 1, 1, 0, 1, 1, 0, 0, 205562, 46879), -- Lava Phoenix
(195187, 0, 191596, 'Djaradin Flametamer', '', NULL, NULL, NULL, 9, 0, 0, 8, 0, 0, 0, 0, 7, 0, 0, 2, 1, 0, 0, 223424, 46879), -- Djaradin Flametamer
(186239, 0, 0, 'Qalashi Skullhauler', '', NULL, NULL, NULL, 9, 0, 0, 1, 0, 0, 0, 0, 7, 0, 0, 1.5, 1, 0, 0, 210557, 46879), -- Qalashi Skullhauler
(186241, 0, 0, 'Generic - Empty Bunny', '', NULL, NULL, NULL, 9, 0, 0, 1, 0, 0, 0, 0, 10, 0, 0, 1, 1, 0, 0, 210559, 46879), -- Generic - Empty Bunny
(195212, 0, 0, 'Commander Lethanak', '', 'Leader of the Shrineguard', NULL, NULL, 9, 0, 0, 1, 0, 0, 0, 0, 2, 4096, 0, 10, 1, 0, 0, 223449, 46879), -- Commander Lethanak
(190740, 0, 0, 'Sabellian', '', NULL, NULL, NULL, 9, 0, 0, 1, 0, 0, 1, 0, 2, 4, 0, 50, 1, 0, 0, 218936, 46879), -- Sabellian
(193009, 0, 0, 'Domesticated Argali', '', NULL, NULL, NULL, 9, 0, 0, 1, 0, 0, 0, 129, 1, 1, 0, 1, 1, 0, 0, 221225, 46879), -- Domesticated Argali
(186312, 0, 0, 'Left', '', 'Blacktalon Bodyguard', NULL, NULL, 9, 7, 0, 1, 0, 0, 1, 0, 7, 0, 0, 10, 1, 0, 0, 210631, 46879), -- Left
(186314, 0, 0, 'Right', '', 'Blacktalon Bodyguard', NULL, NULL, 9, 0, 0, 1, 0, 0, 1, 0, 7, 0, 0, 10, 1, 0, 0, 210633, 46879), -- Right
(186317, 0, 0, 'Tong the Fixer', '', 'Rest and Refreshment', NULL, 'innkeeper', 9, 0, 0, 1, 0, 0, 0, 0, 7, 0, 0, 1, 1, 0, 0, 210636, 46879), -- Tong the Fixer
(186324, 0, 0, 'Blacktalon Schemer', '', NULL, NULL, NULL, 9, 0, 0, 4, 0, 0, 0, 0, 7, 0, 0, 2, 1, 0, 0, 210644, 46879), -- Blacktalon Schemer
(186326, 0, 0, 'Blacktalon Strategist', '', NULL, NULL, NULL, 9, 0, 0, 4, 0, 0, 0, 0, 7, 0, 0, 2, 1, 0, 0, 210646, 46879), -- Blacktalon Strategist
(186331, 0, 0, 'Fao the Relentless', '', 'Blacktalon Spymaster', NULL, NULL, 9, 0, 0, 1, 0, 0, 0, 0, 7, 134217728, 32768, 2, 1, 0, 0, 210651, 46879), -- Fao the Relentless
(186335, 0, 0, 'Blacktalon Scout', '', NULL, NULL, NULL, 9, 7, 0, 1, 0, 0, 1, 0, 7, 0, 0, 5, 1, 0, 0, 210655, 46879), -- Blacktalon Scout
(190819, 0, 0, 'Erzadormu', '', NULL, NULL, NULL, 9, 0, 0, 2, 0, 0, 0, 0, 7, 0, 0, 1, 1, 0, 0, 219015, 46879), -- Erzadormu
(190821, 0, 0, 'Taeredormu', '', NULL, NULL, NULL, 9, 0, 0, 2, 0, 0, 0, 0, 2, 0, 0, 1, 1, 0, 0, 219017, 46879), -- Taeredormu
(190831, 0, 0, 'Expedition Shire', '', NULL, NULL, NULL, 9, 0, 0, 1, 0, 0, 0, 299, 1, 0, 0, 1, 1, 0, 0, 219027, 46879), -- Expedition Shire
(188623, 0, 0, 'Samia Inkling', '', 'Sabellian\'s Quartermaster', NULL, NULL, 9, 0, 0, 1, 0, 0, 1, 0, 7, 134217728, 16384, 10, 1, 0, 0, 215309, 46879), -- Samia Inkling
(188624, 0, 0, 'Sentinel Osar', '', NULL, NULL, NULL, 9, 0, 0, 1, 0, 0, 0, 0, 7, 0, 0, 1, 1, 0, 0, 215310, 46879), -- Sentinel Osar
(188625, 0, 0, 'Lorena Belle', '', 'Wrathion\'s Quartermaster', NULL, NULL, 9, 0, 0, 1, 0, 0, 1, 0, 7, 134217728, 16384, 10, 1, 0, 0, 215311, 46879), -- Lorena Belle
(188640, 0, 0, 'Hunter Zaya', '', NULL, NULL, NULL, 9, 0, 0, 1, 0, 0, 0, 0, 7, 0, 0, 1, 1, 0, 0, 215326, 46879), -- Hunter Zaya
(195367, 0, 0, 'Roki', '', NULL, NULL, NULL, 9, 0, 0, 1, 0, 0, 0, 26, 1, 0, 0, 1, 0, 0, 0, 223607, 46879), -- Roki
(186429, 0, 0, 'Steelsage Gao', '', 'Madam Goya Operative', NULL, NULL, 9, 0, 0, 1, 0, 0, 0, 0, 7, 0, 0, 1, 1, 0, 0, 210750, 46879), -- Steelsage Gao
(186430, 0, 0, 'Horace \"Scalding\" Stern', '', 'Blacksmith', NULL, NULL, 9, 0, 0, 1, 0, 0, 0, 0, 7, 4096, 0, 1, 1, 0, 0, 210751, 46879), -- Horace "Scalding" Stern
(190905, 191634, 0, 'Meadowhoof Musken', '', NULL, NULL, NULL, 9, 0, 0, 1, 0, 0, 0, 157, 1, 1, 0, 1, 1, 0, 0, 219102, 46879), -- Meadowhoof Musken
(188668, 189975, 0, 'Primal Avalanche', '', NULL, NULL, NULL, 9, 0, 0, 1, 0, 0, 0, 0, 4, 0, 0, 2, 1, 0, 0, 215354, 46879), -- Primal Avalanche
(190906, 191634, 0, 'Plainswalker Mammoth', '', NULL, NULL, NULL, 9, 0, 0, 1, 0, 0, 0, 300, 1, 1, 0, 2, 1, 0, 0, 219103, 46879), -- Plainswalker Mammoth
(190908, 191634, 0, 'Plainswalker Calf', '', NULL, NULL, NULL, 9, 0, 0, 1, 0, 0, 0, 300, 1, 1, 0, 1, 1, 0, 0, 219105, 46879), -- Plainswalker Calf
(190909, 191634, 0, 'Swift Hornstrider', '', NULL, NULL, NULL, 9, 0, 0, 1, 0, 0, 0, 12, 1, 1, 0, 1, 1, 0, 0, 219106, 46879), -- Swift Hornstrider
(190910, 0, 0, 'Evorian', '', NULL, NULL, NULL, 9, 0, 0, 1, 0, 0, 1, 0, 2, 0, 0, 1, 1, 0, 0, 219107, 46879), -- Evorian
(186447, 0, 0, 'Kaplak', '', 'Rogue Trainer', NULL, NULL, 6, 0, 0, 4, 0, 0, 0, 0, 7, 0, 0, 1, 1, 0, 0, 210768, 46879), -- Kaplak
(186451, 0, 0, 'Blacktalon Avenger', '', NULL, NULL, NULL, 9, 0, 0, 1, 0, 0, 0, 0, 7, 0, 0, 2.20000004768371582, 1, 0, 0, 210772, 46879), -- Blacktalon Avenger
(186452, 0, 0, 'Blacktalon Assassin', '', NULL, NULL, NULL, 9, 0, 0, 4, 0, 0, 0, 0, 7, 0, 0, 1, 1, 0, 0, 210773, 46879), -- Blacktalon Assassin
(186454, 0, 0, 'Kora Fullsails', '', 'Food and Provisions', NULL, NULL, 9, 0, 0, 1, 0, 0, 0, 0, 7, 134221824, 0, 1, 1, 0, 0, 210775, 46879), -- Kora Fullsails
(190935, 0, 0, 'Inconspicuous Wagon', '', NULL, NULL, NULL, 9, 0, 0, 1, 0, 0, 0, 0, 10, 0, 6, 1, 1, 0, 0, 219132, 46879), -- Inconspicuous Wagon
(190936, 0, 0, 'Expedition Shire', '', NULL, NULL, NULL, 9, 0, 0, 1, 0, 0, 0, 299, 1, 0, 0, 1, 1, 0, 0, 219133, 46879), -- Expedition Shire
(190937, 0, 0, 'Sabellian', '', NULL, NULL, NULL, 9, 0, 0, 1, 0, 0, 1, 0, 2, 4, 0, 50, 1, 0, 0, 219134, 46879), -- Sabellian
(186493, 0, 0, 'Forgemaster Bazentus', '', 'Obsidian Forgemaster', NULL, NULL, 9, 0, 0, 1, 0, 0, 1, 0, 2, 0, 32768, 10, 1, 0, 0, 210814, 46879), -- Forgemaster Bazentus
(190970, 0, 0, 'Wrathion', '', 'The Black Prince', NULL, NULL, 9, 0, 0, 1, 0, 0, 1, 0, 2, 4, 0, 50, 1, 0, 0, 219167, 46879), -- Wrathion
(190971, 0, 0, 'Shas\'ith', '', NULL, NULL, NULL, 9, 0, 0, 1, 0, 0, 2, 0, 1, 104, 0, 40, 6, 0, 151, 219168, 46879), -- Shas'ith
(188779, 0, 0, 'Ranger Otyuk', '', NULL, NULL, NULL, 9, 0, 0, 1, 0, 0, 0, 0, 7, 0, 0, 1, 1, 0, 0, 215465, 46879), -- Ranger Otyuk
(188782, 0, 0, 'Ranger Bolor', '', NULL, NULL, NULL, 9, 0, 0, 1, 0, 0, 0, 0, 7, 0, 0, 1, 1, 0, 0, 215468, 46879), -- Ranger Bolor
(191020, 0, 0, 'Inconspicuous Wagon', '', NULL, NULL, NULL, 9, 0, 0, 1, 0, 0, 0, 0, 10, 0, 6, 1, 1, 0, 0, 219217, 46879), -- Inconspicuous Wagon
(191047, 189975, 0, 'Tarasek Raider', '', NULL, NULL, NULL, 9, 0, 0, 1, 0, 0, 0, 0, 2, 0, 0, 1, 1, 0, 0, 219247, 46879), -- Tarasek Raider
(191049, 0, 0, 'Tarasek Snatcher', '', NULL, NULL, NULL, 9, 0, 0, 1, 0, 0, 6, 0, 2, 0, 0, 0.5, 1, 0, 0, 219249, 46879), -- Tarasek Snatcher
(191052, 0, 0, 'Thaladrax', '', NULL, NULL, NULL, 9, 0, 0, 1, 0, 0, 1, 0, 2, 72, 0, 10, 1, 0, 0, 219252, 46879), -- Thaladrax
(191058, 0, 0, 'Shikaar Fighter', '', NULL, NULL, NULL, 9, 0, 0, 1, 0, 0, 0, 0, 7, 4096, 0, 1, 1, 0, 0, 219262, 46879), -- Shikaar Fighter
(197772, 0, 0, 'Gigi I Wynn', '', NULL, NULL, NULL, 9, 0, 0, 1, 0, 0, 0, 0, 7, 0, 0, 1, 1, 0, 0, 226130, 46879), -- Gigi I Wynn
(191065, 0, 0, 'Shikaar Hunter', '', NULL, NULL, NULL, 9, 0, 0, 1, 0, 0, 0, 0, 7, 4096, 0, 1, 1, 0, 0, 219269, 46879), -- Shikaar Hunter
(186592, 0, 0, 'Champion Choruk', '', 'Arbalest Master', NULL, NULL, 9, 0, 0, 1, 0, 0, 0, 0, 7, 2147485768, 0, 4, 1, 0, 0, 210913, 46879), -- Champion Choruk
(193320, 0, 0, 'Reformed Earth', '', NULL, NULL, NULL, 9, 0, 0, 1, 0, 0, 6, 0, 4, 0, 0, 0.300000011920928955, 1, 0, 0, 221536, 46879), -- Reformed Earth
(191102, 0, 0, 'Shikaar Ohuna', '', NULL, NULL, NULL, 9, 0, 0, 1, 0, 0, 0, 26, 1, 0, 0, 1, 1, 0, 0, 219306, 46879), -- Shikaar Ohuna
(191103, 191634, 0, 'Uranto the Swift', '', NULL, NULL, NULL, 9, 0, 5124, 4, 0, 0, 1, 12, 1, 72, 0, 35, 1, 0, 265, 219307, 46879), -- Uranto the Swift
(186650, 0, 0, 'Farrier Roscha', '', 'Blacksmithing Supplies', NULL, NULL, 9, 0, 0, 1, 0, 0, 0, 0, 7, 134217728, 0, 1, 1, 0, 0, 210975, 46879), -- Farrier Roscha
(186653, 0, 0, 'Apprentice Ehri', '', NULL, NULL, NULL, 9, 0, 0, 1, 0, 0, 0, 0, 7, 0, 0, 1, 1, 0, 0, 210978, 46879), -- Apprentice Ehri
(186656, 0, 0, 'Sentinel Abakh', '', NULL, NULL, NULL, 9, 0, 0, 1, 0, 0, 0, 0, 7, 0, 0, 1, 1, 0, 0, 210981, 46879), -- Sentinel Abakh
(193377, 0, 0, 'Alexstrasza the Life-Binder', '', 'Queen of the Dragons', NULL, NULL, 9, 0, 0, 2, 0, 0, 1, 0, 2, 4, 0, 600, 1, 0, 0, 221593, 46879), -- Alexstrasza the Life-Binder
(193456, 0, 0, 'Archivist Edress', '', NULL, NULL, NULL, 9, 0, 0, 1, 0, 0, 0, 0, 2, 4096, 32768, 10, 1, 0, 0, 221676, 46879), -- Archivist Edress
(186752, 0, 0, 'Firstmate Kaleson', '', 'Hard Stuff', NULL, NULL, 9, 0, 0, 1, 0, 0, 0, 0, 7, 134221824, 0, 1, 1, 0, 0, 211157, 46879), -- Firstmate Kaleson
(193464, 0, 0, 'Forgemaster Bazentus', '', 'Obsidian Forgemaster', NULL, NULL, 9, 0, 0, 1, 0, 0, 1, 0, 2, 0, 32768, 10, 1, 0, 0, 221684, 46879), -- Forgemaster Bazentus
(186757, 0, 0, 'Hades Prescott', '', NULL, NULL, NULL, 9, 0, 0, 1, 0, 0, 0, 0, 7, 134221824, 0, 4, 1, 0, 0, 211162, 46879), -- Hades Prescott
(186763, 0, 0, 'Blacktalon Pack Goat', '', NULL, NULL, NULL, 9, 0, 0, 1, 0, 0, 0, 0, 1, 0, 0, 1, 1, 0, 140, 211168, 46879), -- Blacktalon Pack Goat
(186764, 0, 0, 'Blacktalon Pack Beast', '', NULL, NULL, NULL, 9, 0, 0, 1, 0, 0, 0, 0, 1, 0, 0, 1, 1, 0, 140, 211169, 46879), -- Blacktalon Pack Beast
(186765, 0, 0, 'Blacktalon Provisioner', '', NULL, NULL, NULL, 9, 0, 0, 4, 0, 0, 0, 0, 7, 0, 0, 1, 1, 0, 0, 211170, 46879), -- Blacktalon Provisioner
(197956, 0, 0, 'Injured Shrineguard', '', NULL, NULL, NULL, 9, 0, 0, 1, 0, 0, 0, 0, 2, 0, 0, 3, 1, 0, 0, 226321, 46879), -- Injured Shrineguard
(197981, 0, 0, 'Zakastia', '', 'Obsidian Throne Ferry', NULL, NULL, 9, 0, 5448, 1, 0, 0, 1, 0, 2, 0, 0, 6, 1, 0, 0, 226346, 46879), -- Zakastia
(186827, 0, 0, 'Magmaton', '', NULL, NULL, NULL, 9, 0, 5116, 2, 0, 0, 2, 0, 5, 72, 65536, 40, 1, 0, 124, 211238, 46879), -- Magmaton
(184630, 0, 0, 'Baqir', '', NULL, NULL, NULL, 9, 0, 0, 1, 0, 0, 1, 0, 7, 0, 0, 1.20000004768371582, 1, 0, 0, 208685, 46879), -- Baqir
(184636, 0, 0, 'Hearthkeeper Nokhor', '', 'Innkeeper', NULL, NULL, 9, 0, 0, 1, 0, 0, 0, 0, 7, 0, 0, 1.20000004768371582, 1, 0, 0, 208691, 46879), -- Hearthkeeper Nokhor
(189110, 0, 0, 'Trunkalumpf', '', NULL, NULL, 'wildpetcapturable', 9, 0, 0, 1, 0, 0, 0, 0, 14, 0, 0, 0.200000002980232238, 1, 0, 69, 215796, 46879), -- Trunkalumpf
(195829, 0, 0, 'Majordomo Selistra', '', NULL, NULL, NULL, 9, 0, 0, 1, 0, 0, 1, 0, 2, 0, 32768, 6, 1, 0, 0, 224074, 46879), -- Majordomo Selistra
(186892, 0, 191596, 'Qalashi Necksnapper', '', NULL, NULL, NULL, 9, 0, 0, 1, 0, 0, 0, 0, 7, 0, 0, 2, 1, 0, 0, 211305, 46879), -- Qalashi Necksnapper
(184656, 0, 0, 'Loyal Bakar', '', NULL, NULL, NULL, 9, 0, 0, 1, 0, 0, 0, 52, 1, 1, 0, 1, 1, 0, 0, 208711, 46879), -- Loyal Bakar
(184657, 0, 0, 'Shikaar Hunter', '', NULL, NULL, NULL, 9, 0, 0, 1, 0, 0, 0, 0, 7, 0, 0, 1, 1, 0, 0, 208712, 46879), -- Shikaar Hunter
(186897, 0, 0, 'Blacktalon Avenger', '', NULL, NULL, NULL, 9, 0, 0, 1, 0, 0, 0, 0, 7, 0, 0, 2, 1, 0, 0, 211310, 46879), -- Blacktalon Avenger
(186904, 0, 0, 'Sabellian', '', NULL, NULL, NULL, 9, 0, 0, 2, 0, 0, 1, 0, 2, 4, 0, 50, 1, 0, 0, 211317, 46879), -- Sabellian
(186912, 0, 0, 'Djaradin Berserker', '', NULL, NULL, NULL, 9, 0, 0, 1, 0, 0, 0, 0, 7, 0, 0, 2, 1, 0, 0, 211325, 46879), -- Djaradin Berserker
(186915, 0, 191596, 'Qalashi Gatecrasher', '', NULL, NULL, NULL, 9, 0, 0, 1, 0, 0, 1, 0, 7, 72, 0, 7, 1, 0, 0, 211358, 46879), -- Qalashi Gatecrasher
(186919, 0, 0, 'Obsidian Soldier', '', NULL, NULL, NULL, 9, 0, 0, 1, 0, 0, 0, 0, 2, 0, 0, 1.20000004768371582, 1, 0, 0, 211362, 46879), -- Obsidian Soldier
(186933, 0, 0, 'Wrathion', '', 'The Black Prince', NULL, 'questinteract', 9, 0, 0, 1, 0, 0, 1, 0, 2, 134217732, 32768, 50, 1, 0, 0, 211376, 46879), -- Wrathion
(186934, 0, 0, 'Wrathion', '', 'The Black Prince', NULL, NULL, 9, 0, 0, 1, 0, 0, 1, 0, 1, 0, 0, 30, 1, 0, 0, 211377, 46879), -- Wrathion
(186935, 0, 0, 'Wrathion', '', 'The Black Prince', NULL, 'vehichlecursor', 9, 0, 0, 1, 0, 0, 1, 0, 2, 4, 32768, 50, 1, 0, 0, 211378, 46879), -- Wrathion
(186936, 0, 0, 'Wrathion', '', 'The Black Prince', NULL, 'vehichlecursor', 9, 0, 0, 1, 0, 0, 1, 0, 2, 4, 32768, 50, 1, 0, 0, 211379, 46879), -- Wrathion
(186937, 0, 0, 'Wrathion', '', 'The Black Prince', NULL, 'vehichlecursor', 9, 0, 0, 1, 0, 0, 1, 0, 1, 0, 0, 30, 1, 0, 0, 211380, 46879), -- Wrathion
(186938, 0, 0, 'Wrathion', '', 'The Black Prince', NULL, 'vehichlecursor', 9, 0, 0, 1, 0, 0, 1, 0, 1, 0, 0, 30, 1, 0, 0, 211381, 46879), -- Wrathion
(198129, 0, 0, 'Hope Kite', '', NULL, NULL, NULL, 9, 0, 0, 1, 0, 0, 0, 0, 10, 1610612736, 67108870, 1, 1, 0, 0, 226501, 46879), -- Hope Kite
(186950, 0, 0, 'Arbalest', '', NULL, NULL, NULL, 9, 0, 0, 1, 0, 0, 0, 0, 10, 0, 0, 1, 1, 0, 0, 211397, 46879), -- Arbalest
(189199, 0, 0, 'Vadrya Valte', '', 'Trade Goods', NULL, NULL, 9, 0, 0, 1, 0, 0, 0, 0, 7, 0, 0, 2.20000004768371582, 1, 0, 0, 215885, 46879), -- Vadrya Valte
(189202, 0, 0, 'Uirreg Stoutbrow', '', 'Stable Master', NULL, NULL, 9, 0, 0, 1, 0, 0, 0, 0, 7, 0, 0, 2.20000004768371582, 1, 0, 0, 215888, 46879), -- Uirreg Stoutbrow
(189207, 0, 0, 'Griftah', '', 'Amazing Amulets', NULL, NULL, 9, 0, 0, 1, 0, 0, 0, 0, 7, 134217728, 0, 1, 1, 0, 0, 215893, 46879), -- Griftah
(189215, 0, 0, 'Moxie Lockspinner', '', NULL, NULL, NULL, 7, 7, 0, 1, 0, 0, 0, 0, 7, 4096, 0, 1, 1, 0, 0, 215901, 46879), -- Moxie Lockspinner
(191478, 191634, 0, 'Meadowhoof Calf', '', NULL, NULL, NULL, 9, 0, 0, 1, 0, 0, 6, 157, 1, 1, 0, 0.5, 1, 0, 0, 219683, 46879), -- Meadowhoof Calf
(195957, 0, 0, 'Blacktalon Strategist', '', NULL, NULL, NULL, 9, 0, 0, 4, 0, 0, 0, 0, 7, 0, 0, 2, 1, 0, 0, 224218, 46879), -- Blacktalon Strategist
(187042, 0, 0, 'Wrathion', '', 'The Black Prince', NULL, NULL, 9, 0, 0, 1, 0, 0, 1, 0, 2, 4, 32768, 50, 1, 0, 0, 213662, 46879), -- Wrathion
(187045, 0, 0, 'Wrathion', '', 'The Black Prince', NULL, NULL, 9, 0, 0, 1, 0, 0, 1, 0, 2, 4, 32768, 50, 1, 0, 0, 213665, 46879), -- Wrathion
(187046, 0, 0, 'Sabellian', '', NULL, NULL, NULL, 9, 0, 0, 2, 0, 0, 1, 0, 2, 4, 0, 50, 1, 0, 0, 213666, 46879), -- Sabellian
(189289, 199002, 0, 'Penumbrus', '', NULL, NULL, NULL, 9, 0, 5107, 1, 0, 0, 2, 0, 5, 72, 65536, 40, 1, 0, 0, 215973, 46879), -- Penumbrus
(180393, 0, 0, 'Shikaar Ranger', '', NULL, NULL, NULL, 9, 0, 0, 1, 0, 0, 0, 0, 7, 0, 0, 1, 1, 0, 0, 204043, 46879), -- Shikaar Ranger
(191596, 0, 0, 'Qalashi Forces', '', NULL, NULL, NULL, 9, 0, 0, 1, 0, 0, 0, 0, 7, 0, 0, 3, 1, 0, 0, 219801, 46879), -- Qalashi Forces
(191597, 0, 191596, 'Qalashi Crustshaper', '', NULL, NULL, NULL, 9, 0, 0, 8, 0, 0, 0, 0, 7, 0, 0, 2, 1, 0, 0, 219802, 46879), -- Qalashi Crustshaper
(191600, 0, 0, 'Talonstalker Kavia', '', NULL, NULL, NULL, 9, 0, 0, 1, 0, 0, 0, 0, 7, 4096, 32768, 1, 1, 0, 0, 219805, 46879), -- Talonstalker Kavia
(191640, 0, 0, 'Sabellian', '', NULL, NULL, NULL, 9, 0, 0, 1, 0, 0, 1, 0, 2, 4, 0, 50, 1, 0, 0, 219845, 46879), -- Sabellian
(191646, 0, 0, 'Wrathion', '', 'The Black Prince', NULL, 'vehichlecursor', 9, 0, 0, 1, 0, 0, 1, 0, 2, 4, 0, 50, 1, 0, 0, 219851, 46879), -- Wrathion
(191648, 0, 0, 'Wrathion', '', 'The Black Prince', NULL, 'vehichlecursor', 9, 0, 0, 1, 0, 0, 1, 0, 2, 4, 0, 50, 1, 0, 0, 219853, 46879), -- Wrathion
(182706, 0, 0, 'Butterfly', '', NULL, NULL, NULL, 9, 0, 0, 1, 0, 0, 6, 0, 8, 0, 0, 0.200000002980232238, 1, 0, 0, 206520, 46879), -- Butterfly
(187187, 187158, 0, 'Blacktalon Avenger', '', NULL, NULL, NULL, 9, 0, 0, 1, 0, 0, 0, 0, 7, 0, 0, 2.20000004768371582, 1, 0, 0, 213817, 46879), -- Blacktalon Avenger
(187189, 187158, 0, 'Blacktalon Assassin', '', NULL, NULL, NULL, 9, 0, 0, 4, 0, 0, 0, 0, 7, 0, 0, 1.799999952316284179, 1, 0, 0, 213819, 46879), -- Blacktalon Assassin
(191669, 0, 0, 'Wrathion', '', 'The Black Prince', NULL, 'vehichlecursor', 9, 0, 0, 1, 0, 0, 1, 0, 2, 4, 32768, 50, 1, 0, 0, 219874, 46879), -- Wrathion
(182725, 0, 0, 'Shikaar Preyseeker', '', NULL, NULL, NULL, 9, 0, 0, 1, 0, 0, 0, 0, 7, 0, 0, 2, 1, 0, 0, 206539, 46879), -- Shikaar Preyseeker
(182727, 0, 0, 'Shikaar Beastmaster', '', NULL, NULL, NULL, 9, 0, 0, 1, 0, 0, 0, 0, 7, 0, 0, 2, 1, 0, 0, 206541, 46879), -- Shikaar Beastmaster
(191696, 0, 0, 'Mature Basilisk', '', NULL, NULL, NULL, 9, 0, 0, 1, 0, 0, 0, 130, 1, 1, 0, 2, 1, 0, 0, 219901, 46879), -- Mature Basilisk
(189461, 0, 0, 'Obsidian Watcher', '', NULL, NULL, NULL, 9, 0, 0, 1, 0, 0, 0, 0, 2, 0, 0, 1.20000004768371582, 1, 0, 0, 216145, 46879), -- Obsidian Watcher
(191705, 194567, 0, 'Apex Proto-Dragon', '', NULL, NULL, NULL, 9, 0, 0, 1, 0, 0, 1, 0, 2, 0, 0, 8, 1, 0, 0, 219910, 46879), -- Apex Proto-Dragon
(191710, 0, 0, 'Left', '', 'Blacktalon Bodyguard', NULL, NULL, 9, 0, 0, 1, 0, 0, 1, 0, 7, 0, 32768, 10, 1, 0, 0, 219915, 46879), -- Left
(191711, 0, 0, 'Right', '', 'Blacktalon Bodyguard', NULL, NULL, 9, 0, 0, 1, 0, 0, 1, 0, 7, 0, 32768, 10, 1, 0, 0, 219916, 46879), -- Right
(191725, 0, 0, 'Shikaar Blacksmith', '', NULL, NULL, NULL, 9, 0, 0, 1, 0, 0, 0, 0, 7, 0, 0, 1, 1, 0, 0, 219930, 46879), -- Shikaar Blacksmith
(191737, 0, 0, 'Wrathion', '', 'The Black Prince', NULL, NULL, 9, 0, 0, 1, 0, 0, 1, 0, 2, 4, 0, 50, 1, 0, 0, 219942, 46879), -- Wrathion
(189507, 0, 0, 'Talonstalker Kavia', '', NULL, NULL, NULL, 9, 0, 0, 4, 0, 0, 0, 0, 7, 0, 32768, 5, 1, 0, 0, 216191, 46879), -- Talonstalker Kavia
(198457, 0, 0, 'Dragon Glyph', '', NULL, NULL, NULL, 9, 0, 0, 1, 0, 0, 0, 0, 10, 1610612752, 67108870, 1, 1, 0, 0, 226836, 46879), -- Dragon Glyph
(198458, 0, 0, 'Dragon Glyph', '', NULL, NULL, NULL, 9, 0, 0, 1, 0, 0, 0, 0, 10, 1610612752, 67108870, 1, 1, 0, 0, 226837, 46879), -- Dragon Glyph
(182815, 0, 0, 'Summoned Lava Elemental', '', NULL, NULL, NULL, 9, 0, 0, 1, 0, 0, 0, 0, 4, 0, 0, 2, 1, 0, 0, 206629, 46879), -- Summoned Lava Elemental
(182816, 0, 0, 'Summoned Lava Elemental', '', NULL, NULL, NULL, 9, 0, 0, 1, 0, 0, 0, 0, 4, 0, 0, 1, 1, 0, 0, 206630, 46879), -- Summoned Lava Elemental
(191788, 194566, 0, 'Wild Proto-Drake', '', NULL, NULL, NULL, 9, 0, 0, 1, 0, 0, 0, 0, 2, 0, 0, 2, 1, 0, 0, 219993, 46879), -- Wild Proto-Drake
(196265, 0, 0, 'Wrathion', '', 'The Black Prince', NULL, NULL, 9, 0, 0, 1, 0, 0, 1, 0, 2, 4, 32768, 50, 1, 0, 0, 224533, 46879), -- Wrathion
(194040, 0, 0, 'Timberstep Guard', '', NULL, NULL, NULL, 9, 9, 0, 1, 0, 0, 1, 0, 7, 0, 0, 15, 1, 0, 0, 222269, 46879), -- Timberstep Guard
(194041, 0, 0, 'Timberstep Archer', '', NULL, NULL, NULL, 9, 9, 0, 1, 0, 0, 1, 0, 7, 0, 0, 15, 1, 0, 0, 222270, 46879), -- Timberstep Archer
(191816, 0, 0, 'Blacktalon Shadowclaw', '', NULL, NULL, NULL, 9, 7, 0, 1, 0, 0, 1, 0, 7, 0, 0, 5, 1, 0, 0, 220021, 46879), -- Blacktalon Shadowclaw
(191823, 0, 0, 'Vicious Proto-Drake', '', NULL, NULL, NULL, 9, 0, 0, 1, 0, 0, 0, 0, 2, 0, 0, 1, 1, 0, 0, 220028, 46879), -- Vicious Proto-Drake
(191826, 0, 0, 'Mature Thunder Lizard', '', NULL, NULL, NULL, 9, 0, 0, 2, 0, 0, 0, 156, 1, 1, 0, 2, 1, 0, 0, 220031, 46879), -- Mature Thunder Lizard
(191835, 0, 0, 'Blacktalon Scout', '', NULL, NULL, NULL, 9, 7, 0, 1, 0, 0, 1, 0, 7, 0, 0, 5, 1, 0, 0, 220040, 46879), -- Blacktalon Scout
(187366, 196477, 0, 'Worldcarver Wurmling', '', NULL, NULL, NULL, 9, 0, 0, 1, 0, 0, 1, 0, 1, 0, 0, 8, 1, 0, 0, 214004, 46879), -- Worldcarver Wurmling
(191851, 0, 0, 'Blacktalon Shadowclaw', '', NULL, NULL, 'vehichlecursor', 9, 7, 0, 1, 0, 0, 0, 0, 7, 0, 0, 5, 1, 0, 0, 220056, 46879), -- Blacktalon Shadowclaw
(196336, 196477, 0, 'Qalashi Flameslinger', '', NULL, NULL, NULL, 9, 0, 0, 8, 0, 0, 1, 0, 7, 0, 0, 7, 1, 0, 0, 224605, 46879), -- Qalashi Flameslinger
(191875, 0, 0, 'Wrathion', '', 'The Black Prince', NULL, NULL, 9, 0, 0, 1, 0, 0, 1, 0, 2, 4, 0, 50, 1, 0, 0, 220080, 46879), -- Wrathion
(191878, 0, 0, 'Sabellian', '', NULL, NULL, NULL, 9, 0, 0, 1, 0, 0, 1, 0, 2, 4, 0, 50, 1, 0, 0, 220083, 46879), -- Sabellian
(189643, 0, 0, 'Qalashi Crustshaper', '', NULL, NULL, NULL, 9, 0, 0, 8, 0, 0, 0, 0, 7, 1073741824, 0, 3, 1, 0, 0, 216328, 46879), -- Qalashi Crustshaper
(198621, 0, 0, 'Tracker Dragon Glyph', '', NULL, NULL, NULL, 9, 0, 0, 1, 0, 0, 0, 0, 10, 1610612752, 67108870, 1, 1, 0, 0, 227006, 46879), -- Tracker Dragon Glyph
(194152, 0, 0, 'Agurahl the Butcher', '', 'Meat Vendor', NULL, NULL, 9, 0, 0, 1, 0, 0, 0, 0, 7, 0, 0, 1.20000004768371582, 1, 0, 0, 222381, 46879), -- Agurahl the Butcher
(198630, 0, 0, 'Tracker Dragon Glyph', '', NULL, NULL, NULL, 9, 0, 0, 1, 0, 0, 0, 0, 10, 1610612752, 67108870, 1, 1, 0, 0, 227015, 46879), -- Tracker Dragon Glyph
(198632, 0, 0, 'Tracker Dragon Glyph', '', NULL, NULL, NULL, 9, 0, 0, 1, 0, 0, 0, 0, 10, 1610612752, 67108870, 1, 1, 0, 0, 227017, 46879), -- Tracker Dragon Glyph
(194170, 0, 0, 'Flametender Busa', '', NULL, NULL, NULL, 9, 0, 0, 1, 0, 0, 0, 0, 7, 0, 0, 1.20000004768371582, 1, 0, 0, 222399, 46879), -- Flametender Busa
(194175, 0, 0, 'Emerald Whelpling', '', NULL, NULL, NULL, 9, 0, 0, 1, 0, 0, 6, 0, 2, 0, 0, 0.5, 1, 0, 0, 222404, 46879), -- Emerald Whelpling
(194176, 0, 0, 'Ruby Whelpling', '', NULL, NULL, NULL, 9, 0, 0, 1, 0, 0, 6, 0, 2, 0, 0, 0.5, 1, 0, 0, 222405, 46879), -- Ruby Whelpling
(194177, 0, 0, 'Bronze Whelpling', '', NULL, NULL, NULL, 9, 0, 0, 1, 0, 0, 6, 0, 2, 0, 0, 0.5, 1, 0, 0, 222406, 46879), -- Bronze Whelpling
(194185, 0, 0, 'Makhul', '', 'Skinning Trainer', NULL, NULL, 9, 0, 0, 1, 0, 0, 0, 0, 7, 0, 0, 1.20000004768371582, 1, 0, 0, 222414, 46879), -- Makhul
(198670, 0, 0, 'Tracker Dragon Glyph', '', NULL, NULL, NULL, 9, 0, 0, 1, 0, 0, 0, 0, 10, 1610612752, 67108870, 1, 1, 0, 0, 227059, 46879), -- Tracker Dragon Glyph
(187495, 0, 0, 'Wrathion', '', 'The Black Prince', NULL, NULL, 9, 0, 0, 1, 0, 0, 1, 0, 2, 134217732, 32768, 50, 1, 0, 0, 214133, 46879), -- Wrathion
(189734, 190079, 191596, 'Qalashi Boltthrower', '', NULL, NULL, NULL, 9, 0, 0, 1, 0, 0, 0, 0, 7, 0, 0, 1.5, 1, 0, 0, 216419, 46879), -- Qalashi Boltthrower
(187524, 0, 0, 'Obsidian Bladewing', '', NULL, NULL, NULL, 9, 0, 0, 1, 0, 0, 1, 0, 2, 0, 0, 1, 1, 0, 0, 214162, 46879), -- Obsidian Bladewing
(187530, 0, 0, 'Evorian', '', NULL, NULL, NULL, 9, 0, 0, 1, 0, 0, 1, 0, 2, 4, 0, 1, 1, 0, 0, 214168, 46879), -- Evorian
(189768, 0, 191596, 'Qalashi Flamelobber', '', NULL, NULL, NULL, 9, 0, 0, 8, 0, 0, 0, 0, 7, 0, 0, 2, 1, 0, 0, 216453, 46879), -- Qalashi Flamelobber
(187533, 0, 0, 'Gulchak', '', 'Sabellian\'s Servant', NULL, NULL, 9, 0, 0, 1, 0, 0, 0, 0, 5, 0, 0, 4, 1, 0, 151, 214171, 46879), -- Gulchak
(187538, 0, 0, 'Champion Ugi', '', NULL, NULL, NULL, 9, 0, 0, 1, 0, 0, 1, 0, 7, 6144, 0, 5, 1, 0, 0, 214176, 46879), -- Champion Ugi
(189776, 0, 0, 'Qalashi Bonebreaker', '', NULL, NULL, NULL, 9, 0, 0, 1, 0, 0, 1, 0, 7, 0, 0, 7, 1, 0, 0, 216461, 46879), -- Qalashi Bonebreaker
(187541, 0, 0, 'Obsidian Protector', '', NULL, NULL, NULL, 9, 0, 0, 1, 0, 0, 1, 0, 2, 0, 0, 15, 1, 0, 0, 214179, 46879), -- Obsidian Protector
(198736, 0, 0, 'Zetch', '', NULL, NULL, NULL, 9, 0, 0, 1, 0, 0, 0, 0, 7, 0, 0, 1, 1, 0, 0, 227139, 46879), -- Zetch
(198737, 0, 0, 'Firewing', '', NULL, NULL, NULL, 9, 0, 0, 1, 0, 0, 0, 0, 8, 0, 0, 0.200000002980232238, 1, 0, 69, 227140, 46879), -- Firewing
(192028, 0, 0, 'Trunkalumpf', '', NULL, NULL, NULL, 9, 0, 0, 1, 0, 0, 0, 0, 8, 0, 0, 0.200000002980232238, 1, 0, 69, 220237, 46879), -- Trunkalumpf
(196518, 0, 0, 'Voraxian', '', NULL, NULL, NULL, 9, 0, 0, 2, 0, 0, 1, 0, 2, 134217728, 32768, 50, 1, 0, 0, 224791, 46879), -- Voraxian
(192047, 0, 0, 'Scruffy Ottuk', '', NULL, NULL, NULL, 9, 0, 0, 1, 0, 0, 0, 0, 8, 0, 0, 0.200000002980232238, 1, 0, 80, 220256, 46879), -- Scruffy Ottuk
(189811, 0, 0, 'Agitated Keystone', '', NULL, NULL, NULL, 9, 0, 0, 1, 0, 0, 0, 0, 4, 0, 0, 2, 1, 0, 0, 216496, 46879), -- Agitated Keystone
(189823, 0, 0, 'Ravenous Nestling', '', NULL, NULL, NULL, 9, 0, 0, 1, 0, 0, 0, 3, 1, 0, 0, 1, 1, 0, 0, 216508, 46879), -- Ravenous Nestling
(189825, 0, 0, 'Ravenous Nestling', '', NULL, NULL, NULL, 9, 0, 0, 1, 0, 0, 0, 3, 1, 1, 0, 1, 1, 0, 0, 216510, 46879), -- Ravenous Nestling
(189826, 0, 0, 'Hanging Spider Vehicle', '', NULL, NULL, NULL, 8, 0, 0, 1, 0, 0, 0, 0, 10, 0, 0, 1, 1, 0, 0, 216511, 46879), -- Hanging Spider Vehicle
(189834, 0, 191596, 'Qalashi Stonebinder', '', NULL, NULL, NULL, 9, 0, 0, 8, 0, 0, 1, 0, 7, 0, 0, 7, 1, 0, 0, 216519, 46879), -- Qalashi Stonebinder
(189835, 0, 0, 'Woodwing Quacker', '', NULL, NULL, NULL, 9, 0, 0, 1, 0, 0, 6, 125, 1, 1, 0, 0.300000011920928955, 1, 0, 0, 216520, 46879), -- Woodwing Quacker
(189841, 0, 0, 'Russet Mudwalker', '', NULL, NULL, NULL, 9, 0, 0, 1, 0, 0, 0, 288, 1, 1, 0, 1, 1, 0, 0, 216526, 46879), -- Russet Mudwalker
(189866, 0, 0, 'Scalecommander Emberthal', '', NULL, NULL, NULL, 9, 0, 0, 2, 0, 0, 0, 0, 7, 0, 0, 20, 1, 0, 0, 216552, 46879), -- Scalecommander Emberthal
(189875, 0, 0, 'Animated Cindershards', '', NULL, NULL, NULL, 9, 0, 0, 1, 0, 0, 0, 0, 4, 0, 0, 1, 1, 0, 0, 216561, 46879), -- Animated Cindershards
(192121, 0, 0, 'Falron Greygold', '', 'Jewelcrafting Trainer', NULL, NULL, 9, 0, 0, 1, 0, 0, 0, 0, 7, 0, 0, 2.20000004768371582, 1, 0, 0, 220330, 46879); -- Falron Greygold

INSERT INTO `creature_template` (`entry`, `KillCredit1`, `KillCredit2`, `name`, `femaleName`, `subname`, `TitleAlt`, `IconName`, `HealthScalingExpansion`, `RequiredExpansion`, `VignetteID`, `unit_class`, `WidgetSetID`, `WidgetSetUnitConditionID`, `rank`, `family`, `type`, `type_flags`, `type_flags2`, `HealthModifier`, `ManaModifier`, `RacialLeader`, `movementId`, `CreatureDifficultyID`, `VerifiedBuild`) VALUES
(183186, 196477, 0, 'Qalashi Wingrider', '', NULL, NULL, NULL, 9, 0, 0, 1, 0, 0, 1, 0, 7, 0, 0, 7, 1, 0, 0, 207002, 46879), -- Qalashi Wingrider
(183187, 0, 0, 'Dreadsquall', '', NULL, NULL, NULL, 9, 0, 0, 1, 0, 0, 1, 26, 1, 1, 0, 6, 1, 0, 0, 207003, 46879), -- Dreadsquall
(198847, 0, 0, 'Swart', '', NULL, NULL, NULL, 9, 0, 0, 1, 0, 0, 1, 0, 2, 0, 0, 1, 1, 0, 0, 227253, 46879), -- Swart
(198850, 0, 0, 'Inchy', '', NULL, NULL, NULL, 9, 0, 0, 1, 0, 0, 0, 292, 1, 0, 0, 0.100000001490116119, 1, 0, 1003, 227256, 46879), -- Inchy
(198851, 0, 0, 'Slugha', '', NULL, NULL, NULL, 9, 0, 0, 1, 0, 0, 0, 292, 1, 0, 0, 0.100000001490116119, 1, 0, 1003, 227257, 46879), -- Slugha
(187668, 0, 0, 'Scalesmith Viro', '', NULL, NULL, NULL, 9, 0, 0, 1, 0, 0, 0, 0, 2, 0, 0, 10, 1, 0, 0, 214334, 46879), -- Scalesmith Viro
(198854, 0, 0, 'Obsidian Outfitter', '', NULL, NULL, NULL, 9, 0, 0, 8, 0, 0, 0, 0, 2, 0, 0, 1.20000004768371582, 1, 0, 0, 227260, 46879), -- Obsidian Outfitter
(198864, 0, 0, 'Observant Rat', '', NULL, NULL, NULL, 9, 0, 0, 4, 0, 0, 0, 0, 1, 0, 0, 0.100000001490116119, 1, 0, 0, 227276, 46879), -- Observant Rat
(192155, 0, 0, 'Felona Oregrab', '', 'Jewelcrafting Supplies', NULL, NULL, 9, 0, 0, 1, 0, 0, 0, 0, 7, 0, 0, 2.20000004768371582, 1, 0, 0, 220364, 46879), -- Felona Oregrab
(192164, 0, 0, 'Gringot Coldsteel', '', 'Blacksmithing Trainer', NULL, NULL, 9, 0, 0, 1, 0, 0, 0, 0, 7, 0, 0, 2.20000004768371582, 1, 0, 0, 220373, 46879), -- Gringot Coldsteel
(192165, 0, 0, 'Winnie Fingerspring', '', 'Engineering Trainer', NULL, NULL, 9, 0, 0, 1, 0, 0, 0, 0, 7, 4096, 0, 10, 1, 0, 0, 220374, 46879), -- Winnie Fingerspring
(198877, 0, 0, 'Blacktalon Sentry', '', NULL, NULL, NULL, 9, 0, 0, 1, 0, 0, 0, 0, 2, 0, 0, 2, 1, 0, 0, 227289, 46879), -- Blacktalon Sentry
(198879, 0, 0, 'Fingerspring Security', '', NULL, NULL, NULL, 9, 0, 0, 1, 0, 0, 1, 0, 7, 0, 0, 15, 1, 0, 0, 227291, 46879), -- Fingerspring Security
(196646, 0, 0, 'Ruby Warden', '', NULL, NULL, NULL, 9, 0, 0, 1, 0, 0, 1, 0, 2, 0, 0, 6, 1, 0, 0, 224922, 46879), -- Ruby Warden
(196647, 0, 0, 'Ruby Lifetender', '', NULL, NULL, NULL, 9, 0, 0, 8, 0, 0, 0, 0, 2, 0, 0, 2.20000004768371582, 1, 0, 0, 224923, 46879), -- Ruby Lifetender
(192177, 0, 0, 'Filbin Gearknock', '', 'Engineering Supplies', NULL, NULL, 9, 0, 0, 1, 0, 0, 0, 0, 7, 0, 0, 1, 1, 0, 0, 220386, 46879), -- Filbin Gearknock
(189942, 0, 0, 'Wrathion', '', 'The Black Prince', NULL, NULL, 9, 0, 0, 1, 0, 0, 1, 0, 2, 1610612756, 117440518, 50, 1, 0, 0, 216631, 46879), -- Wrathion
(196663, 0, 0, 'Ruby Scaleguard', '', NULL, NULL, NULL, 9, 0, 0, 1, 0, 0, 1, 0, 2, 0, 0, 6.5, 1, 0, 0, 224942, 46879), -- Ruby Scaleguard
(196668, 0, 0, 'Wistful Watcher', '', NULL, NULL, NULL, 9, 0, 0, 1, 0, 0, 6, 0, 2, 0, 0, 0.60000002384185791, 1, 0, 0, 224948, 46879), -- Wistful Watcher
(196673, 0, 0, 'Vacationing Tender', '', NULL, NULL, NULL, 9, 0, 0, 1, 0, 0, 6, 0, 2, 0, 0, 0.60000002384185791, 1, 0, 0, 224953, 46879), -- Vacationing Tender
(181016, 0, 0, 'Blacktalon Sentry', '', NULL, NULL, NULL, 9, 0, 0, 1, 0, 0, 0, 0, 2, 0, 0, 1.20000004768371582, 1, 0, 0, 204695, 46879), -- Blacktalon Sentry
(201154, 0, 0, 'Surging Magma', '', NULL, NULL, NULL, 9, 0, 0, 1, 0, 0, 6, 0, 4, 0, 0, 0.5, 1, 0, 0, 229733, 46879), -- Surging Magma
(187785, 0, 0, 'Surging Magma', '', NULL, NULL, NULL, 9, 0, 0, 1, 0, 0, 6, 0, 4, 0, 0, 0.5, 1, 0, 0, 214461, 46879), -- Surging Magma
(187799, 0, 0, 'Reed Skimmer', '', NULL, NULL, NULL, 9, 0, 0, 1, 0, 0, 0, 0, 8, 0, 0, 0.200000002980232238, 1, 0, 0, 214475, 46879), -- Reed Skimmer
(187802, 0, 0, 'Mudfin Frenzy', '', NULL, NULL, NULL, 9, 0, 0, 1, 0, 0, 0, 0, 1, 0, 0, 1.20000004768371582, 1, 0, 0, 214478, 46879), -- Mudfin Frenzy
(187813, 196477, 0, 'Qalashi Wallcrasher', '', NULL, NULL, NULL, 9, 0, 0, 1, 0, 0, 1, 0, 7, 0, 0, 7, 1, 0, 0, 214489, 46879), -- Qalashi Wallcrasher
(190079, 0, 191596, 'Qalashi Boltthrower', '', NULL, NULL, NULL, 9, 0, 0, 1, 0, 0, 0, 0, 7, 0, 0, 1.5, 1, 0, 0, 216768, 46879), -- Qalashi Boltthrower
(196791, 0, 0, 'Kixandria', '', NULL, NULL, NULL, 9, 0, 0, 2, 0, 0, 1, 0, 2, 0, 0, 50, 1, 0, 0, 225076, 46879), -- Kixandria
(194560, 0, 0, 'Earth-Warder\'s Forge', '', NULL, NULL, NULL, 9, 0, 0, 1, 0, 0, 0, 0, 10, 0, 0, 1, 1, 0, 0, 222791, 46879), -- Earth-Warder's Forge
(190100, 0, 0, 'Pack Musken', '', NULL, NULL, NULL, 9, 0, 0, 1, 0, 0, 0, 157, 1, 1, 0, 1.20000004768371582, 1, 0, 0, 216789, 46879), -- Pack Musken
(187867, 196477, 0, 'Qalashi Magmacrafter', '', NULL, NULL, NULL, 9, 0, 0, 8, 0, 0, 1, 0, 7, 0, 0, 7, 1, 0, 0, 214543, 46879), -- Qalashi Magmacrafter
(187868, 0, 0, 'Molten Uprising', '', NULL, NULL, NULL, 9, 0, 0, 1, 0, 0, 0, 0, 4, 0, 0, 2, 1, 0, 74, 214544, 46879), -- Molten Uprising
(190107, 0, 0, 'Archivist Edress', '', NULL, NULL, NULL, 9, 7, 0, 1, 0, 0, 0, 0, 7, 4096, 0, 10, 1, 0, 205, 216796, 46879), -- Archivist Edress
(192345, 0, 0, 'Grass Gopher', '', NULL, NULL, NULL, 9, 0, 0, 1, 0, 0, 0, 0, 8, 0, 0, 0.100000001490116119, 1, 0, 121, 220555, 46879), -- Grass Gopher
(190108, 0, 0, 'Scalecommander Emberthal', '', NULL, NULL, NULL, 9, 0, 0, 1, 0, 0, 0, 0, 7, 0, 0, 20, 1, 0, 205, 216797, 46879), -- Scalecommander Emberthal
(192347, 0, 0, 'Prairie Buzzwing', '', NULL, NULL, NULL, 9, 0, 0, 1, 0, 0, 6, 0, 8, 0, 0, 0.200000002980232238, 1, 0, 0, 220557, 46879), -- Prairie Buzzwing
(190111, 0, 0, 'Blacktalon Assassin', '', NULL, NULL, NULL, 9, 0, 0, 4, 0, 0, 0, 0, 7, 0, 0, 10, 1, 0, 0, 216800, 46879), -- Blacktalon Assassin
(190115, 0, 191596, 'Qalashi Pillager', '', NULL, NULL, NULL, 9, 0, 0, 1, 0, 0, 1, 0, 7, 0, 0, 7, 1, 0, 0, 216805, 46879), -- Qalashi Pillager
(192353, 0, 0, 'Scout Tomul', '', NULL, NULL, NULL, 9, 0, 0, 1, 0, 0, 0, 0, 7, 0, 0, 1.20000004768371582, 1, 0, 0, 220563, 46879), -- Scout Tomul
(190116, 186892, 191596, 'Qalashi Skullhauler', '', NULL, NULL, NULL, 9, 0, 0, 1, 0, 0, 0, 0, 7, 0, 0, 1.5, 1, 0, 0, 216807, 46879), -- Qalashi Skullhauler
(190117, 0, 191596, 'Djaradin Magmathrower', '', NULL, NULL, NULL, 9, 0, 0, 8, 0, 0, 1, 0, 7, 0, 0, 7, 1, 0, 0, 216808, 46879), -- Djaradin Magmathrower
(190118, 0, 0, 'Winds of the Isles', '', NULL, NULL, NULL, 9, 0, 5408, 1, 0, 0, 0, 0, 10, 1610612752, 67108870, 1, 1, 0, 0, 216809, 46879), -- Winds of the Isles
(190132, 0, 0, 'Shikaar Ohuna', '', NULL, NULL, NULL, 9, 0, 0, 1, 0, 0, 0, 26, 1, 0, 0, 1, 1, 0, 0, 216823, 46879); -- Shikaar Ohuna

UPDATE `creature_template` SET `VerifiedBuild`=46879 WHERE `entry` IN (89, 61029, 43499, 32641, 32642, 191639, 26125, 24207, 1860, 192134, 31216);
UPDATE `creature_template` SET `HealthScalingExpansion`=9, `VerifiedBuild`=46879 WHERE `entry`=58542; -- Past Self
UPDATE `creature_template` SET `HealthScalingExpansion`=9, `VerifiedBuild`=46879 WHERE `entry`=416; -- Imp
UPDATE `creature_template` SET `HealthScalingExpansion`=9, `VerifiedBuild`=46879 WHERE `entry`=58960; -- Voidlord
UPDATE `creature_template` SET `HealthScalingExpansion`=9, `VerifiedBuild`=46879 WHERE `entry`=156558; -- Generic - Empty Bunny

DELETE FROM `creature_template_model` WHERE (`Idx`=0 AND `CreatureID` IN (186176,186175,186656,185920,181218,199568,194185,194152,184630,182706,181217,188624,186653,184636,194904,194170,194040,193009,190100,188779,188640,186189,194041,188782,186650,186190,186183,189841,189835,190611,187802,192576,192028,187984,187960,187975,187985,187939,187938,192654,190132,182725,180393,192856,192651,192382,187799,185883,184657,184656,182727,192854,192387,185882,183595,188089,191478,189110,190908,191788,190909,192345,190906,190905,192577,192347,191725,198458,191058,195367,192353,191065,187981,192926,198670,188088,194633,196673,196668,196663,191826,185878,191103,191705,191102,198632,198457,193377,191878,191875,195829,185905,197956,195212,190740,195074,190819,190533,194176,194175,190821,194177,191052,196646,196647,192047,188668,191049,191047,191737,191640,190935,191823,196995,188444,186763,186757,186752,186454,186447,186429,194836,192177,192165,188445,187189,186430,186331,186326,186317,198879,191696,190519,189461,187187,186764,181016,198129,191020,190970,190937,190936,190831,191851,198621,194709,186827,195128,195009,195001,195127,199298,191600,188434,198737,198736,198851,198850,196518,196791,196336,182815,189215,186765,188380,192164,197772,189207,187538,187533,188336,192121,192155,195957,189199,186324,189202,188443,188344,188440,192564,198847,198864,188623,188351,194984,190118,188349,191710,198630,198854,193464,186451,186452,188415,198877,193456,188625,187541,191711,187495,185894,187524,193320,190910,186335,197981,190314,191816,191835,187042,194560,191669,189289,190971,190117,189875,189826,189825,189823,190115,190153,190111,190107,190108,190162,188135,188179,187668,186493,189866,189507,186312,190150,188140,187046,187045,186314,196265,189811,187867,187868,187813,186938,191648,186936,187785,186937,186912,191646,186935,189834,188332,189734,186239,181763,186592,190079,190116,197340,190163,188158,189942,186934,189776,187919,188155,190485,190484,191596,187366,186950,186904,188136,188141,188133,197341,186933,191597,186897,183186,187530,189768,182816,188143,195187,186919,186915,189643,201154,186892,183187,186241)) OR (`Idx`=1 AND `CreatureID` IN (199568,182706,194040,193009,190100,194041,189835,190611,187802,192576,192028,187984,187985,190132,182725,180393,192651,192382,187799,184657,184656,182727,192854,192387,183595,188089,189110,191788,190909,192345,190905,192577,192347,198458,191058,191065,187981,198670,196673,196663,191826,191102,198632,198457,193377,191878,191875,195829,185905,197956,190740,195074,196646,196647,192047,188668,191049,191047,191737,191640,187189,191696,189461,187187,181016,190970,190937,190936,190831,198621,194709,199298,188434,196518,196336,182815,186765,188336,186324,188440,192564,194984,190118,198630,198854,186451,186452,198877,187541,187495,185894,190910,186335,191835,194560,191669,190117,189826,190115,190153,190111,188135,188140,187046,187045,187867,187813,186912,189834,189734,186239,190079,190116,197340,188158,189776,188155,187366,186950,197341,191597,186897,183186,189768,182816,195187,186919,186915,189643,186892,186241)) OR (`Idx`=5 AND `CreatureID` IN (182706,187802,183595,196673,196663,196646,196647,187189,189461,187187,181016,196336,186765,188336,188440,186451,186452,198877,187541,186335,191835,190117,190115,190153,190111,187867,187813,189834,197340,197341,191597,186897,183186,189768,195187,186919,186915,189643,186892)) OR (`Idx`=4 AND `CreatureID` IN (182706,187802,183595,191788,196673,196663,191826,196646,196647,187189,189461,187187,181016,196336,186765,188336,188440,186451,186452,198877,187541,186335,191835,190117,190115,190153,190111,187867,187813,189834,197340,197341,191597,186897,183186,189768,195187,186919,186915,189643,186892)) OR (`Idx`=3 AND `CreatureID` IN (182706,194040,194041,187802,180393,184657,183595,188089,191788,190909,196673,196663,191826,196646,196647,187189,189461,187187,181016,199298,196336,186765,188336,188440,186451,186452,198877,187541,186335,191835,190117,190115,190153,190111,187867,187813,189834,189734,186239,190079,190116,197340,197341,191597,186897,183186,189768,195187,186919,186915,189643,186892)) OR (`Idx`=2 AND `CreatureID` IN (182706,194040,190100,194041,187802,192028,187985,180393,184657,183595,188089,189110,191788,190909,192345,190905,196673,196663,191826,191102,195829,197956,196646,196647,192047,188668,191049,191047,191737,191640,187189,191696,189461,187187,181016,199298,196518,196336,186765,188336,188440,192564,190118,186451,186452,198877,187541,187495,185894,190910,186335,191835,191669,190117,190115,190153,190111,188135,188140,187046,187867,187813,189834,189734,186239,190079,190116,197340,188158,188155,197341,191597,186897,183186,189768,195187,186919,186915,189643,186892)) OR (`Idx`=14 AND `CreatureID`=183595) OR (`Idx`=13 AND `CreatureID`=183595) OR (`Idx`=12 AND `CreatureID`=183595) OR (`Idx`=11 AND `CreatureID` IN (183595,187189,186765,186452,190153,190111)) OR (`Idx`=10 AND `CreatureID` IN (183595,187189,187187,186765,186452,190153,190111)) OR (`Idx`=9 AND `CreatureID` IN (183595,187189,187187,186765,186451,186452,186335,190153,190111)) OR (`Idx`=8 AND `CreatureID` IN (183595,187189,187187,186765,186451,186452,186335,191835,190153,190111,197340,197341,186897)) OR (`Idx`=7 AND `CreatureID` IN (183595,196673,196663,196646,196647,187189,189461,187187,181016,196336,186765,188336,188440,186451,186452,198877,187541,186335,191835,190117,190115,190153,190111,187867,187813,189834,197340,197341,191597,186897,183186,189768,195187,186919,186915,186892)) OR (`Idx`=6 AND `CreatureID` IN (183595,196673,196663,196646,196647,187189,189461,187187,181016,196336,186765,188336,188440,186451,186452,198877,187541,186335,191835,190117,190115,190153,190111,187867,187813,189834,197340,197341,191597,186897,183186,189768,195187,186919,186915,186892));
INSERT INTO `creature_template_model` (`CreatureID`, `Idx`, `CreatureDisplayID`, `DisplayScale`, `Probability`, `VerifiedBuild`) VALUES
(186176, 0, 105626, 1, 1, 46879), -- Aru
(186175, 0, 105625, 1, 1, 46879), -- Belika
(186656, 0, 106566, 1, 1, 46879), -- Sentinel Abakh
(185920, 0, 105539, 1, 1, 46879), -- Okir
(181218, 0, 101603, 1.10000002384185791, 1, 46879), -- Basran
(199568, 1, 27823, 1, 1, 46879), -- Invisible Bunny, Controller - gameobject assist [DNT]
(199568, 0, 328, 1, 0, 46879), -- Invisible Bunny, Controller - gameobject assist [DNT]
(194185, 0, 108401, 1, 1, 46879), -- Makhul
(194152, 0, 108399, 1.10000002384185791, 1, 46879), -- Agurahl the Butcher
(184630, 0, 105135, 1, 1, 46879), -- Baqir
(182706, 5, 104045, 1, 1, 46879), -- Butterfly
(182706, 4, 104044, 1, 1, 46879), -- Butterfly
(182706, 3, 104043, 1, 1, 46879), -- Butterfly
(182706, 2, 104042, 1, 1, 46879), -- Butterfly
(182706, 1, 104041, 1, 1, 46879), -- Butterfly
(182706, 0, 104040, 1, 1, 46879), -- Butterfly
(181217, 0, 102115, 1, 1, 46879), -- Sansok Khan
(188624, 0, 103522, 1, 1, 46879), -- Sentinel Osar
(186653, 0, 105912, 1, 1, 46879), -- Apprentice Ehri
(184636, 0, 105141, 1, 1, 46879), -- Hearthkeeper Nokhor
(194904, 0, 108713, 1, 1, 46879), -- Muqur Rain-Touched
(194170, 0, 108400, 1, 1, 46879), -- Flametender Busa
(194040, 3, 108373, 1, 1, 46879), -- Timberstep Guard
(194040, 2, 108374, 1, 1, 46879), -- Timberstep Guard
(194040, 1, 108367, 1, 1, 46879), -- Timberstep Guard
(194040, 0, 108368, 1, 1, 46879), -- Timberstep Guard
(193009, 1, 104133, 0.800000011920928955, 1, 46879), -- Domesticated Argali
(193009, 0, 104134, 0.800000011920928955, 1, 46879), -- Domesticated Argali
(190100, 2, 65774, 2, 1, 46879), -- Pack Musken
(190100, 1, 65863, 2, 1, 46879), -- Pack Musken
(190100, 0, 65866, 2, 1, 46879), -- Pack Musken
(188779, 0, 106571, 1, 1, 46879), -- Ranger Otyuk
(188640, 0, 106553, 1, 1, 46879), -- Hunter Zaya
(186189, 0, 101606, 0.899999976158142089, 1, 46879), -- Gentara
(194041, 3, 108371, 1, 1, 46879), -- Timberstep Archer
(194041, 2, 108372, 1, 1, 46879), -- Timberstep Archer
(194041, 1, 108370, 1, 1, 46879), -- Timberstep Archer
(194041, 0, 108369, 1, 1, 46879), -- Timberstep Archer
(188782, 0, 106570, 1, 1, 46879), -- Ranger Bolor
(186650, 0, 105910, 1, 1, 46879), -- Farrier Roscha
(186190, 0, 100537, 0.75, 1, 46879), -- Halu
(186183, 0, 105630, 1, 1, 46879), -- Beastmaster Nuqut
(189841, 0, 103368, 1, 1, 46879), -- Russet Mudwalker
(189835, 1, 107223, 1, 1, 46879), -- Woodwing Quacker
(189835, 0, 107226, 1, 1, 46879), -- Woodwing Quacker
(190611, 1, 105567, 1, 1, 46879), -- Frenzied Pollenstag
(190611, 0, 105562, 1, 1, 46879), -- Frenzied Pollenstag
(187802, 5, 90944, 0.25, 1, 46879), -- Mudfin Frenzy
(187802, 4, 90513, 0.25, 1, 46879), -- Mudfin Frenzy
(187802, 3, 90946, 0.25, 1, 46879), -- Mudfin Frenzy
(187802, 2, 90945, 0.25, 1, 46879), -- Mudfin Frenzy
(187802, 1, 90514, 0.25, 1, 46879), -- Mudfin Frenzy
(187802, 0, 90512, 0.25, 1, 46879), -- Mudfin Frenzy
(192576, 1, 104041, 1, 1, 46879), -- Grasstail Butterfly
(192576, 0, 104044, 1, 1, 46879), -- Grasstail Butterfly
(192028, 2, 106618, 1, 1, 46879), -- Trunkalumpf
(192028, 1, 106616, 1, 39, 46879), -- Trunkalumpf
(192028, 0, 106617, 1, 60, 46879), -- Trunkalumpf
(187984, 1, 100974, 1, 1, 46879), -- Baby Mammoth
(187984, 0, 100975, 1, 1, 46879), -- Baby Mammoth
(187960, 0, 104127, 1, 1, 46879), -- Sunhide Stomphoof
(187975, 0, 104134, 1, 1, 46879), -- Fleecepelt Argali
(187985, 2, 75344, 1, 1, 46879), -- Prairie Dog
(187985, 1, 75347, 1, 1, 46879), -- Prairie Dog
(187985, 0, 1072, 1, 1, 46879), -- Prairie Dog
(187939, 0, 100347, 1, 1, 46879), -- Plainswalker Calf
(187938, 0, 104750, 1, 1, 46879), -- Plainswalker Mammoth
(192654, 0, 103553, 1, 1, 46879), -- Clearwater Calf
(190132, 1, 102071, 0.800000011920928955, 1, 46879), -- Shikaar Ohuna
(190132, 0, 100537, 0.800000011920928955, 1, 46879), -- Shikaar Ohuna
(182725, 1, 104115, 1.10000002384185791, 1, 46879), -- Shikaar Preyseeker
(182725, 0, 104114, 1.10000002384185791, 1, 46879), -- Shikaar Preyseeker
(180393, 3, 108415, 1, 1, 46879), -- Shikaar Ranger
(180393, 2, 108414, 1, 1, 46879), -- Shikaar Ranger
(180393, 1, 103520, 1, 1, 46879), -- Shikaar Ranger
(180393, 0, 103522, 1, 1, 46879), -- Shikaar Ranger
(192856, 0, 106610, 1, 1, 46879), -- Clearwater Ottuk Pup
(192651, 1, 103352, 1, 1, 46879), -- Clearwater Riverbeast
(192651, 0, 103350, 1, 1, 46879), -- Clearwater Riverbeast
(192382, 1, 78835, 1, 1, 46879), -- Mudlopper
(192382, 0, 78834, 1, 1, 46879), -- Mudlopper
(187799, 1, 103841, 1, 1, 46879), -- Reed Skimmer
(187799, 0, 103843, 1, 1, 46879), -- Reed Skimmer
(185883, 0, 106024, 1.5, 1, 46879), -- Blazing Proto-Dragon
(184657, 3, 108413, 1, 1, 46879), -- Shikaar Hunter
(184657, 2, 108412, 1, 1, 46879), -- Shikaar Hunter
(184657, 1, 103856, 1, 1, 46879), -- Shikaar Hunter
(184657, 0, 103855, 1, 1, 46879), -- Shikaar Hunter
(184656, 1, 101602, 1, 1, 46879), -- Loyal Bakar
(184656, 0, 101603, 1, 1, 46879), -- Loyal Bakar
(182727, 1, 104155, 1.10000002384185791, 1, 46879), -- Shikaar Beastmaster
(182727, 0, 104154, 1.10000002384185791, 1, 46879), -- Shikaar Beastmaster
(192854, 1, 103527, 1, 1, 46879), -- Clearwater Ottuk
(192854, 0, 103524, 1, 1, 46879), -- Clearwater Ottuk
(192387, 1, 107840, 1, 1, 46879), -- Shikaar Scout
(192387, 0, 107842, 1, 1, 46879), -- Shikaar Scout
(185882, 0, 105533, 1, 1, 46879), -- Scout Tomul
(183595, 14, 104109, 1, 1, 46879), -- Primal Hornstrider
(183595, 13, 104108, 1, 1, 46879), -- Primal Hornstrider
(183595, 12, 104107, 1, 1, 46879), -- Primal Hornstrider
(183595, 11, 104106, 1, 1, 46879), -- Primal Hornstrider
(183595, 10, 104105, 1, 1, 46879), -- Primal Hornstrider
(183595, 9, 104104, 1, 1, 46879), -- Primal Hornstrider
(183595, 8, 104103, 1, 1, 46879), -- Primal Hornstrider
(183595, 7, 104102, 1, 1, 46879), -- Primal Hornstrider
(183595, 6, 104101, 1, 1, 46879), -- Primal Hornstrider
(183595, 5, 104100, 1, 1, 46879), -- Primal Hornstrider
(183595, 4, 104099, 1, 1, 46879), -- Primal Hornstrider
(183595, 3, 104098, 1, 1, 46879), -- Primal Hornstrider
(183595, 2, 104085, 1, 1, 46879), -- Primal Hornstrider
(183595, 1, 104084, 1, 1, 46879), -- Primal Hornstrider
(183595, 0, 104083, 1, 1, 46879), -- Primal Hornstrider
(188089, 3, 104095, 1, 1, 46879), -- Swift Hornstrider
(188089, 2, 104092, 1, 1, 46879), -- Swift Hornstrider
(188089, 1, 104091, 1, 1, 46879), -- Swift Hornstrider
(188089, 0, 104090, 1, 1, 46879), -- Swift Hornstrider
(191478, 0, 107545, 1, 1, 46879), -- Meadowhoof Calf
(189110, 2, 106618, 1, 1, 46879), -- Trunkalumpf
(189110, 1, 106616, 1, 39, 46879), -- Trunkalumpf
(189110, 0, 106617, 1, 60, 46879), -- Trunkalumpf
(190908, 0, 100347, 1, 1, 46879), -- Plainswalker Calf
(191788, 4, 107653, 1, 1, 46879), -- Wild Proto-Drake
(191788, 3, 107657, 1, 1, 46879), -- Wild Proto-Drake
(191788, 2, 107656, 1, 1, 46879), -- Wild Proto-Drake
(191788, 1, 107655, 1, 1, 46879), -- Wild Proto-Drake
(191788, 0, 107654, 1, 1, 46879), -- Wild Proto-Drake
(190909, 3, 104095, 1, 1, 46879), -- Swift Hornstrider
(190909, 2, 104092, 1, 1, 46879), -- Swift Hornstrider
(190909, 1, 104091, 1, 1, 46879), -- Swift Hornstrider
(190909, 0, 104090, 1, 1, 46879), -- Swift Hornstrider
(192345, 2, 75344, 1, 1, 46879), -- Grass Gopher
(192345, 1, 75347, 1, 1, 46879), -- Grass Gopher
(192345, 0, 1072, 1, 1, 46879), -- Grass Gopher
(190906, 0, 104750, 1, 1, 46879), -- Plainswalker Mammoth
(190905, 2, 106583, 1, 1, 46879), -- Meadowhoof Musken
(190905, 1, 106584, 1, 1, 46879), -- Meadowhoof Musken
(190905, 0, 106586, 1, 1, 46879), -- Meadowhoof Musken
(192577, 1, 87862, 1, 1, 46879), -- Grove Widow
(192577, 0, 45908, 1, 1, 46879), -- Grove Widow
(192347, 1, 103844, 1, 1, 46879), -- Prairie Buzzwing
(192347, 0, 103845, 1, 1, 46879), -- Prairie Buzzwing
(191725, 0, 104155, 1, 1, 46879), -- Shikaar Blacksmith
(198458, 1, 23767, 1, 1, 46879), -- Dragon Glyph
(198458, 0, 21955, 1, 0, 46879), -- Dragon Glyph
(191058, 1, 103520, 1, 1, 46879), -- Shikaar Fighter
(191058, 0, 103522, 1, 1, 46879), -- Shikaar Fighter
(195367, 0, 108433, 1, 1, 46879), -- Roki
(192353, 0, 105533, 1, 1, 46879), -- Scout Tomul
(191065, 1, 103856, 1, 1, 46879), -- Shikaar Hunter
(191065, 0, 103855, 1, 1, 46879), -- Shikaar Hunter
(187981, 1, 100358, 1, 1, 46879), -- Grassland Hopper
(187981, 0, 100271, 1, 1, 46879), -- Grassland Hopper
(192926, 0, 108875, 1, 1, 46879), -- Trainer Frodrum
(198670, 1, 23767, 1, 1, 46879), -- Tracker Dragon Glyph
(198670, 0, 21955, 1, 0, 46879), -- Tracker Dragon Glyph
(188088, 0, 101442, 1, 1, 46879), -- Windblessed Ohuna
(194633, 0, 108905, 1, 1, 46879), -- Etched Ancient Monolith
(196673, 7, 102646, 1, 1, 46879), -- Vacationing Tender
(196673, 6, 102647, 1, 1, 46879), -- Vacationing Tender
(196673, 5, 102648, 1, 1, 46879), -- Vacationing Tender
(196673, 4, 102649, 1, 1, 46879), -- Vacationing Tender
(196673, 3, 102658, 1, 1, 46879), -- Vacationing Tender
(196673, 2, 102659, 1, 1, 46879), -- Vacationing Tender
(196673, 1, 102660, 1, 1, 46879), -- Vacationing Tender
(196673, 0, 102661, 1, 1, 46879), -- Vacationing Tender
(196668, 0, 102781, 1, 1, 46879), -- Wistful Watcher
(196663, 7, 110475, 1, 1, 46879), -- Ruby Scaleguard
(196663, 6, 110474, 1, 1, 46879), -- Ruby Scaleguard
(196663, 5, 110473, 1, 1, 46879), -- Ruby Scaleguard
(196663, 4, 110472, 1, 1, 46879), -- Ruby Scaleguard
(196663, 3, 110471, 1, 1, 46879), -- Ruby Scaleguard
(196663, 2, 110470, 1, 1, 46879), -- Ruby Scaleguard
(196663, 1, 110469, 1, 1, 46879), -- Ruby Scaleguard
(196663, 0, 110468, 1, 1, 46879), -- Ruby Scaleguard
(191826, 4, 104056, 1, 1, 46879), -- Mature Thunder Lizard
(191826, 3, 104052, 1, 1, 46879), -- Mature Thunder Lizard
(191826, 2, 104055, 1, 1, 46879), -- Mature Thunder Lizard
(191826, 1, 104053, 1, 1, 46879), -- Mature Thunder Lizard
(191826, 0, 104054, 1, 1, 46879), -- Mature Thunder Lizard
(185878, 0, 102733, 1, 1, 46879), -- Ambassador Taurasza
(191103, 0, 107233, 1.5, 1, 46879), -- Uranto the Swift
(191705, 0, 107593, 1.70000004768371582, 1, 46879), -- Apex Proto-Dragon
(191102, 2, 101442, 1, 1, 46879), -- Shikaar Ohuna
(191102, 1, 101439, 1, 1, 46879), -- Shikaar Ohuna
(191102, 0, 102070, 1, 1, 46879), -- Shikaar Ohuna
(198632, 1, 23767, 1, 1, 46879), -- Tracker Dragon Glyph
(198632, 0, 21955, 1, 0, 46879), -- Tracker Dragon Glyph
(198457, 1, 23767, 1, 1, 46879), -- Dragon Glyph
(198457, 0, 21955, 1, 0, 46879), -- Dragon Glyph
(193377, 1, 92146, 1, 0, 46879), -- Alexstrasza the Life-Binder
(193377, 0, 28227, 1, 1, 46879), -- Alexstrasza the Life-Binder
(191878, 1, 104558, 1, 0, 46879), -- Sabellian
(191878, 0, 104559, 1, 1, 46879), -- Sabellian
(191875, 1, 107945, 1, 0, 46879), -- Wrathion
(191875, 0, 107146, 1, 1, 46879), -- Wrathion
(195829, 2, 108822, 1, 0, 46879), -- Majordomo Selistra
(195829, 1, 108032, 1, 1, 46879), -- Majordomo Selistra
(195829, 0, 107040, 1, 0, 46879), -- Majordomo Selistra
(185905, 1, 92146, 1, 0, 46879), -- Alexstrasza the Life-Binder
(185905, 0, 28227, 1, 1, 46879), -- Alexstrasza the Life-Binder
(197956, 2, 109779, 1, 1, 46879), -- Injured Shrineguard
(197956, 1, 109778, 1, 1, 46879), -- Injured Shrineguard
(197956, 0, 109777, 1, 1, 46879), -- Injured Shrineguard
(195212, 0, 107112, 1, 1, 46879), -- Commander Lethanak
(190740, 1, 104558, 1, 0, 46879), -- Sabellian
(190740, 0, 104559, 1, 1, 46879), -- Sabellian
(195074, 1, 103367, 1, 1, 46879), -- Glistening Salamanther
(195074, 0, 103366, 1, 1, 46879), -- Glistening Salamanther
(190819, 0, 107277, 1, 1, 46879), -- Erzadormu
(190533, 0, 107153, 1, 1, 46879), -- Adazius
(194176, 0, 102140, 1, 1, 46879), -- Ruby Whelpling
(194175, 0, 101643, 1, 1, 46879), -- Emerald Whelpling
(190821, 0, 107281, 1, 1, 46879), -- Taeredormu
(194177, 0, 102137, 1, 1, 46879), -- Bronze Whelpling
(191052, 0, 106434, 1, 1, 46879), -- Thaladrax
(196646, 7, 110475, 1, 1, 46879), -- Ruby Warden
(196646, 6, 110474, 1, 1, 46879), -- Ruby Warden
(196646, 5, 110473, 1, 1, 46879), -- Ruby Warden
(196646, 4, 110472, 1, 1, 46879), -- Ruby Warden
(196646, 3, 110471, 1, 1, 46879), -- Ruby Warden
(196646, 2, 110470, 1, 1, 46879), -- Ruby Warden
(196646, 1, 110469, 1, 1, 46879), -- Ruby Warden
(196646, 0, 110468, 1, 1, 46879), -- Ruby Warden
(196647, 7, 102674, 1, 1, 46879), -- Ruby Lifetender
(196647, 6, 102675, 1, 1, 46879), -- Ruby Lifetender
(196647, 5, 102676, 1, 1, 46879), -- Ruby Lifetender
(196647, 4, 102677, 1, 1, 46879), -- Ruby Lifetender
(196647, 3, 102690, 1, 1, 46879), -- Ruby Lifetender
(196647, 2, 102691, 1, 1, 46879), -- Ruby Lifetender
(196647, 1, 102692, 1, 1, 46879), -- Ruby Lifetender
(196647, 0, 102693, 1, 1, 46879), -- Ruby Lifetender
(192047, 2, 106611, 1, 5, 46879), -- Scruffy Ottuk
(192047, 1, 106614, 1, 20, 46879), -- Scruffy Ottuk
(192047, 0, 106610, 1, 75, 46879), -- Scruffy Ottuk
(188668, 2, 102506, 1, 1, 46879), -- Primal Avalanche
(188668, 1, 102507, 1, 1, 46879), -- Primal Avalanche
(188668, 0, 102508, 1, 1, 46879), -- Primal Avalanche
(191049, 2, 106936, 1, 1, 46879), -- Tarasek Snatcher
(191049, 1, 106935, 1, 1, 46879), -- Tarasek Snatcher
(191049, 0, 106539, 1, 1, 46879), -- Tarasek Snatcher
(191047, 2, 109438, 1, 1, 46879), -- Tarasek Raider
(191047, 1, 109439, 1, 1, 46879), -- Tarasek Raider
(191047, 0, 109403, 1, 1, 46879), -- Tarasek Raider
(191737, 2, 107055, 1, 0, 46879), -- Wrathion
(191737, 1, 107945, 1, 0, 46879), -- Wrathion
(191737, 0, 107146, 1, 1, 46879), -- Wrathion
(191640, 2, 107125, 1, 0, 46879), -- Sabellian
(191640, 1, 104558, 1, 0, 46879), -- Sabellian
(191640, 0, 104559, 1, 1, 46879), -- Sabellian
(190935, 0, 107285, 1, 1, 46879); -- Inconspicuous Wagon

INSERT INTO `creature_template_model` (`CreatureID`, `Idx`, `CreatureDisplayID`, `DisplayScale`, `Probability`, `VerifiedBuild`) VALUES
(191823, 0, 104140, 1, 1, 46879), -- Vicious Proto-Drake
(196995, 0, 102379, 1, 1, 46879), -- Talonstalker Gazi
(188444, 0, 102393, 1, 1, 46879), -- Do-Yeon Shadowrider
(186763, 0, 44836, 1, 0, 46879), -- Blacktalon Pack Goat
(186757, 0, 88960, 1.029999971389770507, 1, 46879), -- Hades Prescott
(186752, 0, 84653, 1.049999952316284179, 1, 46879), -- Firstmate Kaleson
(186454, 0, 105885, 0.949999988079071044, 1, 46879), -- Kora Fullsails
(186447, 0, 105779, 1, 1, 46879), -- Kaplak
(186429, 0, 43633, 1, 1, 46879), -- Steelsage Gao
(194836, 0, 56567, 1, 1, 46879), -- Grekka Anvilsmash
(192177, 0, 91278, 1.10000002384185791, 1, 46879), -- Filbin Gearknock
(192165, 0, 107711, 1, 1, 46879), -- Winnie Fingerspring
(188445, 0, 102381, 1, 1, 46879), -- Cireni
(187189, 11, 102387, 1, 1, 46879), -- Blacktalon Assassin
(187189, 10, 102386, 1, 1, 46879), -- Blacktalon Assassin
(187189, 9, 102385, 1, 1, 46879), -- Blacktalon Assassin
(187189, 8, 102384, 1, 1, 46879), -- Blacktalon Assassin
(187189, 7, 102383, 1, 1, 46879), -- Blacktalon Assassin
(187189, 6, 102382, 1, 1, 46879), -- Blacktalon Assassin
(187189, 5, 102381, 1, 1, 46879), -- Blacktalon Assassin
(187189, 4, 102380, 1, 1, 46879), -- Blacktalon Assassin
(187189, 3, 102370, 1, 1, 46879), -- Blacktalon Assassin
(187189, 2, 102379, 1, 1, 46879), -- Blacktalon Assassin
(187189, 1, 102378, 1, 1, 46879), -- Blacktalon Assassin
(187189, 0, 102377, 1, 1, 46879), -- Blacktalon Assassin
(186430, 0, 105765, 1, 1, 46879), -- Horace "Scalding" Stern
(186331, 0, 105718, 1.10000002384185791, 1, 46879), -- Fao the Relentless
(186326, 0, 105716, 1.049999952316284179, 1, 46879), -- Blacktalon Strategist
(186317, 0, 42784, 1, 1, 46879), -- Tong the Fixer
(198879, 0, 90821, 1, 0.699999988079071044, 46879), -- Fingerspring Security
(191696, 2, 103557, 1, 1, 46879), -- Mature Basilisk
(191696, 1, 103558, 1, 1, 46879), -- Mature Basilisk
(191696, 0, 103559, 1, 1, 46879), -- Mature Basilisk
(190519, 0, 103519, 1, 1, 46879), -- Bronze Timekeeper
(189461, 7, 102197, 1, 1, 46879), -- Obsidian Watcher
(189461, 6, 102196, 1, 1, 46879), -- Obsidian Watcher
(189461, 5, 102195, 1, 1, 46879), -- Obsidian Watcher
(189461, 4, 102194, 1, 1, 46879), -- Obsidian Watcher
(189461, 3, 102201, 1, 1, 46879), -- Obsidian Watcher
(189461, 2, 102200, 1, 1, 46879), -- Obsidian Watcher
(189461, 1, 102199, 1, 1, 46879), -- Obsidian Watcher
(189461, 0, 102198, 1, 1, 46879), -- Obsidian Watcher
(187187, 10, 102387, 1, 1, 46879), -- Blacktalon Avenger
(187187, 9, 102427, 1, 1, 46879), -- Blacktalon Avenger
(187187, 8, 102428, 1, 1, 46879), -- Blacktalon Avenger
(187187, 7, 102429, 1, 1, 46879), -- Blacktalon Avenger
(187187, 6, 102430, 1, 1, 46879), -- Blacktalon Avenger
(187187, 5, 102445, 1, 1, 46879), -- Blacktalon Avenger
(187187, 4, 102431, 1, 1, 46879), -- Blacktalon Avenger
(187187, 3, 102432, 1, 1, 46879), -- Blacktalon Avenger
(187187, 2, 102433, 1, 1, 46879), -- Blacktalon Avenger
(187187, 1, 102434, 1, 1, 46879), -- Blacktalon Avenger
(187187, 0, 102435, 1, 1, 46879), -- Blacktalon Avenger
(186764, 0, 51484, 1, 0, 46879), -- Blacktalon Pack Beast
(181016, 7, 102197, 1, 1, 46879), -- Blacktalon Sentry
(181016, 6, 102196, 1, 1, 46879), -- Blacktalon Sentry
(181016, 5, 102195, 1, 1, 46879), -- Blacktalon Sentry
(181016, 4, 102194, 1, 1, 46879), -- Blacktalon Sentry
(181016, 3, 102201, 1, 1, 46879), -- Blacktalon Sentry
(181016, 2, 102200, 1, 1, 46879), -- Blacktalon Sentry
(181016, 1, 102199, 1, 1, 46879), -- Blacktalon Sentry
(181016, 0, 102198, 1, 1, 46879), -- Blacktalon Sentry
(198129, 0, 109922, 1, 1, 46879), -- Hope Kite
(191020, 0, 107285, 1, 1, 46879), -- Inconspicuous Wagon
(190970, 1, 107945, 1, 0, 46879), -- Wrathion
(190970, 0, 107146, 1, 1, 46879), -- Wrathion
(190937, 1, 104558, 1, 0, 46879), -- Sabellian
(190937, 0, 104559, 1, 1, 46879), -- Sabellian
(190936, 1, 82958, 1, 1, 46879), -- Expedition Shire
(190936, 0, 82954, 1, 0, 46879), -- Expedition Shire
(190831, 1, 82958, 1, 0, 46879), -- Expedition Shire
(190831, 0, 82954, 1, 1, 46879), -- Expedition Shire
(191851, 0, 107669, 1, 1, 46879), -- Blacktalon Shadowclaw
(198621, 1, 23767, 1, 1, 46879), -- Tracker Dragon Glyph
(198621, 0, 21955, 1, 0, 46879), -- Tracker Dragon Glyph
(194709, 1, 23767, 1, 1, 46879), -- Dragon Glyph
(194709, 0, 21955, 1, 0, 46879), -- Dragon Glyph
(186827, 0, 106302, 1, 1, 46879), -- Magmaton
(195128, 0, 11686, 1, 1, 46879), -- Invisible Bunny
(195009, 0, 11686, 1, 1, 46879), -- Invisible Bunny
(195001, 0, 11686, 1, 1, 46879), -- Invisible Bunny
(195127, 0, 11686, 1, 1, 46879), -- Invisible Bunny
(199298, 3, 106309, 1, 1, 46879), -- Qalashi Skullhauler
(199298, 2, 106308, 1, 1, 46879), -- Qalashi Skullhauler
(199298, 1, 106307, 1, 1, 46879), -- Qalashi Skullhauler
(199298, 0, 106306, 1, 1, 46879), -- Qalashi Skullhauler
(191600, 0, 102390, 1.10000002384185791, 1, 46879), -- Talonstalker Kavia
(188434, 1, 21072, 1, 1, 46879), -- Restraints
(188434, 0, 15092, 1.399999976158142089, 0, 46879), -- Restraints
(198737, 0, 106636, 1, 1, 46879), -- Firewing
(198736, 0, 110343, 1, 1, 46879), -- Zetch
(198851, 0, 108234, 1, 0.800000011920928955, 46879), -- Slugha
(198850, 0, 104025, 1, 1, 46879), -- Inchy
(196518, 2, 107215, 0.899999976158142089, 0, 46879), -- Voraxian
(196518, 1, 107214, 1, 1, 46879), -- Voraxian
(196518, 0, 109218, 1, 1, 46879), -- Voraxian
(196791, 0, 107919, 0.899999976158142089, 0, 46879), -- Kixandria
(196336, 7, 102475, 1, 1, 46879), -- Qalashi Flameslinger
(196336, 6, 102476, 1, 1, 46879), -- Qalashi Flameslinger
(196336, 5, 102477, 1, 1, 46879), -- Qalashi Flameslinger
(196336, 4, 102011, 1, 1, 46879), -- Qalashi Flameslinger
(196336, 3, 102491, 1, 1, 46879), -- Qalashi Flameslinger
(196336, 2, 102492, 1, 1, 46879), -- Qalashi Flameslinger
(196336, 1, 102493, 1, 1, 46879), -- Qalashi Flameslinger
(196336, 0, 102494, 1, 1, 46879), -- Qalashi Flameslinger
(182815, 1, 102519, 1, 1, 46879), -- Summoned Lava Elemental
(182815, 0, 102517, 1, 1, 46879), -- Summoned Lava Elemental
(189215, 0, 83823, 0.949999988079071044, 1, 46879), -- Moxie Lockspinner
(186765, 11, 102387, 1, 1, 46879), -- Blacktalon Provisioner
(186765, 10, 102386, 1, 1, 46879), -- Blacktalon Provisioner
(186765, 9, 102385, 1, 1, 46879), -- Blacktalon Provisioner
(186765, 8, 102384, 1, 1, 46879), -- Blacktalon Provisioner
(186765, 7, 102383, 1, 1, 46879), -- Blacktalon Provisioner
(186765, 6, 102382, 1, 1, 46879), -- Blacktalon Provisioner
(186765, 5, 102381, 1, 1, 46879), -- Blacktalon Provisioner
(186765, 4, 102380, 1, 1, 46879), -- Blacktalon Provisioner
(186765, 3, 102370, 1, 1, 46879), -- Blacktalon Provisioner
(186765, 2, 102379, 1, 1, 46879), -- Blacktalon Provisioner
(186765, 1, 102378, 1, 1, 46879), -- Blacktalon Provisioner
(186765, 0, 102377, 1, 1, 46879), -- Blacktalon Provisioner
(188380, 0, 106447, 1, 1, 46879), -- Briona Macolm
(192164, 0, 107710, 1.10000002384185791, 1, 46879), -- Gringot Coldsteel
(197772, 0, 109712, 1, 1, 46879), -- Gigi I Wynn
(189207, 0, 82235, 1, 1, 46879), -- Griftah
(187538, 0, 106458, 1, 1, 46879), -- Champion Ugi
(187533, 0, 107946, 1, 0, 46879), -- Gulchak
(188336, 7, 102286, 1, 1, 46879), -- Foehn Breezeskimmer
(188336, 6, 102287, 1, 1, 46879), -- Foehn Breezeskimmer
(188336, 5, 102288, 1, 1, 46879), -- Foehn Breezeskimmer
(188336, 4, 102289, 1, 1, 46879), -- Foehn Breezeskimmer
(188336, 3, 102282, 1, 1, 46879), -- Foehn Breezeskimmer
(188336, 2, 102283, 1, 1, 46879), -- Foehn Breezeskimmer
(188336, 1, 102284, 1, 1, 46879), -- Foehn Breezeskimmer
(188336, 0, 102285, 1, 1, 46879), -- Foehn Breezeskimmer
(192121, 0, 102435, 1, 1, 46879), -- Falron Greygold
(192155, 0, 107709, 1, 1, 46879), -- Felona Oregrab
(195957, 0, 105716, 1.049999952316284179, 1, 46879), -- Blacktalon Strategist
(189199, 0, 102406, 1, 1, 46879), -- Vadrya Valte
(186324, 1, 102394, 1, 1, 46879), -- Blacktalon Schemer
(186324, 0, 102388, 1, 1, 46879), -- Blacktalon Schemer
(189202, 0, 110370, 1, 1, 46879), -- Uirreg Stoutbrow
(188443, 0, 102426, 1.149999976158142089, 1, 46879), -- Zinja Ujomei
(188344, 0, 102202, 1, 1, 46879), -- Chydrass
(188440, 7, 101821, 1, 1, 46879), -- Djaradin Prisoner
(188440, 6, 101820, 1, 1, 46879), -- Djaradin Prisoner
(188440, 5, 101819, 1, 1, 46879), -- Djaradin Prisoner
(188440, 4, 101818, 1, 1, 46879), -- Djaradin Prisoner
(188440, 3, 101825, 1, 1, 46879), -- Djaradin Prisoner
(188440, 2, 101824, 1, 1, 46879), -- Djaradin Prisoner
(188440, 1, 101823, 1, 1, 46879), -- Djaradin Prisoner
(188440, 0, 101822, 1, 1, 46879), -- Djaradin Prisoner
(192564, 2, 107920, 1, 0, 46879), -- Myridian
(192564, 1, 107919, 1, 0, 46879), -- Myridian
(192564, 0, 107921, 1, 1, 46879), -- Myridian
(198847, 0, 100197, 1, 1, 46879), -- Swart
(198864, 0, 36357, 1, 1, 46879), -- Observant Rat
(188623, 0, 106468, 1.299999952316284179, 0, 46879), -- Samia Inkling
(188351, 0, 106459, 1, 1, 46879), -- Stabitha Sharptwist
(194984, 1, 23767, 1, 1, 46879), -- Dragon Glyph
(194984, 0, 21955, 1, 0, 46879), -- Dragon Glyph
(190118, 2, 108324, 1.25, 1, 46879), -- Winds of the Isles
(190118, 1, 23767, 1, 0, 46879), -- Winds of the Isles
(190118, 0, 21955, 1, 0, 46879), -- Winds of the Isles
(188349, 0, 110369, 1, 1, 46879), -- Outfitter Tipech
(191710, 0, 51337, 1, 1, 46879), -- Left
(198630, 1, 23767, 1, 1, 46879), -- Tracker Dragon Glyph
(198630, 0, 21955, 1, 0, 46879), -- Tracker Dragon Glyph
(198854, 1, 102207, 1, 1, 46879), -- Obsidian Outfitter
(198854, 0, 102206, 1, 1, 46879), -- Obsidian Outfitter
(193464, 0, 102286, 1, 1, 46879), -- Forgemaster Bazentus
(186451, 9, 102427, 1, 1, 46879), -- Blacktalon Avenger
(186451, 8, 102428, 1, 1, 46879), -- Blacktalon Avenger
(186451, 7, 102429, 1, 1, 46879), -- Blacktalon Avenger
(186451, 6, 102430, 1, 1, 46879), -- Blacktalon Avenger
(186451, 5, 102445, 1, 1, 46879), -- Blacktalon Avenger
(186451, 4, 102431, 1, 1, 46879), -- Blacktalon Avenger
(186451, 3, 102432, 1, 1, 46879), -- Blacktalon Avenger
(186451, 2, 102433, 1, 1, 46879), -- Blacktalon Avenger
(186451, 1, 102434, 1, 1, 46879), -- Blacktalon Avenger
(186451, 0, 102435, 1, 1, 46879), -- Blacktalon Avenger
(186452, 11, 102387, 1, 1, 46879), -- Blacktalon Assassin
(186452, 10, 102386, 1, 1, 46879), -- Blacktalon Assassin
(186452, 9, 102385, 1, 1, 46879), -- Blacktalon Assassin
(186452, 8, 102384, 1, 1, 46879), -- Blacktalon Assassin
(186452, 7, 102383, 1, 1, 46879), -- Blacktalon Assassin
(186452, 6, 102382, 1, 1, 46879), -- Blacktalon Assassin
(186452, 5, 102381, 1, 1, 46879), -- Blacktalon Assassin
(186452, 4, 102380, 1, 1, 46879), -- Blacktalon Assassin
(186452, 3, 102370, 1, 1, 46879), -- Blacktalon Assassin
(186452, 2, 102379, 1, 1, 46879), -- Blacktalon Assassin
(186452, 1, 102378, 1, 1, 46879), -- Blacktalon Assassin
(186452, 0, 102377, 1, 1, 46879), -- Blacktalon Assassin
(188415, 0, 102469, 1.20000004768371582, 1, 46879), -- Jovax the Angry
(198877, 7, 102197, 1, 1, 46879), -- Blacktalon Sentry
(198877, 6, 102196, 1, 1, 46879), -- Blacktalon Sentry
(198877, 5, 102195, 1, 1, 46879), -- Blacktalon Sentry
(198877, 4, 102194, 1, 1, 46879), -- Blacktalon Sentry
(198877, 3, 102201, 1, 1, 46879), -- Blacktalon Sentry
(198877, 2, 102200, 1, 1, 46879), -- Blacktalon Sentry
(198877, 1, 102199, 1, 1, 46879), -- Blacktalon Sentry
(198877, 0, 102198, 1, 1, 46879), -- Blacktalon Sentry
(193456, 0, 102202, 1, 1, 46879), -- Archivist Edress
(188625, 0, 71112, 1.20000004768371582, 1, 46879), -- Lorena Belle
(187541, 7, 102286, 1, 1, 46879), -- Obsidian Protector
(187541, 6, 102287, 1, 1, 46879), -- Obsidian Protector
(187541, 5, 102288, 1, 1, 46879), -- Obsidian Protector
(187541, 4, 102289, 1, 1, 46879), -- Obsidian Protector
(187541, 3, 102282, 1, 1, 46879), -- Obsidian Protector
(187541, 2, 102283, 1, 1, 46879), -- Obsidian Protector
(187541, 1, 102284, 1, 1, 46879), -- Obsidian Protector
(187541, 0, 102285, 1, 1, 46879), -- Obsidian Protector
(191711, 0, 51336, 1, 1, 46879), -- Right
(187495, 2, 107055, 1, 1, 46879), -- Wrathion
(187495, 1, 107945, 1, 0, 46879), -- Wrathion
(187495, 0, 107146, 1, 1, 46879), -- Wrathion
(185894, 2, 107125, 1, 0, 46879), -- Sabellian
(185894, 1, 104558, 1, 0, 46879), -- Sabellian
(185894, 0, 104559, 1, 1, 46879), -- Sabellian
(187524, 0, 100197, 1, 1, 46879), -- Obsidian Bladewing
(193320, 0, 102588, 1, 1, 46879), -- Reformed Earth
(190910, 2, 107305, 1, 1, 46879), -- Evorian
(190910, 1, 107304, 0.949999988079071044, 1, 46879), -- Evorian
(190910, 0, 107303, 1, 1, 46879), -- Evorian
(186335, 9, 102427, 1, 1, 46879), -- Blacktalon Scout
(186335, 8, 102387, 1, 1, 46879), -- Blacktalon Scout
(186335, 7, 102386, 1, 1, 46879), -- Blacktalon Scout
(186335, 6, 102385, 1, 1, 46879), -- Blacktalon Scout
(186335, 5, 102384, 1, 1, 46879), -- Blacktalon Scout
(186335, 4, 102382, 1, 1, 46879), -- Blacktalon Scout
(186335, 3, 102381, 1, 1, 46879), -- Blacktalon Scout
(186335, 2, 102380, 1, 1, 46879), -- Blacktalon Scout
(186335, 1, 102370, 1, 1, 46879), -- Blacktalon Scout
(186335, 0, 102377, 1, 1, 46879), -- Blacktalon Scout
(197981, 0, 108715, 1, 1, 46879), -- Zakastia
(190314, 0, 107104, 1, 0, 46879), -- Broodmother Dracasia
(191816, 0, 107669, 1, 1, 46879), -- Blacktalon Shadowclaw
(191835, 8, 102387, 1, 1, 46879), -- Blacktalon Scout
(191835, 7, 102386, 1, 1, 46879), -- Blacktalon Scout
(191835, 6, 102385, 1, 1, 46879), -- Blacktalon Scout
(191835, 5, 102384, 1, 1, 46879), -- Blacktalon Scout
(191835, 4, 102382, 1, 1, 46879), -- Blacktalon Scout
(191835, 3, 102381, 1, 1, 46879), -- Blacktalon Scout
(191835, 2, 102380, 1, 1, 46879), -- Blacktalon Scout
(191835, 1, 102370, 1, 1, 46879), -- Blacktalon Scout
(191835, 0, 102377, 1, 1, 46879), -- Blacktalon Scout
(187042, 0, 107945, 1, 0, 46879), -- Wrathion
(194560, 1, 11686, 1, 1, 46879), -- Earth-Warder's Forge
(194560, 0, 15092, 1.399999976158142089, 0, 46879), -- Earth-Warder's Forge
(191669, 2, 107055, 1, 0, 46879), -- Wrathion
(191669, 1, 107945, 1, 0, 46879); -- Wrathion

INSERT INTO `creature_template_model` (`CreatureID`, `Idx`, `CreatureDisplayID`, `DisplayScale`, `Probability`, `VerifiedBuild`) VALUES
(191669, 0, 107146, 1, 1, 46879), -- Wrathion
(189289, 0, 106874, 1, 0, 46879), -- Penumbrus
(190971, 0, 26776, 1, 0, 46879), -- Shas'ith
(190117, 7, 102475, 1, 1, 46879), -- Djaradin Magmathrower
(190117, 6, 102476, 1, 1, 46879), -- Djaradin Magmathrower
(190117, 5, 102477, 1, 1, 46879), -- Djaradin Magmathrower
(190117, 4, 102011, 1, 1, 46879), -- Djaradin Magmathrower
(190117, 3, 102491, 1, 1, 46879), -- Djaradin Magmathrower
(190117, 2, 102492, 1, 1, 46879), -- Djaradin Magmathrower
(190117, 1, 102493, 1, 1, 46879), -- Djaradin Magmathrower
(190117, 0, 102494, 1, 1, 46879), -- Djaradin Magmathrower
(189875, 0, 102586, 1, 1, 46879), -- Animated Cindershards
(189826, 1, 27823, 1, 1, 46879), -- Hanging Spider Vehicle
(189826, 0, 328, 1, 0, 46879), -- Hanging Spider Vehicle
(189825, 0, 34194, 1, 1, 46879), -- Ravenous Nestling
(189823, 0, 34194, 1, 1, 46879), -- Ravenous Nestling
(190115, 7, 102461, 1, 1, 46879), -- Qalashi Pillager
(190115, 6, 102462, 1, 1, 46879), -- Qalashi Pillager
(190115, 5, 102464, 1, 1, 46879), -- Qalashi Pillager
(190115, 4, 102465, 1, 1, 46879), -- Qalashi Pillager
(190115, 3, 102495, 1, 1, 46879), -- Qalashi Pillager
(190115, 2, 102496, 1, 1, 46879), -- Qalashi Pillager
(190115, 1, 102497, 1, 1, 46879), -- Qalashi Pillager
(190115, 0, 102498, 1, 1, 46879), -- Qalashi Pillager
(190153, 11, 102387, 1, 1, 46879), -- Blacktalon Assassin
(190153, 10, 102386, 1, 1, 46879), -- Blacktalon Assassin
(190153, 9, 102385, 1, 1, 46879), -- Blacktalon Assassin
(190153, 8, 102384, 1, 1, 46879), -- Blacktalon Assassin
(190153, 7, 102383, 1, 1, 46879), -- Blacktalon Assassin
(190153, 6, 102382, 1, 1, 46879), -- Blacktalon Assassin
(190153, 5, 102381, 1, 1, 46879), -- Blacktalon Assassin
(190153, 4, 102380, 1, 1, 46879), -- Blacktalon Assassin
(190153, 3, 102370, 1, 1, 46879), -- Blacktalon Assassin
(190153, 2, 102379, 1, 1, 46879), -- Blacktalon Assassin
(190153, 1, 102378, 1, 1, 46879), -- Blacktalon Assassin
(190153, 0, 102377, 1, 1, 46879), -- Blacktalon Assassin
(190111, 11, 102387, 1, 1, 46879), -- Blacktalon Assassin
(190111, 10, 102386, 1, 1, 46879), -- Blacktalon Assassin
(190111, 9, 102385, 1, 1, 46879), -- Blacktalon Assassin
(190111, 8, 102384, 1, 1, 46879), -- Blacktalon Assassin
(190111, 7, 102383, 1, 1, 46879), -- Blacktalon Assassin
(190111, 6, 102382, 1, 1, 46879), -- Blacktalon Assassin
(190111, 5, 102381, 1, 1, 46879), -- Blacktalon Assassin
(190111, 4, 102380, 1, 1, 46879), -- Blacktalon Assassin
(190111, 3, 102370, 1, 1, 46879), -- Blacktalon Assassin
(190111, 2, 102379, 1, 1, 46879), -- Blacktalon Assassin
(190111, 1, 102378, 1, 1, 46879), -- Blacktalon Assassin
(190111, 0, 102377, 1, 1, 46879), -- Blacktalon Assassin
(190107, 0, 102202, 1, 1, 46879), -- Archivist Edress
(190108, 0, 102031, 1, 1, 46879), -- Scalecommander Emberthal
(190162, 0, 101255, 1, 1, 46879), -- Animated Vault Protector
(188135, 2, 107874, 1, 0, 46879), -- Zepharion
(188135, 1, 107873, 1, 0, 46879), -- Zepharion
(188135, 0, 107875, 1, 1, 46879), -- Zepharion
(188179, 0, 108313, 1.299999952316284179, 1, 46879), -- Stoker Volrax
(187668, 0, 108312, 1.299999952316284179, 1, 46879), -- Scalesmith Viro
(186493, 0, 102286, 0.899999976158142089, 1, 46879), -- Forgemaster Bazentus
(189866, 0, 102031, 1, 1, 46879), -- Scalecommander Emberthal
(189507, 0, 102390, 1, 1, 46879), -- Talonstalker Kavia
(186312, 0, 51337, 1, 1, 46879), -- Left
(190150, 0, 102202, 1, 1, 46879), -- Archivist Edress
(188140, 2, 107213, 1, 1, 46879), -- Vazallia
(188140, 1, 107212, 0.899999976158142089, 0, 46879), -- Vazallia
(188140, 0, 107251, 1, 1, 46879), -- Vazallia
(187046, 2, 107125, 1, 0, 46879), -- Sabellian
(187046, 1, 104558, 1, 0, 46879), -- Sabellian
(187046, 0, 104559, 1, 1, 46879), -- Sabellian
(187045, 1, 107945, 1, 0, 46879), -- Wrathion
(187045, 0, 107146, 1, 1, 46879), -- Wrathion
(186314, 0, 51336, 1, 1, 46879), -- Right
(196265, 0, 107945, 1, 0, 46879), -- Wrathion
(189811, 0, 102645, 1, 1, 46879), -- Agitated Keystone
(187867, 7, 102475, 1, 1, 46879), -- Qalashi Magmacrafter
(187867, 6, 102476, 1, 1, 46879), -- Qalashi Magmacrafter
(187867, 5, 102477, 1, 1, 46879), -- Qalashi Magmacrafter
(187867, 4, 102011, 1, 1, 46879), -- Qalashi Magmacrafter
(187867, 3, 102491, 1, 1, 46879), -- Qalashi Magmacrafter
(187867, 2, 102492, 1, 1, 46879), -- Qalashi Magmacrafter
(187867, 1, 102493, 1, 1, 46879), -- Qalashi Magmacrafter
(187867, 0, 102494, 1, 1, 46879), -- Qalashi Magmacrafter
(187868, 0, 102539, 1, 1, 46879), -- Molten Uprising
(187813, 7, 102457, 1.10000002384185791, 1, 46879), -- Qalashi Wallcrasher
(187813, 6, 102458, 1.10000002384185791, 1, 46879), -- Qalashi Wallcrasher
(187813, 5, 102459, 1.10000002384185791, 1, 46879), -- Qalashi Wallcrasher
(187813, 4, 102460, 1.10000002384185791, 1, 46879), -- Qalashi Wallcrasher
(187813, 3, 102479, 1.10000002384185791, 1, 46879), -- Qalashi Wallcrasher
(187813, 2, 102480, 1.10000002384185791, 1, 46879), -- Qalashi Wallcrasher
(187813, 1, 102481, 1.10000002384185791, 1, 46879), -- Qalashi Wallcrasher
(187813, 0, 102482, 1.10000002384185791, 1, 46879), -- Qalashi Wallcrasher
(186938, 0, 107945, 1, 0, 46879), -- Wrathion
(191648, 0, 107945, 1, 0, 46879), -- Wrathion
(186936, 0, 107945, 1, 0, 46879), -- Wrathion
(187785, 0, 104039, 1.20000004768371582, 1, 46879), -- Surging Magma
(186937, 0, 107945, 1, 0, 46879), -- Wrathion
(186912, 1, 106990, 1, 1, 46879), -- Djaradin Berserker
(186912, 0, 106993, 1, 1, 46879), -- Djaradin Berserker
(191646, 0, 107945, 1, 0, 46879), -- Wrathion
(186935, 0, 107945, 1, 0, 46879), -- Wrathion
(189834, 7, 102470, 1, 1, 46879), -- Qalashi Stonebinder
(189834, 6, 102471, 1, 1, 46879), -- Qalashi Stonebinder
(189834, 5, 102472, 1, 1, 46879), -- Qalashi Stonebinder
(189834, 4, 102473, 1, 1, 46879), -- Qalashi Stonebinder
(189834, 3, 102487, 1, 1, 46879), -- Qalashi Stonebinder
(189834, 2, 102488, 1, 1, 46879), -- Qalashi Stonebinder
(189834, 1, 102489, 1, 1, 46879), -- Qalashi Stonebinder
(189834, 0, 102490, 1, 1, 46879), -- Qalashi Stonebinder
(188332, 0, 106199, 0.949999988079071044, 0, 46879), -- Mythexthia
(189734, 3, 106309, 1, 1, 46879), -- Qalashi Boltthrower
(189734, 2, 106308, 1, 1, 46879), -- Qalashi Boltthrower
(189734, 1, 106307, 1, 1, 46879), -- Qalashi Boltthrower
(189734, 0, 106306, 1, 1, 46879), -- Qalashi Boltthrower
(186239, 3, 106309, 1, 1, 46879), -- Qalashi Skullhauler
(186239, 2, 106308, 1, 1, 46879), -- Qalashi Skullhauler
(186239, 1, 106307, 1, 1, 46879), -- Qalashi Skullhauler
(186239, 0, 106306, 1, 1, 46879), -- Qalashi Skullhauler
(181763, 0, 102500, 1, 1, 46879), -- Lava Phoenix
(186592, 0, 101819, 1, 1, 46879), -- Champion Choruk
(190079, 3, 106309, 1, 1, 46879), -- Qalashi Boltthrower
(190079, 2, 106308, 1, 1, 46879), -- Qalashi Boltthrower
(190079, 1, 106307, 1, 1, 46879), -- Qalashi Boltthrower
(190079, 0, 106306, 1, 1, 46879), -- Qalashi Boltthrower
(190116, 3, 106309, 1, 1, 46879), -- Qalashi Skullhauler
(190116, 2, 106308, 1, 1, 46879), -- Qalashi Skullhauler
(190116, 1, 106307, 1, 1, 46879), -- Qalashi Skullhauler
(190116, 0, 106306, 1, 1, 46879), -- Qalashi Skullhauler
(197340, 8, 102427, 1, 1, 46879), -- Blacktalon Avenger
(197340, 7, 102428, 1, 1, 46879), -- Blacktalon Avenger
(197340, 6, 102429, 1, 1, 46879), -- Blacktalon Avenger
(197340, 5, 102430, 1, 1, 46879), -- Blacktalon Avenger
(197340, 4, 102445, 1, 1, 46879), -- Blacktalon Avenger
(197340, 3, 102431, 1, 1, 46879), -- Blacktalon Avenger
(197340, 2, 102432, 1, 1, 46879), -- Blacktalon Avenger
(197340, 1, 102433, 1, 1, 46879), -- Blacktalon Avenger
(197340, 0, 102434, 1, 1, 46879), -- Blacktalon Avenger
(190163, 0, 101255, 1, 1, 46879), -- Animated Vault Protector
(188158, 2, 107215, 0.899999976158142089, 0, 46879), -- Baskilan
(188158, 1, 107214, 1, 1, 46879), -- Baskilan
(188158, 0, 107533, 1, 1, 46879), -- Baskilan
(189942, 0, 107945, 1, 0, 46879), -- Wrathion
(186934, 0, 107945, 1, 0, 46879), -- Wrathion
(189776, 1, 106993, 1, 1, 46879), -- Qalashi Bonebreaker
(189776, 0, 106990, 1, 1, 46879), -- Qalashi Bonebreaker
(187919, 0, 102452, 1, 1, 46879), -- Caldera Stomper
(188155, 2, 107197, 1, 1, 46879), -- Osoria
(188155, 1, 107198, 1, 0, 46879), -- Osoria
(188155, 0, 107532, 1, 1, 46879), -- Osoria
(190485, 0, 108318, 1, 1, 46879), -- Erkhart Stormvein
(190484, 0, 107137, 1, 1, 46879), -- Kyrakka
(191596, 0, 101807, 1, 1, 46879), -- Qalashi Forces
(187366, 1, 102449, 1.5, 1, 46879), -- Worldcarver Wurmling
(187366, 0, 109658, 1.5, 1, 46879), -- Worldcarver Wurmling
(186950, 1, 11686, 1, 1, 46879), -- Arbalest
(186950, 0, 15092, 1.399999976158142089, 0, 46879), -- Arbalest
(186904, 0, 104558, 1, 0, 46879), -- Sabellian
(188136, 0, 107705, 0.899999976158142089, 0, 46879), -- Exadria
(188141, 0, 106199, 0.899999976158142089, 0, 46879), -- Malsiran
(188133, 0, 106199, 0.800000011920928955, 0, 46879), -- Narsysix
(197341, 8, 102427, 1, 1, 46879), -- Blacktalon Avenger
(197341, 7, 102428, 1, 1, 46879), -- Blacktalon Avenger
(197341, 6, 102429, 1, 1, 46879), -- Blacktalon Avenger
(197341, 5, 102430, 1, 1, 46879), -- Blacktalon Avenger
(197341, 4, 102445, 1, 1, 46879), -- Blacktalon Avenger
(197341, 3, 102431, 1, 1, 46879), -- Blacktalon Avenger
(197341, 2, 102432, 1, 1, 46879), -- Blacktalon Avenger
(197341, 1, 102433, 1, 1, 46879), -- Blacktalon Avenger
(197341, 0, 102434, 1, 1, 46879), -- Blacktalon Avenger
(186933, 0, 107945, 1, 0, 46879), -- Wrathion
(191597, 7, 101835, 1, 1, 46879), -- Qalashi Crustshaper
(191597, 6, 101837, 1, 1, 46879), -- Qalashi Crustshaper
(191597, 5, 101836, 1, 1, 46879), -- Qalashi Crustshaper
(191597, 4, 101834, 1, 1, 46879), -- Qalashi Crustshaper
(191597, 3, 101841, 1, 1, 46879), -- Qalashi Crustshaper
(191597, 2, 101840, 1, 1, 46879), -- Qalashi Crustshaper
(191597, 1, 101839, 1, 1, 46879), -- Qalashi Crustshaper
(191597, 0, 101838, 1, 1, 46879), -- Qalashi Crustshaper
(186897, 8, 102427, 1, 1, 46879), -- Blacktalon Avenger
(186897, 7, 102428, 1, 1, 46879), -- Blacktalon Avenger
(186897, 6, 102429, 1, 1, 46879), -- Blacktalon Avenger
(186897, 5, 102430, 1, 1, 46879), -- Blacktalon Avenger
(186897, 4, 102445, 1, 1, 46879), -- Blacktalon Avenger
(186897, 3, 102431, 1, 1, 46879), -- Blacktalon Avenger
(186897, 2, 102432, 1, 1, 46879), -- Blacktalon Avenger
(186897, 1, 102433, 1, 1, 46879), -- Blacktalon Avenger
(186897, 0, 102434, 1, 1, 46879), -- Blacktalon Avenger
(183186, 7, 102461, 1, 1, 46879), -- Qalashi Wingrider
(183186, 6, 102462, 1, 1, 46879), -- Qalashi Wingrider
(183186, 5, 102464, 1, 1, 46879), -- Qalashi Wingrider
(183186, 4, 102465, 1, 1, 46879), -- Qalashi Wingrider
(183186, 3, 102495, 1, 1, 46879), -- Qalashi Wingrider
(183186, 2, 102496, 1, 1, 46879), -- Qalashi Wingrider
(183186, 1, 102497, 1, 1, 46879), -- Qalashi Wingrider
(183186, 0, 102498, 1, 1, 46879), -- Qalashi Wingrider
(187530, 0, 106199, 0.949999988079071044, 1, 46879), -- Evorian
(189768, 7, 101829, 1, 1, 46879), -- Qalashi Flamelobber
(189768, 6, 101828, 1, 1, 46879), -- Qalashi Flamelobber
(189768, 5, 101827, 1, 1, 46879), -- Qalashi Flamelobber
(189768, 4, 101826, 1, 1, 46879), -- Qalashi Flamelobber
(189768, 3, 101833, 1, 1, 46879), -- Qalashi Flamelobber
(189768, 2, 101832, 1, 1, 46879), -- Qalashi Flamelobber
(189768, 1, 101831, 1, 1, 46879), -- Qalashi Flamelobber
(189768, 0, 101830, 1, 1, 46879), -- Qalashi Flamelobber
(182816, 1, 102505, 1, 1, 46879), -- Summoned Lava Elemental
(182816, 0, 102503, 1, 1, 46879), -- Summoned Lava Elemental
(188143, 0, 106199, 0.949999988079071044, 0, 46879), -- Myridian
(195187, 7, 101829, 1, 1, 46879), -- Djaradin Flametamer
(195187, 6, 101828, 1, 1, 46879), -- Djaradin Flametamer
(195187, 5, 101827, 1, 1, 46879), -- Djaradin Flametamer
(195187, 4, 101826, 1, 1, 46879), -- Djaradin Flametamer
(195187, 3, 101833, 1, 1, 46879), -- Djaradin Flametamer
(195187, 2, 101832, 1, 1, 46879), -- Djaradin Flametamer
(195187, 1, 101831, 1, 1, 46879), -- Djaradin Flametamer
(195187, 0, 101830, 1, 1, 46879), -- Djaradin Flametamer
(186919, 7, 102197, 1, 1, 46879), -- Obsidian Soldier
(186919, 6, 102196, 1, 1, 46879), -- Obsidian Soldier
(186919, 5, 102195, 1, 1, 46879), -- Obsidian Soldier
(186919, 4, 102194, 1, 1, 46879), -- Obsidian Soldier
(186919, 3, 102201, 1, 1, 46879), -- Obsidian Soldier
(186919, 2, 102200, 1, 1, 46879), -- Obsidian Soldier
(186919, 1, 102199, 1, 1, 46879), -- Obsidian Soldier
(186919, 0, 102198, 1, 1, 46879), -- Obsidian Soldier
(186915, 7, 102457, 1, 1, 46879), -- Qalashi Gatecrasher
(186915, 6, 102458, 1, 1, 46879), -- Qalashi Gatecrasher
(186915, 5, 102459, 1, 1, 46879), -- Qalashi Gatecrasher
(186915, 4, 102460, 1, 1, 46879), -- Qalashi Gatecrasher
(186915, 3, 102479, 1, 1, 46879), -- Qalashi Gatecrasher
(186915, 2, 102480, 1, 1, 46879), -- Qalashi Gatecrasher
(186915, 1, 102481, 1, 1, 46879), -- Qalashi Gatecrasher
(186915, 0, 102482, 1, 1, 46879), -- Qalashi Gatecrasher
(189643, 5, 102459, 1, 1, 46879), -- Qalashi Crustshaper
(189643, 4, 102496, 1, 1, 46879), -- Qalashi Crustshaper
(189643, 3, 101836, 1, 1, 46879), -- Qalashi Crustshaper
(189643, 2, 101834, 1, 1, 46879), -- Qalashi Crustshaper
(189643, 1, 101839, 1, 1, 46879), -- Qalashi Crustshaper
(189643, 0, 101838, 1, 1, 46879), -- Qalashi Crustshaper
(201154, 0, 104039, 1.20000004768371582, 1, 46879), -- Surging Magma
(186892, 7, 101807, 1, 1, 46879), -- Qalashi Necksnapper
(186892, 6, 101806, 1, 1, 46879), -- Qalashi Necksnapper
(186892, 5, 101805, 1, 1, 46879), -- Qalashi Necksnapper
(186892, 4, 101804, 1, 1, 46879), -- Qalashi Necksnapper
(186892, 3, 101811, 1, 1, 46879), -- Qalashi Necksnapper
(186892, 2, 101810, 1, 1, 46879), -- Qalashi Necksnapper
(186892, 1, 101809, 1, 1, 46879), -- Qalashi Necksnapper
(186892, 0, 101808, 1, 1, 46879), -- Qalashi Necksnapper
(183187, 0, 104574, 1, 1, 46879), -- Dreadsquall
(186241, 1, 11686, 1, 1, 46879), -- Generic - Empty Bunny
(186241, 0, 15092, 1.399999976158142089, 0, 46879); -- Generic - Empty Bunny

UPDATE `creature_template_model` SET `VerifiedBuild`=46879 WHERE (`Idx`=0 AND `CreatureID` IN (61029,191639,32642,32641,58960,43499,1860,58542,31216,89,416,24207,156558,26125,192134)) OR (`Idx`=2 AND `CreatureID` IN (191639,26125,192134)) OR (`Idx`=1 AND `CreatureID` IN (191639,58542,156558,26125,192134)) OR (`Idx`=3 AND `CreatureID` IN (26125,192134)) OR (`Idx`=5 AND `CreatureID`=192134) OR (`Idx`=4 AND `CreatureID`=192134);

DELETE FROM `creature_questitem` WHERE (`Idx`=0 AND `CreatureEntry` IN (187960,187975,187939,187938,192854,188089,190909,199298,196336,189289,187867,187868,187813,187785,189734,186239,190079,190116,187919,190484,201154)) OR (`Idx`=4 AND `CreatureEntry` IN (199298,196336,189289,187867,187868,187813,189734,186239,190079,190116,187919)) OR (`Idx`=3 AND `CreatureEntry` IN (199298,196336,189289,187867,187868,187813,189734,186239,190079,190116,187919)) OR (`Idx`=2 AND `CreatureEntry` IN (199298,196336,189289,187867,187868,187813,189734,186239,190079,190116,187919,190484)) OR (`Idx`=1 AND `CreatureEntry` IN (199298,196336,189289,187867,187868,187813,187785,189734,186239,190079,190116,187919,190484,201154)) OR (`Idx`=5 AND `CreatureEntry` IN (187868,187919));
INSERT INTO `creature_questitem` (`CreatureEntry`, `Idx`, `ItemId`, `VerifiedBuild`) VALUES
(187960, 0, 191100, 46879), -- Sunhide Stomphoof
(187975, 0, 191100, 46879), -- Fleecepelt Argali
(187939, 0, 191100, 46879), -- Plainswalker Calf
(187938, 0, 191100, 46879), -- Plainswalker Mammoth
(192854, 0, 198792, 46879), -- Clearwater Ottuk
(188089, 0, 198795, 46879), -- Swift Hornstrider
(190909, 0, 198795, 46879), -- Swift Hornstrider
(199298, 4, 194544, 46879), -- Qalashi Skullhauler
(199298, 3, 194336, 46879), -- Qalashi Skullhauler
(199298, 2, 191686, 46879), -- Qalashi Skullhauler
(199298, 1, 191683, 46879), -- Qalashi Skullhauler
(199298, 0, 191686, 46879), -- Qalashi Skullhauler
(196336, 4, 194544, 46879), -- Qalashi Flameslinger
(196336, 3, 194336, 46879), -- Qalashi Flameslinger
(196336, 2, 191686, 46879), -- Qalashi Flameslinger
(196336, 1, 191683, 46879), -- Qalashi Flameslinger
(196336, 0, 191686, 46879), -- Qalashi Flameslinger
(189289, 4, 194544, 46879), -- Penumbrus
(189289, 3, 194336, 46879), -- Penumbrus
(189289, 2, 191686, 46879), -- Penumbrus
(189289, 1, 191683, 46879), -- Penumbrus
(189289, 0, 191686, 46879), -- Penumbrus
(187867, 4, 194544, 46879), -- Qalashi Magmacrafter
(187867, 3, 194336, 46879), -- Qalashi Magmacrafter
(187867, 2, 191686, 46879), -- Qalashi Magmacrafter
(187867, 1, 191683, 46879), -- Qalashi Magmacrafter
(187867, 0, 191686, 46879), -- Qalashi Magmacrafter
(187868, 5, 194544, 46879), -- Molten Uprising
(187868, 4, 194336, 46879), -- Molten Uprising
(187868, 3, 191686, 46879), -- Molten Uprising
(187868, 2, 191683, 46879), -- Molten Uprising
(187868, 1, 191686, 46879), -- Molten Uprising
(187868, 0, 194551, 46879), -- Molten Uprising
(187813, 4, 194544, 46879), -- Qalashi Wallcrasher
(187813, 3, 194336, 46879), -- Qalashi Wallcrasher
(187813, 2, 191686, 46879), -- Qalashi Wallcrasher
(187813, 1, 191683, 46879), -- Qalashi Wallcrasher
(187813, 0, 191686, 46879), -- Qalashi Wallcrasher
(187785, 1, 194551, 46879), -- Surging Magma
(187785, 0, 191278, 46879), -- Surging Magma
(189734, 4, 194544, 46879), -- Qalashi Boltthrower
(189734, 3, 194336, 46879), -- Qalashi Boltthrower
(189734, 2, 191686, 46879), -- Qalashi Boltthrower
(189734, 1, 191683, 46879), -- Qalashi Boltthrower
(189734, 0, 191686, 46879), -- Qalashi Boltthrower
(186239, 4, 194544, 46879), -- Qalashi Skullhauler
(186239, 3, 194336, 46879), -- Qalashi Skullhauler
(186239, 2, 191686, 46879), -- Qalashi Skullhauler
(186239, 1, 191683, 46879), -- Qalashi Skullhauler
(186239, 0, 191686, 46879), -- Qalashi Skullhauler
(190079, 4, 194544, 46879), -- Qalashi Boltthrower
(190079, 3, 194336, 46879), -- Qalashi Boltthrower
(190079, 2, 191686, 46879), -- Qalashi Boltthrower
(190079, 1, 191683, 46879), -- Qalashi Boltthrower
(190079, 0, 191686, 46879), -- Qalashi Boltthrower
(190116, 4, 194544, 46879), -- Qalashi Skullhauler
(190116, 3, 194336, 46879), -- Qalashi Skullhauler
(190116, 2, 191686, 46879), -- Qalashi Skullhauler
(190116, 1, 191683, 46879), -- Qalashi Skullhauler
(190116, 0, 191686, 46879), -- Qalashi Skullhauler
(187919, 5, 194544, 46879), -- Caldera Stomper
(187919, 4, 194336, 46879), -- Caldera Stomper
(187919, 3, 191686, 46879), -- Caldera Stomper
(187919, 2, 191683, 46879), -- Caldera Stomper
(187919, 1, 191686, 46879), -- Caldera Stomper
(187919, 0, 194551, 46879), -- Caldera Stomper
(190484, 2, 198480, 46879), -- Kyrakka
(190484, 1, 193412, 46879), -- Kyrakka
(190484, 0, 193397, 46879), -- Kyrakka
(201154, 1, 194551, 46879), -- Surging Magma
(201154, 0, 191278, 46879); -- Surging Magma



DELETE FROM `gameobject_template` WHERE `entry` IN (376085 /*Bundle of Pelts*/, 380612 /*Sign Language Reference Sheet*/, 379301 /*Mailbox*/, 385044 /*Feast Leftovers*/, 383652 /*Leatherworker's Tool Bench*/, 379300 /*Campfire*/, 377120 /*Weapon Rack*/, 376373 /*Cooking Fire*/, 377980 /*Forge*/, 377119 /*Basket of Dried Fish*/, 376375 /*Cooking Fire*/, 376374 /*Anvil*/, 376372 /*Campfire*/, 376083 /*Crate of Horseshoes*/, 382285 /*Mature Terata*/, 377122 /*Medicinal Feralbloom*/, 376036 /*Nomad Cache*/, 376450 /*Otter Burrow*/, 378160 /*10.0 Plains - Nomad Clan - Camp A Active - WMO - SBV*/, 378146 /*10.0 Plains - Nomad Clan - Camp A Active - WMO - SBV*/, 378094 /*10.0 Plains - Nomad Clan - Camp A Active - WMO - SBV*/, 376035 /*Banner*/, 382287 /*Blooming Fangtooth*/, 378348 /*Sunlight Flower*/, 384306 /*Stool*/, 384305 /*Stool*/, 381560 /*Stool*/, 381483 /*Marmoni's Prize*/, 380840 /*Torn Riding Pack*/, 380559 /*Frostforged Potion*/, 376678 /*Ritual Circle*/, 382069 /*Overripe Lifebinder's Gift*/, 377227 /*Black Dragon Egg*/, 376282 /*Black Dragon Egg Incubator*/, 375244 /*Frigid Bubble Poppy*/, 378265 /*Cake*/, 376706 /*Reliquary Pillow*/, 376702 /*Reliquary Pillow*/, 378857 /*Lost Obsidian Cache*/, 379171 /*Brazier*/, 381688 /*Obsidian Teleporter*/, 376824 /*Scouting Scope*/, 376175 /*Fullsails Supply Chest*/, 381716 /*Dragonsteel Sword*/, 381325 /*Mailbox*/, 380871 /*Tinker's Workbench*/, 379174 /*Anvil*/, 379172 /*Brazier*/, 377111 /*Blacktalon Battle Plans*/, 377106 /*Blacktalon Battle Plans*/, 382032 /*Flowering Inferno Pod*/, 381326 /*Campfire*/, 376104 /*Siege Arbalest*/, 379194 /*Campfire*/, 376151 /*Drajardin Grindstone*/, 382070 /*Blocked Net Spot*/, 380826 /*Focusing Crystal*/, 380606 /*Focusing Crystal*/, 380557 /*Igneous Geode*/, 378705 /*Loot Bag*/, 380825 /*Focusing Crystal*/, 379184 /*Campfire*/, 379185 /*Campfire*/, 376587 /*Expedition Scout's Pack*/, 381420 /*Dragonsteel Axe*/, 379191 /*Anvil*/, 382241 /*Earth-Warder's Forge*/, 381421 /*Obsidian Anvil*/, 380878 /*Forge*/, 380875 /*Mailbox*/, 377073 /*Cookie*/, 364849 /*Cookie*/, 379192 /*Brazier*/, 380850 /*Meeting Stone*/, 377161 /*Cindershard Coal*/, 379199 /*Brazier*/, 380876 /*Blacksmith's Table*/, 377074 /*Cookie*/, 379193 /*Brazier*/, 381336 /*Ancient Stone*/, 379190 /*Brazier*/, 379158 /*Earth-Warder's Forge*/, 379200 /*Brazier*/, 380874 /*Anvil*/, 379197 /*Brazier*/, 380877 /*Jeweler's Bench*/, 381340 /*Ancient Stone*/, 379188 /*Brazier*/, 379041 /*Oathstone*/, 379201 /*Brazier*/, 384384 /*Brazier*/, 384393 /*Brazier*/, 384382 /*Brazier*/, 384376 /*Jeweler's Bench*/, 384390 /*Brazier*/, 384385 /*Blacksmith's Table*/, 384378 /*Brazier*/, 384392 /*Forge*/, 384386 /*Anvil*/, 384391 /*Mailbox*/, 376223 /*Obsidian Oathstone*/, 378436 /*Obsidian Oathstone*/, 377026 /*Reformed Oathstone Fragments*/, 378433 /*Oathstone Fragments*/, 377018 /*Oathstone Fragments*/, 384387 /*Anvil*/, 383636 /*Earth-Warder's Forge*/, 376920 /*Vault Barrier*/, 377015 /*Cindershard Coal*/, 376919 /*Oathstone Fragment*/, 376220 /*Oathstone Fragment*/, 384375 /*Brazier*/, 384380 /*Brazier*/, 376904 /*Destroyed Arbalist*/, 376905 /*Destroyed Arbalast*/, 376254 /*Destroyed Arbalast*/, 377012 /*Cindershard Coal*/, 376685 /*Seared Defenders Blade*/, 384394 /*Campfire*/, 384388 /*Campfire*/, 377013 /*Earth-Warder's Forge*/, 376917 /*Obsidian Oathstone*/, 376253 /*Siege Arbalist*/, 376901 /*Siege Arbalist*/, 376903 /*Siege Arbalist*/);
INSERT INTO `gameobject_template` (`entry`, `type`, `displayId`, `name`, `IconName`, `castBarCaption`, `unk1`, `size`, `Data0`, `Data1`, `Data2`, `Data3`, `Data4`, `Data5`, `Data6`, `Data7`, `Data8`, `Data9`, `Data10`, `Data11`, `Data12`, `Data13`, `Data14`, `Data15`, `Data16`, `Data17`, `Data18`, `Data19`, `Data20`, `Data21`, `Data22`, `Data23`, `Data24`, `Data25`, `Data26`, `Data27`, `Data28`, `Data29`, `Data30`, `Data31`, `Data32`, `Data33`, `Data34`, `ContentTuningId`, `VerifiedBuild`) VALUES
(376085, 3, 74997, 'Bundle of Pelts', 'questinteract', 'Collecting', '', 1, 1691, 0, 1, 0, 0, 0, 0, 0, 65802, 0, 0, 0, 0, 0, 19676, 0, 0, 0, 0, 0, 0, 0, 0, 0, 0, 0, 0, 0, 0, 0, 110254, 1, 0, 0, 0, 2152, 46879), -- Bundle of Pelts
(380612, 3, 66974, 'Sign Language Reference Sheet', '', 'Opening', '', 1, 43, 0, 1, 0, 1, 1, 0, 0, 0, 0, 0, 0, 0, 1, 21400, 0, 0, 100247, 0, 2, 0, 0, 0, 0, 0, 0, 0, 0, 0, 5329, 112519, 0, 108, 0, 0, 2214, 46879), -- Sign Language Reference Sheet
(379301, 19, 75441, 'Mailbox', '', '', '', 1, 0, 0, 0, 0, 0, 0, 0, 0, 0, 0, 0, 0, 0, 0, 0, 0, 0, 0, 0, 0, 0, 0, 0, 0, 0, 0, 0, 0, 0, 0, 0, 0, 0, 0, 0, 0, 46879), -- Mailbox
(385044, 22, 76731, 'Feast Leftovers', 'interact', '', '', 1, 396959, 0, 0, 0, 0, 0, 1, 0, 0, 0, 0, 0, 0, 0, 0, 0, 0, 0, 0, 0, 0, 0, 0, 0, 0, 0, 0, 0, 0, 0, 0, 0, 0, 0, 0, 0, 46879), -- Feast Leftovers
(383652, 8, 76631, 'Leatherworker\'s Tool Bench', '', '', '', 1, 2169, 10, 0, 0, 0, 0, 0, 0, 407, 0, 30084, 0, 0, 0, 2, 0, 0, 0, 0, 0, 0, 0, 0, 0, 0, 0, 0, 0, 0, 0, 0, 0, 0, 0, 0, 0, 46879), -- Leatherworker's Tool Bench
(379300, 8, 74075, 'Campfire', '', '', '', 0.589999973773956298, 4, 10, 2061, 0, 0, 0, 0, 0, 0, 0, 0, 0, 0, 0, 0, 0, 0, 0, 0, 0, 0, 0, 0, 0, 0, 0, 0, 0, 0, 0, 0, 0, 0, 0, 0, 0, 46879), -- Campfire
(377120, 3, 74336, 'Weapon Rack', 'questinteract', 'Collecting', '', 1, 1691, 0, 1, 0, 0, 0, 0, 0, 65802, 0, 0, 0, 0, 0, 19676, 0, 0, 0, 0, 0, 0, 0, 0, 0, 0, 0, 0, 0, 0, 0, 111270, 1, 0, 0, 0, 2152, 46879), -- Weapon Rack
(376373, 8, 74213, 'Cooking Fire', '', '', '', 1, 4, 10, 2061, 0, 0, 0, 0, 0, 0, 0, 0, 0, 0, 0, 0, 0, 0, 0, 0, 0, 0, 0, 0, 0, 0, 0, 0, 0, 0, 0, 0, 0, 0, 0, 0, 0, 46879), -- Cooking Fire
(377980, 8, 74073, 'Forge', '', '', '', 1, 3, 10, 0, 0, 0, 0, 0, 0, 103829, 0, 30092, 0, 0, 0, 0, 0, 0, 0, 0, 0, 0, 0, 0, 0, 0, 0, 0, 0, 0, 0, 0, 0, 0, 0, 0, 0, 46879), -- Forge
(377119, 3, 74079, 'Basket of Dried Fish', 'questinteract', 'Collecting', '', 1, 1691, 0, 1, 0, 0, 0, 0, 0, 65802, 0, 0, 0, 0, 0, 19676, 0, 0, 0, 0, 0, 0, 0, 0, 0, 0, 0, 0, 0, 0, 0, 111268, 1, 0, 0, 0, 2152, 46879), -- Basket of Dried Fish
(376375, 8, 74213, 'Cooking Fire', '', '', '', 1, 4, 10, 2061, 0, 0, 0, 0, 0, 0, 0, 0, 0, 0, 0, 0, 0, 0, 0, 0, 0, 0, 0, 0, 0, 0, 0, 0, 0, 0, 0, 0, 0, 0, 0, 0, 0, 46879), -- Cooking Fire
(376374, 8, 74074, 'Anvil', '', '', '', 1, 1, 10, 0, 0, 0, 0, 0, 0, 0, 0, 0, 0, 0, 0, 0, 0, 0, 0, 0, 0, 0, 0, 0, 0, 0, 0, 0, 0, 0, 0, 0, 0, 0, 0, 0, 0, 46879), -- Anvil
(376372, 8, 74212, 'Campfire', '', '', '', 0.803101003170013427, 4, 10, 2061, 0, 0, 0, 0, 0, 0, 0, 0, 0, 0, 0, 0, 0, 0, 0, 0, 0, 0, 0, 0, 0, 0, 0, 0, 0, 0, 0, 0, 0, 0, 0, 0, 0, 46879), -- Campfire
(376083, 3, 73929, 'Crate of Horseshoes', 'questinteract', 'Collecting', '', 1, 1691, 0, 1, 0, 0, 0, 0, 0, 65802, 0, 0, 0, 0, 0, 19676, 0, 0, 0, 0, 0, 0, 0, 0, 0, 0, 0, 0, 0, 0, 0, 110253, 1, 0, 0, 0, 2152, 46879), -- Crate of Horseshoes
(382285, 50, 74998, 'Mature Terata', 'openhand', '', '', 0.75, 3427, 113814, 0, 1, 0, 0, 3, 0, 0, 0, 0, 0, 0, 0, 0, 0, 0, 5482, 1, 0, 0, 0, 0, 1, 0, 0, 0, 0, 0, 0, 0, 0, 0, 0, 0, 2214, 46879), -- Mature Terata
(377122, 3, 74980, 'Medicinal Feralbloom', 'questinteract', 'Collecting', '', 0.5, 1691, 0, 1, 0, 0, 0, 0, 0, 65802, 0, 0, 0, 0, 0, 19676, 0, 0, 0, 0, 0, 0, 0, 0, 0, 0, 0, 0, 0, 0, 0, 111271, 1, 0, 0, 0, 2152, 46879), -- Medicinal Feralbloom
(376036, 50, 73544, 'Nomad Cache', '', '', '', 1, 57, 109809, 0, 0, 0, 0, 300, 0, 0, 0, 0, 0, 0, 0, 0, 0, 0, 0, 20, 0, 0, 1, 0, 0, 0, 0, 0, 0, 0, 0, 0, 0, 0, 0, 0, 2152, 46879), -- Nomad Cache
(376450, 10, 74302, 'Otter Burrow', 'questinteract', 'Collecting', '', 0.5, 43, 0, 0, 1, 0, 1, 0, 0, 0, 0, 370838, 0, 0, 0, 19676, 0, 1, 0, 0, 0, 0, 0, 0, 1, 0, 0, 0, 0, 0, 0, 0, 0, 0, 0, 0, 2152, 46879), -- Otter Burrow
(378160, 43, 73468, '10.0 Plains - Nomad Clan - Camp A Active - WMO - SBV', '', '', '', 1, -1, 0, 0, 0, 0, 0, 0, 0, 0, 0, 0, 0, 0, 0, 0, 0, 0, 0, 0, 0, 0, 0, 0, 0, 0, 0, 0, 0, 0, 0, 0, 0, 0, 0, 0, 0, 46879), -- 10.0 Plains - Nomad Clan - Camp A Active - WMO - SBV
(378146, 43, 73465, '10.0 Plains - Nomad Clan - Camp A Active - WMO - SBV', '', '', '', 1, -1, 0, 0, 0, 0, 0, 0, 0, 0, 0, 0, 0, 0, 0, 0, 0, 0, 0, 0, 0, 0, 0, 0, 0, 0, 0, 0, 0, 0, 0, 0, 0, 0, 0, 0, 0, 46879), -- 10.0 Plains - Nomad Clan - Camp A Active - WMO - SBV
(378094, 43, 73467, '10.0 Plains - Nomad Clan - Camp A Active - WMO - SBV', '', '', '', 1, -1, 0, 0, 0, 0, 0, 0, 0, 0, 0, 0, 0, 0, 0, 0, 0, 0, 0, 0, 0, 0, 0, 0, 0, 0, 0, 0, 0, 0, 0, 0, 0, 0, 0, 0, 0, 46879), -- 10.0 Plains - Nomad Clan - Camp A Active - WMO - SBV
(376035, 5, 73543, 'Banner', '', '', '', 0.75, 0, 0, 0, 0, 0, 0, 0, 0, 0, 0, 0, 0, 0, 0, 0, 0, 0, 0, 0, 0, 0, 0, 0, 0, 0, 0, 0, 0, 0, 0, 0, 0, 0, 0, 0, 0, 46879), -- Banner
(382287, 50, 77756, 'Blooming Fangtooth', 'openhand', '', '', 0.75, 3427, 113816, 0, 1, 0, 0, 3, 0, 0, 0, 0, 0, 0, 0, 0, 0, 0, 5482, 1, 0, 0, 0, 0, 1, 0, 0, 0, 0, 0, 0, 0, 0, 0, 0, 0, 2214, 46879), -- Blooming Fangtooth
(378348, 10, 75828, 'Sunlight Flower', 'questinteract', 'Harvesting', '', 1.5, 2173, 0, 0, 1, 0, 0, 0, 0, 0, 0, 0, 0, 0, 1, 42231, 0, 0, 0, 0, 0, 1, 0, 0, 1, 0, 0, 0, 0, 0, 0, 0, 0, 0, 0, 0, 2277, 46879), -- Sunlight Flower
(384306, 7, 76729, 'Stool', '', '', '', 1, 1, 2, 0, 0, 0, 0, 0, 0, 0, 0, 0, 0, 0, 0, 0, 0, 0, 0, 0, 0, 0, 0, 0, 0, 0, 0, 0, 0, 0, 0, 0, 0, 0, 0, 0, 0, 46879), -- Stool
(384305, 7, 76729, 'Stool', '', '', '', 1, 1, 2, 0, 0, 0, 0, 0, 0, 0, 0, 0, 0, 0, 0, 0, 0, 0, 0, 0, 0, 0, 0, 0, 0, 0, 0, 0, 0, 0, 0, 0, 0, 0, 0, 0, 0, 46879), -- Stool
(381560, 7, 76729, 'Stool', '', '', '', 1, 1, 2, 0, 0, 0, 0, 0, 0, 0, 0, 0, 0, 0, 0, 0, 0, 0, 0, 0, 0, 0, 0, 0, 0, 0, 0, 0, 0, 0, 0, 0, 0, 0, 0, 0, 0, 46879), -- Stool
(381483, 3, 22716, 'Marmoni\'s Prize', '', 'Gathering', '', 1.5, 2152, 0, 0, 0, 0, 0, 0, 0, 0, 0, 0, 0, 0, 0, 24982, 0, 0, 0, 0, 0, 0, 0, 0, 0, 0, 0, 0, 0, 0, 0, 113084, 0, 0, 0, 0, 2283, 46879), -- Marmoni's Prize
(380840, 3, 76595, 'Torn Riding Pack', '', 'Opening', '', 1, 57, 0, 1, 1, 0, 0, 0, 0, 0, 0, 0, 0, 0, 1, 21400, 0, 0, 0, 0, 2, 0, 0, 0, 0, 0, 0, 0, 0, 0, 0, 112557, 0, 0, 0, 0, 2151, 46879), -- Torn Riding Pack
(380559, 3, 64760, 'Frostforged Potion', '', 'Opening', '', 0.60000002384185791, 43, 0, 1, 0, 1, 1, 0, 0, 0, 0, 0, 0, 0, 1, 21400, 0, 0, 100251, 0, 2, 0, 0, 0, 0, 0, 0, 0, 0, 0, 5297, 112482, 0, 108, 0, 0, 2214, 46879), -- Frostforged Potion
(376678, 5, 74029, 'Ritual Circle', '', '', '', 2, 0, 0, 0, 0, 0, 0, 0, 0, 0, 0, 0, 0, 0, 0, 0, 0, 0, 0, 0, 0, 0, 0, 0, 0, 0, 0, 0, 0, 0, 0, 0, 0, 0, 0, 0, 0, 46879), -- Ritual Circle
(382069, 50, 77638, 'Overripe Lifebinder\'s Gift', 'openhand', '', '', 0.400000005960464477, 3427, 113627, 0, 1, 0, 0, 3, 0, 0, 0, 0, 0, 0, 0, 0, 0, 0, 5482, 1, 0, 0, 0, 0, 1, 0, 0, 0, 0, 0, 0, 0, 0, 0, 0, 0, 2214, 46879), -- Overripe Lifebinder's Gift
(377227, 5, 74103, 'Black Dragon Egg', '', '', '', 1, 0, 0, 0, 0, 0, 0, 0, 0, 0, 0, 0, 0, 0, 0, 0, 0, 0, 0, 0, 0, 0, 0, 0, 0, 0, 0, 0, 0, 0, 0, 0, 0, 0, 0, 0, 0, 46879), -- Black Dragon Egg
(376282, 5, 74098, 'Black Dragon Egg Incubator', '', '', '', 1, 0, 0, 0, 0, 0, 0, 0, 0, 0, 0, 0, 0, 0, 0, 0, 0, 0, 0, 0, 0, 0, 0, 0, 0, 0, 0, 0, 0, 0, 0, 0, 0, 0, 0, 0, 0, 46879), -- Black Dragon Egg Incubator
(375244, 50, 76839, 'Frigid Bubble Poppy', '', '', '', 1.5, 3381, 113538, 0, 0, 100, 175, 30, 0, 0, 0, 0, 0, 292, 1, 390415, 0, 0, 0, 10, 0, 0, 0, 0, 1, 0, 0, 0, 0, 0, 0, 0, 0, 0, 0, 0, 2181, 46879), -- Frigid Bubble Poppy
(378265, 5, 8234, 'Cake', '', '', '', 0.60000002384185791, 0, 0, 0, 0, 0, 0, 0, 0, 0, 0, 0, 0, 0, 0, 0, 0, 0, 0, 0, 0, 0, 0, 0, 0, 0, 0, 0, 0, 0, 0, 0, 0, 0, 0, 0, 0, 46879), -- Cake
(376706, 5, 74543, 'Reliquary Pillow', '', '', '', 1, 0, 0, 0, 0, 0, 0, 0, 0, 0, 0, 0, 0, 0, 0, 0, 0, 0, 0, 0, 0, 0, 0, 0, 0, 0, 0, 0, 0, 0, 0, 0, 0, 0, 0, 0, 0, 46879), -- Reliquary Pillow
(376702, 5, 74540, 'Reliquary Pillow', '', '', '', 1, 0, 0, 0, 0, 0, 0, 0, 0, 0, 0, 0, 0, 0, 0, 0, 0, 0, 0, 0, 0, 0, 0, 0, 0, 0, 0, 0, 0, 0, 0, 0, 0, 0, 0, 0, 0, 46879), -- Reliquary Pillow
(378857, 3, 73228, 'Lost Obsidian Cache', 'interact', 'Collecting', '', 1, 3466, 0, 1, 0, 0, 0, 0, 0, 0, 0, 0, 0, 0, 0, 19676, 0, 0, 0, 0, 0, 0, 0, 0, 0, 0, 0, 0, 0, 0, 5257, 115160, 0, 0, 0, 0, 2278, 46879), -- Lost Obsidian Cache
(379171, 8, 75761, 'Brazier', '', '', '', 1.159999966621398925, 4, 10, 377066, 0, 0, 0, 0, 0, 0, 0, 0, 0, 0, 0, 0, 0, 0, 0, 0, 0, 0, 0, 0, 0, 0, 0, 0, 0, 0, 0, 0, 0, 0, 0, 0, 0, 46879), -- Brazier
(381688, 10, 76664, 'Obsidian Teleporter', 'questinteract', '', '', 1, 3176, 0, 0, 3000, 0, 0, 0, 0, 0, 0, 389613, 0, 0, 0, 0, 0, 0, 0, 0, 0, 1, 0, 102172, 1, 0, 0, 1, 0, 0, 0, 0, 0, 0, 0, 0, 0, 46879), -- Obsidian Teleporter
(376824, 22, 74662, 'Scouting Scope', 'questinteract', '', '', 0.800000011920928955, 309772, -1, 0, 0, 0, 98497, 1, 0, 0, 0, 0, 0, 0, 0, 0, 0, 0, 0, 0, 0, 0, 0, 0, 0, 0, 0, 0, 0, 0, 0, 0, 0, 0, 0, 0, 0, 46879), -- Scouting Scope
(376175, 3, 51775, 'Fullsails Supply Chest', '', 'Collecting', '', 0.5, 3416, 0, 5, 0, 0, 0, 0, 0, 0, 0, 0, 0, 0, 0, 19676, 0, 0, 0, 0, 0, 0, 0, 0, 0, 0, 0, 0, 0, 0, 5046, 110376, 0, 108, 0, 0, 2151, 46879), -- Fullsails Supply Chest
(381716, 5, 75232, 'Dragonsteel Sword', '', '', '', 1.299999952316284179, 0, 0, 0, 0, 0, 0, 0, 0, 0, 0, 0, 0, 0, 0, 0, 0, 0, 0, 0, 0, 0, 0, 0, 0, 0, 0, 0, 0, 0, 0, 0, 0, 0, 0, 0, 2151, 46879), -- Dragonsteel Sword
(381325, 19, 74322, 'Mailbox', '', '', '', 1.129999995231628417, 0, 0, 0, 0, 0, 0, 0, 0, 0, 0, 0, 0, 0, 0, 0, 0, 0, 0, 0, 0, 0, 0, 0, 0, 0, 0, 0, 0, 0, 0, 0, 0, 0, 0, 0, 0, 46879), -- Mailbox
(380871, 8, 76166, 'Tinker\'s Workbench', '', '', '', 1, 2166, 10, 0, 0, 0, 0, 0, 0, 406, 0, 30080, 0, 0, 0, 8, 0, 0, 0, 0, 0, 0, 0, 0, 0, 0, 0, 0, 0, 0, 0, 0, 0, 0, 0, 0, 0, 46879), -- Tinker's Workbench
(379174, 8, 74348, 'Anvil', '', '', '', 0.769999980926513671, 1, 10, 0, 0, 0, 0, 0, 0, 103828, 0, 30091, 0, 0, 0, 0, 0, 0, 0, 0, 0, 0, 0, 0, 0, 0, 0, 0, 0, 0, 0, 0, 0, 0, 0, 0, 0, 46879), -- Anvil
(379172, 8, 75761, 'Brazier', '', '', '', 1, 4, 10, 377066, 0, 0, 0, 0, 0, 0, 0, 0, 0, 0, 0, 0, 0, 0, 0, 0, 0, 0, 0, 0, 0, 0, 0, 0, 0, 0, 0, 0, 0, 0, 0, 0, 0, 46879), -- Brazier
(377111, 10, 74988, 'Blacktalon Battle Plans', 'questinteract', '', '', 1.20000004768371582, 0, 0, 0, 3000, 0, 0, 0, 0, 0, 0, 372265, 0, 0, 0, 0, 0, 0, 0, 0, 0, 1, 0, 97932, 1, 0, 0, 0, 0, 0, 0, 0, 0, 0, 0, 0, 2151, 46879), -- Blacktalon Battle Plans
(377106, 10, 74984, 'Blacktalon Battle Plans', 'questinteract', '', '', 1.20000004768371582, 0, 0, 0, 3000, 0, 0, 0, 0, 0, 0, 372265, 0, 0, 0, 0, 0, 0, 0, 0, 0, 1, 0, 97932, 1, 0, 0, 0, 0, 0, 0, 0, 0, 0, 0, 0, 2151, 46879), -- Blacktalon Battle Plans
(382032, 50, 77565, 'Flowering Inferno Pod', 'openhand', '', '', 0.60000002384185791, 3427, 113621, 0, 1, 0, 0, 3, 0, 0, 0, 0, 0, 0, 0, 0, 0, 0, 5482, 1, 0, 0, 0, 0, 1, 0, 0, 0, 0, 0, 0, 0, 0, 0, 0, 0, 2214, 46879), -- Flowering Inferno Pod
(381326, 8, 49788, 'Campfire', '', '', '', 0.759999990463256835, 4, 10, 215916, 0, 0, 0, 0, 0, 0, 0, 0, 0, 0, 0, 0, 0, 0, 0, 0, 0, 0, 0, 0, 0, 0, 0, 0, 0, 0, 0, 0, 0, 0, 0, 0, 0, 46879), -- Campfire
(376104, 10, 73815, 'Siege Arbalest', 'questinteract', 'Destroying', '', 1, 2741, 0, 0, 3000, 0, 0, 0, 0, 0, 0, 0, 0, 0, 0, 24585, 0, 0, 0, 0, 0, 1, 0, 0, 0, 0, 0, 0, 0, 0, 0, 0, 0, 1, 0, 0, 2151, 46879), -- Siege Arbalest
(379194, 8, 76171, 'Campfire', '', '', '', 1, 4, 10, 215916, 0, 0, 0, 0, 0, 0, 0, 0, 0, 0, 0, 0, 0, 0, 0, 0, 0, 0, 0, 0, 0, 0, 0, 0, 0, 0, 0, 0, 0, 0, 0, 0, 0, 46879), -- Campfire
(376151, 5, 73906, 'Drajardin Grindstone', '', '', '', 0.920000016689300537, 0, 1, 0, 0, 0, 0, 0, 0, 0, 0, 0, 0, 0, 0, 0, 0, 0, 0, 0, 0, 0, 0, 0, 0, 0, 0, 0, 0, 0, 0, 0, 0, 0, 0, 0, 0, 46879), -- Drajardin Grindstone
(382070, 10, 75598, 'Blocked Net Spot', 'questinteract', '', '', 1, 3530, 0, 0, 0, 0, 0, 0, 0, 0, 0, 0, 0, 0, 0, 0, 0, 1, 0, 1, 0, 1, 0, 0, 1, 0, 0, 0, 0, 0, 0, 0, 0, 0, 0, 0, 2214, 46879), -- Blocked Net Spot
(380826, 10, 22633, 'Focusing Crystal', 'questinteract', '', '', 1, 2173, 0, 0, 3000, 0, 0, 0, 0, 0, 0, 385288, 0, 0, 0, 0, 0, 0, 0, 0, 0, 1, 0, 100246, 1, 5345, 0, 0, 0, 0, 0, 0, 0, 0, 0, 0, 2214, 46879), -- Focusing Crystal
(380606, 10, 22633, 'Focusing Crystal', 'questinteract', '', '', 1, 2173, 0, 0, 3000, 0, 0, 0, 0, 0, 0, 385224, 0, 0, 0, 0, 0, 0, 0, 0, 0, 1, 0, 100246, 1, 5345, 0, 0, 0, 0, 0, 0, 0, 0, 0, 0, 2214, 46879), -- Focusing Crystal
(380557, 3, 76444, 'Igneous Geode', '', '', '', 1, 0, 0, 10, 0, 1, 1, 0, 0, 0, 0, 0, 0, 0, 0, 0, 0, 0, 5703, 0, 0, 0, 0, 0, 0, 0, 0, 0, 0, 0, 5302, 0, 0, 0, 0, 0, 2214, 46879), -- Igneous Geode
(378705, 5, 29552, 'Loot Bag', '', '', '', 0.449999988079071044, 0, 1, 0, 0, 0, 0, 0, 0, 0, 0, 0, 0, 0, 0, 0, 0, 0, 0, 0, 0, 0, 0, 0, 0, 0, 0, 0, 0, 0, 0, 0, 0, 0, 0, 0, 0, 46879), -- Loot Bag
(380825, 10, 22633, 'Focusing Crystal', 'questinteract', '', '', 1, 2173, 0, 0, 3000, 0, 0, 0, 0, 0, 0, 385287, 0, 0, 0, 0, 0, 0, 0, 0, 0, 1, 0, 100246, 1, 5345, 0, 0, 0, 0, 0, 0, 0, 0, 0, 0, 2214, 46879), -- Focusing Crystal
(379184, 8, 76171, 'Campfire', '', '', '', 1, 4, 10, 215916, 0, 0, 0, 0, 0, 0, 0, 0, 0, 0, 0, 0, 0, 0, 0, 0, 0, 0, 0, 0, 0, 0, 0, 0, 0, 0, 0, 0, 0, 0, 0, 0, 0, 46879), -- Campfire
(379185, 8, 76171, 'Campfire', '', '', '', 1, 4, 10, 215916, 0, 0, 0, 0, 0, 0, 0, 0, 0, 0, 0, 0, 0, 0, 0, 0, 0, 0, 0, 0, 0, 0, 0, 0, 0, 0, 0, 0, 0, 0, 0, 0, 0, 46879), -- Campfire
(376587, 50, 15490, 'Expedition Scout\'s Pack', '', '', '', 1, 3427, 110641, 0, 0, 0, 0, 90, 0, 0, 0, 0, 0, 0, 0, 0, 0, 0, 5468, 10, 0, 0, 0, 0, 1, 0, 0, 0, 0, 0, 0, 0, 0, 0, 0, 0, 2214, 46879), -- Expedition Scout's Pack
(381420, 5, 73781, 'Dragonsteel Axe', 'questinteract', '', '', 1, 0, 1, 0, 0, 0, 0, 0, 0, 0, 0, 0, 0, 0, 0, 0, 0, 0, 0, 0, 0, 0, 0, 0, 0, 0, 0, 0, 0, 0, 0, 0, 0, 0, 0, 0, 2151, 46879), -- Dragonsteel Axe
(379191, 8, 75499, 'Anvil', '', '', '', 1, 1, 10, 0, 0, 0, 0, 0, 0, 103828, 0, 30091, 0, 0, 0, 0, 0, 0, 0, 0, 0, 0, 0, 0, 0, 0, 0, 0, 0, 0, 0, 0, 0, 0, 0, 0, 0, 46879), -- Anvil
(382241, 8, 77725, 'Earth-Warder\'s Forge', '', '', '', 1, 2177, 10, 0, 0, 0, 0, 0, 0, 0, 1000, 30078, 1, 3, 0, 1, 0, 0, 0, 0, 0, 0, 0, 0, 0, 0, 0, 0, 0, 0, 0, 0, 0, 0, 0, 0, 2287, 46879), -- Earth-Warder's Forge
(381421, 8, 74348, 'Obsidian Anvil', '', '', '', 1.20000004768371582, 1, 10, 0, 0, 0, 0, 0, 0, 103828, 0, 30091, 0, 0, 0, 1, 1, 1, 0, 0, 0, 0, 0, 0, 0, 0, 0, 0, 0, 0, 0, 0, 0, 0, 0, 0, 2424, 46879), -- Obsidian Anvil
(380878, 8, 76169, 'Forge', '', '', '', 1, 3, 10, 0, 0, 0, 0, 0, 0, 103829, 0, 30092, 0, 0, 0, 0, 0, 0, 0, 0, 0, 0, 0, 0, 0, 0, 0, 0, 0, 0, 0, 0, 0, 0, 0, 0, 0, 46879), -- Forge
(380875, 19, 74322, 'Mailbox', '', '', '', 1.090000033378601074, 0, 0, 0, 0, 0, 0, 0, 0, 0, 0, 0, 0, 0, 0, 0, 0, 0, 0, 0, 0, 0, 0, 0, 0, 0, 0, 0, 0, 0, 0, 0, 0, 0, 0, 0, 0, 46879), -- Mailbox
(377073, 5, 74944, 'Cookie', '', '', '', 1, 0, 0, 0, 0, 0, 0, 0, 0, 0, 0, 0, 0, 0, 0, 0, 0, 0, 0, 0, 0, 0, 0, 0, 0, 0, 0, 0, 0, 0, 0, 0, 0, 0, 0, 0, 0, 46879), -- Cookie
(364849, 5, 67992, 'Cookie', '', '', '', 1, 0, 0, 0, 0, 0, 0, 0, 0, 0, 0, 0, 0, 0, 0, 0, 0, 0, 0, 0, 0, 0, 0, 0, 0, 0, 0, 0, 0, 0, 0, 0, 0, 0, 0, 0, 0, 46879), -- Cookie
(379192, 8, 75513, 'Brazier', '', '', '', 1, 4, 10, 377066, 0, 0, 0, 0, 0, 0, 0, 0, 0, 0, 0, 0, 0, 0, 0, 0, 0, 0, 0, 0, 0, 0, 0, 0, 0, 0, 0, 0, 0, 0, 0, 0, 0, 46879), -- Brazier
(380850, 23, 46089, 'Meeting Stone', '', '', '', 1.020002961158752441, 110, 120, 14011, 0, 0, 0, 0, 0, 0, 0, 0, 0, 0, 0, 0, 0, 0, 0, 0, 0, 0, 0, 0, 0, 0, 0, 0, 0, 0, 0, 0, 0, 0, 0, 0, 2155, 46879), -- Meeting Stone
(377161, 10, 70377, 'Cindershard Coal', 'questinteract', 'Searching', '', 1, 43, 0, 0, 3000, 0, 1, 0, 0, 0, 0, 373619, 0, 0, 0, 19680, 0, 0, 0, 0, 0, 0, 0, 0, 1, 0, 0, 0, 0, 0, 0, 0, 0, 0, 0, 0, 2151, 46879), -- Cindershard Coal
(379199, 8, 75761, 'Brazier', '', '', '', 1, 4, 10, 377066, 0, 0, 0, 0, 0, 0, 0, 0, 0, 0, 0, 0, 0, 0, 0, 0, 0, 0, 0, 0, 0, 0, 0, 0, 0, 0, 0, 0, 0, 0, 0, 0, 0, 46879), -- Brazier
(380876, 8, 76168, 'Blacksmith\'s Table', '', '', '', 1, 1, 10, 0, 0, 0, 0, 0, 0, 404, 0, 30078, 3, 0, 0, 1, 0, 0, 0, 0, 0, 0, 0, 0, 0, 0, 0, 0, 0, 0, 0, 0, 0, 0, 0, 0, 0, 46879), -- Blacksmith's Table
(377074, 5, 74945, 'Cookie', '', '', '', 1, 0, 0, 0, 0, 0, 0, 0, 0, 0, 0, 0, 0, 0, 0, 0, 0, 0, 0, 0, 0, 0, 0, 0, 0, 0, 0, 0, 0, 0, 0, 0, 0, 0, 0, 0, 0, 46879), -- Cookie
(379193, 8, 75513, 'Brazier', '', '', '', 1, 4, 10, 377066, 0, 0, 0, 0, 0, 0, 0, 0, 0, 0, 0, 0, 0, 0, 0, 0, 0, 0, 0, 0, 0, 0, 0, 0, 0, 0, 0, 0, 0, 0, 0, 0, 0, 46879), -- Brazier
(381336, 10, 77039, 'Ancient Stone', 'inspect', '', '', 0.5, 0, 0, 0, 0, 0, 0, 0, 8575, 0, 2, 0, 0, 0, 0, 0, 0, 0, 0, 0, 0, 1, 0, 0, 1, 0, 0, 0, 0, 0, 0, 0, 0, 1, 0, 0, 0, 46879), -- Ancient Stone
(379190, 8, 75513, 'Brazier', '', '', '', 0.870000004768371582, 4, 10, 377066, 0, 0, 0, 0, 0, 0, 0, 0, 0, 0, 0, 0, 0, 0, 0, 0, 0, 0, 0, 0, 0, 0, 0, 0, 0, 0, 0, 0, 0, 0, 0, 0, 0, 46879), -- Brazier
(379158, 8, 74781, 'Earth-Warder\'s Forge', '', '', '', 1, 2177, 15, 0, 0, 0, 1, 0, 0, 0, 1500, 30078, 1, 3, 0, 1, 0, 0, 0, 0, 0, 0, 0, 0, 0, 0, 0, 0, 0, 0, 0, 0, 0, 0, 0, 0, 0, 46879), -- Earth-Warder's Forge
(379200, 8, 75761, 'Brazier', '', '', '', 1, 4, 10, 377066, 0, 0, 0, 0, 0, 0, 0, 0, 0, 0, 0, 0, 0, 0, 0, 0, 0, 0, 0, 0, 0, 0, 0, 0, 0, 0, 0, 0, 0, 0, 0, 0, 0, 46879), -- Brazier
(380874, 8, 76645, 'Anvil', '', '', '', 1, 1, 10, 0, 0, 0, 0, 0, 0, 103828, 0, 30091, 0, 0, 0, 0, 0, 0, 0, 0, 0, 0, 0, 0, 0, 0, 0, 0, 0, 0, 0, 0, 0, 0, 0, 0, 0, 46879), -- Anvil
(379197, 8, 75761, 'Brazier', '', '', '', 1, 4, 10, 377066, 0, 0, 0, 0, 0, 0, 0, 0, 0, 0, 0, 0, 0, 0, 0, 0, 0, 0, 0, 0, 0, 0, 0, 0, 0, 0, 0, 0, 0, 0, 0, 0, 0, 46879), -- Brazier
(380877, 8, 76170, 'Jeweler\'s Bench', '', '', '', 1, 2168, 10, 0, 0, 0, 0, 0, 0, 5922, 0, 30083, 0, 0, 0, 12, 0, 0, 0, 0, 0, 0, 0, 0, 0, 0, 0, 0, 0, 0, 0, 0, 0, 0, 0, 0, 0, 46879), -- Jeweler's Bench
(381340, 10, 74667, 'Ancient Stone', 'inspect', '', '', 0.5, 0, 0, 0, 0, 0, 0, 0, 8575, 0, 2, 0, 0, 0, 0, 0, 0, 0, 0, 0, 0, 1, 0, 0, 1, 0, 0, 0, 0, 0, 0, 0, 0, 1, 0, 0, 0, 46879), -- Ancient Stone
(379188, 8, 75513, 'Brazier', '', '', '', 1, 4, 10, 377066, 0, 0, 0, 0, 0, 0, 0, 0, 0, 0, 0, 0, 0, 0, 0, 0, 0, 0, 0, 0, 0, 0, 0, 0, 0, 0, 0, 0, 0, 0, 0, 0, 0, 46879), -- Brazier
(379041, 5, 74017, 'Oathstone', '', '', '', 1.059999942779541015, 0, 0, 0, 1, 0, 0, 0, 0, 0, 0, 0, 0, 0, 0, 0, 0, 0, 0, 0, 0, 0, 0, 0, 0, 0, 0, 0, 0, 0, 0, 0, 0, 0, 0, 0, 0, 46879), -- Oathstone
(379201, 8, 75761, 'Brazier', '', '', '', 1, 4, 10, 377066, 0, 0, 0, 0, 0, 0, 0, 0, 0, 0, 0, 0, 0, 0, 0, 0, 0, 0, 0, 0, 0, 0, 0, 0, 0, 0, 0, 0, 0, 0, 0, 0, 0, 46879), -- Brazier
(384384, 8, 75761, 'Brazier', '', '', '', 1, 4, 10, 377066, 0, 0, 0, 0, 0, 0, 0, 0, 0, 0, 0, 0, 0, 0, 0, 0, 0, 0, 0, 0, 0, 0, 0, 0, 0, 0, 0, 0, 0, 0, 0, 0, 0, 46879), -- Brazier
(384393, 8, 75761, 'Brazier', '', '', '', 1, 4, 10, 377066, 0, 0, 0, 0, 0, 0, 0, 0, 0, 0, 0, 0, 0, 0, 0, 0, 0, 0, 0, 0, 0, 0, 0, 0, 0, 0, 0, 0, 0, 0, 0, 0, 0, 46879), -- Brazier
(384382, 8, 75513, 'Brazier', '', '', '', 0.870000004768371582, 4, 10, 377066, 0, 0, 0, 0, 0, 0, 0, 0, 0, 0, 0, 0, 0, 0, 0, 0, 0, 0, 0, 0, 0, 0, 0, 0, 0, 0, 0, 0, 0, 0, 0, 0, 0, 46879), -- Brazier
(384376, 8, 76170, 'Jeweler\'s Bench', '', '', '', 1, 2168, 10, 0, 0, 0, 0, 0, 0, 5922, 0, 30083, 0, 0, 0, 12, 0, 0, 0, 0, 0, 0, 0, 0, 0, 0, 0, 0, 0, 0, 0, 0, 0, 0, 0, 0, 0, 46879), -- Jeweler's Bench
(384390, 8, 75761, 'Brazier', '', '', '', 1, 4, 10, 377066, 0, 0, 0, 0, 0, 0, 0, 0, 0, 0, 0, 0, 0, 0, 0, 0, 0, 0, 0, 0, 0, 0, 0, 0, 0, 0, 0, 0, 0, 0, 0, 0, 0, 46879), -- Brazier
(384385, 8, 76168, 'Blacksmith\'s Table', '', '', '', 1, 1, 10, 0, 0, 0, 0, 0, 0, 404, 0, 30078, 3, 0, 0, 1, 0, 0, 0, 0, 0, 0, 0, 0, 0, 0, 0, 0, 0, 0, 0, 0, 0, 0, 0, 0, 0, 46879), -- Blacksmith's Table
(384378, 8, 75761, 'Brazier', '', '', '', 1, 4, 10, 377066, 0, 0, 0, 0, 0, 0, 0, 0, 0, 0, 0, 0, 0, 0, 0, 0, 0, 0, 0, 0, 0, 0, 0, 0, 0, 0, 0, 0, 0, 0, 0, 0, 0, 46879), -- Brazier
(384392, 8, 76169, 'Forge', '', '', '', 1, 3, 10, 0, 0, 0, 0, 0, 0, 103829, 0, 30092, 0, 0, 0, 0, 0, 0, 0, 0, 0, 0, 0, 0, 0, 0, 0, 0, 0, 0, 0, 0, 0, 0, 0, 0, 0, 46879), -- Forge
(384386, 8, 76645, 'Anvil', '', '', '', 1, 1, 10, 0, 0, 0, 0, 0, 0, 103828, 0, 30091, 0, 0, 0, 0, 0, 0, 0, 0, 0, 0, 0, 0, 0, 0, 0, 0, 0, 0, 0, 0, 0, 0, 0, 0, 0, 46879), -- Anvil
(384391, 19, 74322, 'Mailbox', '', '', '', 1.090000033378601074, 0, 0, 0, 0, 0, 0, 0, 0, 0, 0, 0, 0, 0, 0, 0, 0, 0, 0, 0, 0, 0, 0, 0, 0, 0, 0, 0, 0, 0, 0, 0, 0, 0, 0, 0, 0, 46879), -- Mailbox
(376223, 5, 74017, 'Obsidian Oathstone', '', '', '', 1.059999942779541015, 0, 0, 0, 0, 0, 0, 0, 0, 0, 0, 0, 0, 0, 0, 0, 0, 0, 0, 0, 0, 0, 0, 0, 0, 0, 0, 0, 0, 0, 0, 0, 0, 0, 0, 0, 2151, 46879), -- Obsidian Oathstone
(378436, 5, 75292, 'Obsidian Oathstone', '', '', '', 1.059999942779541015, 0, 0, 0, 0, 0, 0, 0, 0, 0, 0, 0, 0, 0, 0, 0, 0, 0, 0, 0, 0, 0, 0, 0, 0, 0, 0, 0, 0, 0, 0, 0, 0, 0, 0, 0, 2151, 46879), -- Obsidian Oathstone
(377026, 10, 75307, 'Reformed Oathstone Fragments', 'questinteract', 'Placing', '', 0.699999988079071044, 93, 0, 0, 3000, 0, 0, 0, 0, 0, 0, 376309, 0, 0, 0, 134191, 0, 0, 0, 0, 0, 1, 0, 0, 1, 0, 0, 0, 0, 0, 0, 0, 0, 0, 0, 0, 2151, 46879), -- Reformed Oathstone Fragments
(378433, 10, 75151, 'Oathstone Fragments', 'questinteract', 'Placing', '', 0.699999988079071044, 93, 0, 0, 3000, 0, 0, 0, 0, 0, 0, 376307, 0, 0, 0, 134191, 0, 0, 0, 0, 0, 1, 0, 0, 1, 0, 0, 0, 0, 0, 0, 0, 0, 0, 0, 0, 2151, 46879), -- Oathstone Fragments
(377018, 10, 75150, 'Oathstone Fragments', 'questinteract', 'Placing', '', 0.5, 93, 0, 0, 3000, 0, 0, 0, 0, 0, 0, 376307, 0, 0, 0, 134191, 0, 0, 0, 0, 0, 1, 0, 0, 1, 0, 0, 0, 0, 0, 0, 0, 0, 0, 0, 0, 2151, 46879), -- Oathstone Fragments
(384387, 8, 75499, 'Anvil', '', '', '', 1, 1, 10, 0, 0, 0, 0, 0, 0, 103828, 0, 30091, 0, 0, 0, 0, 0, 0, 0, 0, 0, 0, 0, 0, 0, 0, 0, 0, 0, 0, 0, 0, 0, 0, 0, 0, 0, 46879), -- Anvil
(383636, 5, 9510, 'Earth-Warder\'s Forge', 'questinteract', '', '', 1, 0, 1, 0, 0, 0, 0, 0, 0, 0, 0, 0, 0, 0, 0, 0, 0, 0, 0, 0, 0, 0, 0, 0, 0, 0, 0, 0, 0, 0, 0, 0, 0, 0, 0, 0, 2151, 46879), -- Earth-Warder's Forge
(376920, 5, 52069, 'Vault Barrier', '', '', '', 0.60000002384185791, 0, 0, 0, 0, 0, 0, 0, 0, 0, 0, 0, 0, 0, 0, 0, 0, 0, 0, 0, 0, 0, 0, 0, 0, 0, 0, 0, 0, 0, 0, 0, 0, 0, 0, 0, 0, 46879), -- Vault Barrier
(377015, 10, 70377, 'Cindershard Coal', 'questinteract', 'Searching', '', 1, 43, 0, 0, 3000, 0, 1, 0, 0, 0, 0, 373619, 0, 0, 0, 19680, 0, 0, 0, 0, 0, 0, 0, 98512, 1, 0, 0, 0, 0, 0, 0, 0, 0, 0, 0, 0, 2151, 46879), -- Cindershard Coal
(376919, 3, 75151, 'Oathstone Fragment', 'questinteract', 'Collecting', '', 0.699999988079071044, 43, 0, 0, 0, 0, 0, 0, 0, 66055, 0, 0, 0, 0, 0, 19676, 0, 0, 0, 0, 0, 0, 0, 0, 0, 0, 0, 0, 0, 1, 0, 110888, 0, 0, 0, 0, 2151, 46879), -- Oathstone Fragment
(376220, 3, 75150, 'Oathstone Fragment', 'questinteract', 'Collecting', '', 0.699999988079071044, 43, 0, 3, 0, 0, 0, 0, 0, 66055, 0, 0, 0, 0, 0, 19676, 0, 0, 0, 0, 0, 0, 0, 0, 0, 0, 0, 0, 0, 0, 0, 110413, 0, 0, 0, 0, 2151, 46879), -- Oathstone Fragment
(384375, 8, 75513, 'Brazier', '', '', '', 1, 4, 10, 377066, 0, 0, 0, 0, 0, 0, 0, 0, 0, 0, 0, 0, 0, 0, 0, 0, 0, 0, 0, 0, 0, 0, 0, 0, 0, 0, 0, 0, 0, 0, 0, 0, 0, 46879), -- Brazier
(384380, 8, 75513, 'Brazier', '', '', '', 1, 4, 10, 377066, 0, 0, 0, 0, 0, 0, 0, 0, 0, 0, 0, 0, 0, 0, 0, 0, 0, 0, 0, 0, 0, 0, 0, 0, 0, 0, 0, 0, 0, 0, 0, 0, 0, 46879), -- Brazier
(376904, 5, 73815, 'Destroyed Arbalist', '', '', '', 1, 0, 1, 0, 0, 0, 0, 0, 0, 0, 0, 0, 0, 0, 0, 0, 0, 0, 0, 0, 0, 0, 0, 0, 0, 0, 0, 0, 0, 0, 0, 0, 0, 0, 0, 0, 2151, 46879), -- Destroyed Arbalist
(376905, 5, 73815, 'Destroyed Arbalast', '', '', '', 1, 0, 1, 0, 0, 0, 0, 0, 0, 0, 0, 0, 0, 0, 0, 0, 0, 0, 0, 0, 0, 0, 0, 0, 0, 0, 0, 0, 0, 0, 0, 0, 0, 0, 0, 0, 2151, 46879), -- Destroyed Arbalast
(376254, 5, 73815, 'Destroyed Arbalast', '', '', '', 1, 0, 1, 0, 0, 0, 0, 0, 0, 0, 0, 0, 0, 0, 0, 0, 0, 0, 0, 0, 0, 0, 0, 0, 0, 0, 0, 0, 0, 0, 0, 0, 0, 0, 0, 0, 2151, 46879), -- Destroyed Arbalast
(377012, 3, 70377, 'Cindershard Coal', 'questinteract', 'Searching', '', 1, 43, 0, 1, 0, 0, 0, 0, 0, 66056, 0, 0, 0, 0, 0, 19680, 0, 0, 98512, 0, 0, 0, 0, 0, 0, 0, 0, 0, 0, 0, 0, 110902, 0, 0, 0, 0, 2151, 46879), -- Cindershard Coal
(376685, 10, 73780, 'Seared Defenders Blade', '', 'Equipping...', '', 0.800000011920928955, 259, 0, 0, 3000, 0, 1, 0, 0, 0, 0, 371522, 0, 0, 0, 169571, 0, 0, 0, 0, 0, 1, 0, 0, 1, 0, 0, 0, 0, 0, 0, 0, 0, 0, 0, 0, 2151, 46879), -- Seared Defenders Blade
(384394, 8, 76171, 'Campfire', '', '', '', 1, 4, 10, 215916, 0, 0, 0, 0, 0, 0, 0, 0, 0, 0, 0, 0, 0, 0, 0, 0, 0, 0, 0, 0, 0, 0, 0, 0, 0, 0, 0, 0, 0, 0, 0, 0, 0, 46879), -- Campfire
(384388, 8, 76171, 'Campfire', '', '', '', 1, 4, 10, 215916, 0, 0, 0, 0, 0, 0, 0, 0, 0, 0, 0, 0, 0, 0, 0, 0, 0, 0, 0, 0, 0, 0, 0, 0, 0, 0, 0, 0, 0, 0, 0, 0, 0, 46879), -- Campfire
(377013, 22, 74781, 'Earth-Warder\'s Forge', 'questinteract', '', '', 1, 383893, -1, 0, 0, 1, 34450, 0, 0, 0, 0, 0, 0, 0, 0, 0, 0, 0, 0, 0, 0, 0, 0, 0, 0, 0, 0, 0, 0, 0, 0, 0, 0, 0, 0, 0, 2151, 46879), -- Earth-Warder's Forge
(376917, 22, 75292, 'Obsidian Oathstone', 'questinteract', '', '', 1.059999942779541015, 386796, -1, 0, 0, 1, 0, 1, 1, 0, 0, 0, 0, 0, 0, 0, 0, 0, 0, 0, 0, 0, 0, 0, 0, 0, 0, 0, 0, 0, 0, 0, 0, 0, 0, 0, 2151, 46879), -- Obsidian Oathstone
(376253, 10, 73815, 'Siege Arbalist', 'questinteract', 'Destroying', '', 1, 2741, 66044, 0, 3000, 0, 0, 0, 0, 0, 0, 372673, 0, 0, 0, 24585, 0, 0, 0, 0, 0, 1, 0, 0, 1, 0, 0, 0, 0, 0, 0, 0, 0, 1, 0, 0, 2151, 46879), -- Siege Arbalist
(376901, 10, 73815, 'Siege Arbalist', 'questinteract', 'Destroying', '', 1, 2741, 66044, 0, 3000, 0, 0, 0, 0, 0, 0, 372678, 0, 0, 0, 24585, 0, 0, 0, 0, 0, 1, 0, 0, 1, 0, 0, 0, 0, 0, 0, 0, 0, 1, 0, 0, 2151, 46879), -- Siege Arbalist
(376903, 10, 73815, 'Siege Arbalist', 'questinteract', 'Destroying', '', 1, 2741, 66044, 0, 3000, 0, 0, 0, 0, 0, 0, 369867, 0, 0, 0, 24585, 0, 0, 0, 0, 0, 1, 0, 0, 1, 0, 0, 0, 0, 0, 0, 0, 0, 1, 0, 0, 2151, 46879); -- Siege Arbalist

UPDATE `gameobject_template` SET `VerifiedBuild`=46879 WHERE `entry` IN (384836, 252247, 186722);

DELETE FROM `gameobject_questitem` WHERE (`Idx`=0 AND `GameObjectEntry` IN (376085,377120,377119,376083,377122,376919,376220,377012)) OR (`Idx`=1 AND `GameObjectEntry`=377012);
INSERT INTO `gameobject_questitem` (`GameObjectEntry`, `Idx`, `ItemId`, `VerifiedBuild`) VALUES
(376085, 0, 191054, 46879), -- Bundle of Pelts
(377120, 0, 192811, 46879), -- Weapon Rack
(377119, 0, 192810, 46879), -- Basket of Dried Fish
(376083, 0, 191048, 46879), -- Crate of Horseshoes
(377122, 0, 192812, 46879), -- Medicinal Feralbloom
(376919, 0, 191131, 46879), -- Oathstone Fragment
(376220, 0, 191131, 46879), -- Oathstone Fragment
(377012, 1, 191659, 46879), -- Cindershard Coal
(377012, 0, 192548, 46879); -- Cindershard Coal

DELETE FROM `npc_text` WHERE `ID` =194996;
REPLACE INTO `npc_text` (`ID`, `Probability0`, `Probability1`, `Probability2`, `Probability3`, `Probability4`, `Probability5`, `Probability6`, `Probability7`, `BroadcastTextId0`, `BroadcastTextId1`, `BroadcastTextId2`, `BroadcastTextId3`, `BroadcastTextId4`, `BroadcastTextId5`, `BroadcastTextId6`, `BroadcastTextId7`, `VerifiedBuild`) VALUES
(167032, 1, 0, 0, 0, 0, 0, 0, 0, 194996, 0, 0, 0, 0, 0, 0, 0, 45745); -- 167032 (Chromie)

DELETE FROM `gossip_menu` WHERE (`MenuID`=25426 AND `TextID`=@NPCTEXTID+0);
REPLACE INTO `gossip_menu` (`MenuID`, `TextID`, `VerifiedBuild`) VALUES
(25426, 167032, 45745); -- 167032 (Chromie)


REPLACE INTO `conversation_actors` (`ConversationId`, `ConversationActorId`, `Idx`, `CreatureId`, `CreatureDisplayInfoId`, `NoActorObject`, `ActivePlayerObject`, `VerifiedBuild`) VALUES
(17064, 81302, 1, 178333, 95632, 0, 0, 43345);


DELETE FROM `conversation_template` WHERE `Id` IN (14879, 14881, 14885, 17064, 16831, 17087, 17072, 16915, 16916, 16842, 16885, 16894, 16865, 16864);
INSERT INTO `conversation_template` (`Id`, `FirstLineID`, `TextureKitId`, `VerifiedBuild`) VALUES
(14879, 37312, 0, 43345),
(14881, 37314, 0, 43345),
(14885, 37318, 0, 43345),
(17064, 43265, 0, 43345),
(16831, 42598, 0, 43345),
(17087, 43339, 0, 43345),
(17072, 43293, 0, 43345),
(16915, 42772, 0, 43345),
(16916, 42773, 0, 43345),
(16842, 42610, 0, 43345),
(16885, 42701, 0, 43345),
(16894, 42725, 0, 43345),
(16865, 42674, 0, 43345),
(16864, 42672, 0, 43345);


REPLACE INTO `vehicle_template_accessory` (`entry`, `accessory_entry`, `seat_id`, `minion`, `description`, `summontype`, `summontimer`) VALUES
(178052, 178054, 0, 0, 'Stonehead - Mawsworn Crusher', 5, 0); -- Stonehead - Mawsworn Crusher

