UPDATE `smart_scripts` SET `event_type`='0' WHERE  `entryorguid`=951 AND `source_type`=0 AND `id`=0 AND `link`=0;
UPDATE `smart_scripts` SET `event_type`='0' WHERE  `entryorguid`=951 AND `source_type`=0 AND `id`=1 AND `link`=0;
UPDATE `smart_scripts` SET `event_type`='0' WHERE  `entryorguid`=951 AND `source_type`=0 AND `id`=2 AND `link`=0;
UPDATE `smart_scripts` SET `event_type`='0' WHERE  `entryorguid`=951 AND `source_type`=0 AND `id`=3 AND `link`=0;
UPDATE `smart_scripts` SET `event_type`='0' WHERE  `entryorguid`=951 AND `source_type`=0 AND `id`=4 AND `link`=0;
UPDATE `smart_scripts` SET `event_type`='0' WHERE  `entryorguid`=951 AND `source_type`=0 AND `id`=5 AND `link`=0;
DELETE FROM `smart_scripts` WHERE  `entryorguid`=1540 AND `source_type`=0 AND `id`=1 AND `link`=0;
UPDATE `smart_scripts` SET `event_type`='0' WHERE  `entryorguid`=1563 AND `source_type`=0 AND `id`=1 AND `link`=0;
UPDATE `smart_scripts` SET `action_param1`='188443' WHERE  `entryorguid`=1717 AND `source_type`=0 AND `id`=1 AND `link`=0;
DELETE FROM `smart_scripts` WHERE  `entryorguid`=1854 AND `source_type`=0 AND `id`=1 AND `link`=0;
DELETE FROM `smart_scripts` WHERE  `entryorguid`=1854 AND `source_type`=0 AND `id`=4 AND `link`=0;
UPDATE `smart_scripts` SET `action_param1`='275490' WHERE  `entryorguid`=1911 AND `source_type`=0 AND `id`=1 AND `link`=0;
DELETE FROM `smart_scripts` WHERE  `entryorguid`=2021 AND `source_type`=0 AND `id`=2 AND `link`=0;
UPDATE `smart_scripts` SET `action_param1`='192106' WHERE  `entryorguid`=2030 AND `source_type`=0 AND `id`=0 AND `link`=0;
UPDATE `smart_scripts` SET `action_param1`='192106' WHERE  `entryorguid`=2030 AND `source_type`=0 AND `id`=1 AND `link`=0;
UPDATE `smart_scripts` SET `action_param1`='77472' WHERE  `entryorguid`=2030 AND `source_type`=0 AND `id`=2 AND `link`=0;
UPDATE `smart_scripts` SET `action_param1`='20664' WHERE  `entryorguid`=2170 AND `source_type`=0 AND `id`=0 AND `link`=0;
UPDATE `smart_scripts` SET `event_type`='0' WHERE  `entryorguid`=437 AND `source_type`=0 AND `id`=1 AND `link`=0;
DELETE FROM `smart_scripts` WHERE  `entryorguid`=503 AND `source_type`=0 AND `id`=1 AND `link`=0;
DELETE FROM `smart_scripts` WHERE  `entryorguid`=568 AND `source_type`=0 AND `id`=2 AND `link`=0;
UPDATE `smart_scripts` SET `action_param1`='16827' WHERE  `entryorguid`=683 AND `source_type`=0 AND `id`=0 AND `link`=0;
UPDATE `smart_scripts` SET `action_param1`='16827' WHERE  `entryorguid`=736 AND `source_type`=0 AND `id`=0 AND `link`=0;
UPDATE `smart_scripts` SET `action_param1`='355625' WHERE  `entryorguid`=787 AND `source_type`=0 AND `id`=1 AND `link`=0;
UPDATE `smart_scripts` SET `action_param1`='34931' WHERE  `entryorguid`=819 AND `source_type`=0 AND `id`=0 AND `link`=0;
UPDATE `smart_scripts` SET `action_param1`='79862' WHERE  `entryorguid`=909 AND `source_type`=0 AND `id`=2 AND `link`=0;
UPDATE `smart_scripts` SET `action_param1`='245689' WHERE  `entryorguid`=938 AND `source_type`=0 AND `id`=1 AND `link`=0;
UPDATE `smart_scripts` SET `action_param1`='332666' WHERE  `entryorguid`=940 AND `source_type`=0 AND `id`=0 AND `link`=0;
UPDATE `smart_scripts` SET `action_param1`='355625' WHERE  `entryorguid`=940 AND `source_type`=0 AND `id`=1 AND `link`=0;
UPDATE `smart_scripts` SET `action_param1`='48168' WHERE  `entryorguid`=940 AND `source_type`=0 AND `id`=2 AND `link`=0;
DELETE FROM `smart_scripts` WHERE  `entryorguid`=2171 AND `source_type`=0 AND `id`=2 AND `link`=0;
UPDATE `smart_scripts` SET `event_param1`='192106', `action_param1`='192106' WHERE  `entryorguid`=2203 AND `source_type`=0 AND `id`=0 AND `link`=0;
UPDATE `smart_scripts` SET `event_param1`='192106', `action_param1`='192106' WHERE  `entryorguid`=2203 AND `source_type`=0 AND `id`=1 AND `link`=0;
UPDATE `smart_scripts` SET `action_param1`='77472' WHERE  `entryorguid`=2203 AND `source_type`=0 AND `id`=2 AND `link`=0;
UPDATE `smart_scripts` SET `action_param1`='46763' WHERE  `entryorguid`=2205 AND `source_type`=0 AND `id`=0 AND `link`=0;
UPDATE `smart_scripts` SET `event_type`='0' WHERE  `entryorguid`=2254 AND `source_type`=0 AND `id`=2 AND `link`=0;
UPDATE `smart_scripts` SET `action_param1`='332666' WHERE  `entryorguid`=2338 AND `source_type`=0 AND `id`=1 AND `link`=0;
UPDATE `smart_scripts` SET `action_param1`='355625' WHERE  `entryorguid`=2338 AND `source_type`=0 AND `id`=2 AND `link`=0;
UPDATE `smart_scripts` SET `action_param1`='17232' WHERE  `entryorguid`=2344 AND `source_type`=0 AND `id`=0 AND `link`=0;
UPDATE `smart_scripts` SET `event_type`='0' WHERE  `entryorguid`=2422 AND `source_type`=0 AND `id`=1 AND `link`=0;
UPDATE `smart_scripts` SET `event_type`='0' WHERE  `entryorguid`=2476 AND `source_type`=0 AND `id`=2 AND `link`=0;
UPDATE `smart_scripts` SET `event_type`='0' WHERE  `entryorguid`=2581 AND `source_type`=0 AND `id`=0 AND `link`=0;
UPDATE `smart_scripts` SET `action_param1`='344714' WHERE  `entryorguid`=2583 AND `source_type`=0 AND `id`=0 AND `link`=0;
UPDATE `smart_scripts` SET `event_type`='0' WHERE  `entryorguid`=2584 AND `source_type`=0 AND `id`=1 AND `link`=0;
UPDATE `smart_scripts` SET `action_param1`='77472' WHERE  `entryorguid`=2640 AND `source_type`=0 AND `id`=1 AND `link`=0;
UPDATE `smart_scripts` SET `action_param1`='79862' WHERE  `entryorguid`=2651 AND `source_type`=0 AND `id`=0 AND `link`=0;
UPDATE `smart_scripts` SET `action_param1`='20664' WHERE  `entryorguid`=2713 AND `source_type`=0 AND `id`=1 AND `link`=0;
UPDATE `smart_scripts` SET `action_param1`='77472' WHERE  `entryorguid`=2718 AND `source_type`=0 AND `id`=2 AND `link`=0;
UPDATE `smart_scripts` SET `action_param1`='41373' WHERE  `entryorguid`=2742 AND `source_type`=0 AND `id`=0 AND `link`=0;
UPDATE `smart_scripts` SET `action_param1`='332666' WHERE  `entryorguid`=2742 AND `source_type`=0 AND `id`=1 AND `link`=0;
UPDATE `smart_scripts` SET `action_param1`='41452' WHERE  `entryorguid`=2744 AND `source_type`=0 AND `id`=0 AND `link`=0;
UPDATE `smart_scripts` SET `action_param1`='62597' WHERE  `entryorguid`=2761 AND `source_type`=0 AND `id`=1 AND `link`=0;
UPDATE `smart_scripts` SET `action_param1`='192106' WHERE  `entryorguid`=3271 AND `source_type`=0 AND `id`=2 AND `link`=0;
UPDATE `smart_scripts` SET `action_param1`='192106' WHERE  `entryorguid`=3271 AND `source_type`=0 AND `id`=3 AND `link`=0;
UPDATE `smart_scripts` SET `action_param1`='234153' WHERE  `entryorguid`=3380 AND `source_type`=0 AND `id`=0 AND `link`=0;
UPDATE `smart_scripts` SET `event_type`='0' WHERE  `entryorguid`=3385 AND `source_type`=0 AND `id`=2 AND `link`=0;
UPDATE `smart_scripts` SET `action_param1`='65997' WHERE  `entryorguid`=3458 AND `source_type`=0 AND `id`=1 AND `link`=0;

REPLACE INTO `creature_text` (`CreatureID`, `GroupID`, `Text`, `Type`, `Probability`, `BroadcastTextId`) VALUES ('6212', '1', 'Never cross a Dark Iron, $C.', '12', '100', '1934');
REPLACE INTO `creature_text` (`CreatureID`, `Text`, `Type`, `Language`, `Probability`, `BroadcastTextId`) VALUES ('6221', 'No gnome will be left behind.', '12', '7', '100', '2422');
REPLACE INTO `creature_text` (`CreatureID`, `GroupID`, `Text`, `Type`, `Language`, `Probability`, `BroadcastTextId`) VALUES ('6222', '1', 'No gnome will be left behind.', '12', '7', '100', '2422');
REPLACE INTO `creature_text` (`CreatureID`, `GroupID`, `Text`, `Type`, `Language`, `Probability`, `BroadcastTextId`) VALUES ('6223', '1', 'No gnome will be left behind.', '12', '7', '100', '2422');
REPLACE INTO `creature_text` (`CreatureID`, `GroupID`, `Text`, `Type`, `Language`, `Probability`, `BroadcastTextId`) VALUES ('6224', '1', 'No gnome will be left behind.', '12', '7', '100', '2422');

UPDATE `smart_scripts` SET `action_param1`='333974' WHERE  `entryorguid`=6226 AND `source_type`=0 AND `id`=0 AND `link`=0;
UPDATE `smart_scripts` SET `action_param1`='79862' WHERE  `entryorguid`=7175 AND `source_type`=0 AND `id`=0 AND `link`=0;
UPDATE `smart_scripts` SET `action_param1`='188389' WHERE  `entryorguid`=7291 AND `source_type`=0 AND `id`=1 AND `link`=0;
UPDATE `smart_scripts` SET `action_param1`='189473' WHERE  `entryorguid`=7321 AND `source_type`=0 AND `id`=0 AND `link`=0;
UPDATE `smart_scripts` SET `action_param1`='188443' WHERE  `entryorguid`=7727 AND `source_type`=0 AND `id`=0 AND `link`=0;
UPDATE `smart_scripts` SET `action_param1`='32062' WHERE  `entryorguid`=7727 AND `source_type`=0 AND `id`=1 AND `link`=0;
UPDATE `smart_scripts` SET `action_param1`='77472' WHERE  `entryorguid`=7727 AND `source_type`=0 AND `id`=2 AND `link`=0;
UPDATE `smart_scripts` SET `action_param1`='143301' WHERE  `entryorguid`=6210 AND `source_type`=0 AND `id`=1 AND `link`=0;
UPDATE `smart_scripts` SET `action_param1`='79862' WHERE  `entryorguid`=6207 AND `source_type`=0 AND `id`=0 AND `link`=0;
UPDATE `smart_scripts` SET `event_type`='0' WHERE  `entryorguid`=6194 AND `source_type`=0 AND `id`=1 AND `link`=0;

REPLACE INTO `creature_text` (`CreatureID`, `Text`, `Type`, `Probability`, `Emote`, `BroadcastTextId`) VALUES ('6114', 'Farewell, $n.  And remember, a warrior never shows his back to his foe!', '12', '100', '66', '2302');
REPLACE INTO `creature_text` (`CreatureID`, `Text`, `Type`, `Probability`, `BroadcastTextId`) VALUES ('5353', 'I have given you an oathstone of Ysera\\\'s Dragonflight, $n.  When you are ready and able to aid us, use it, and then we may begin.', '12', '100', '4481');
REPLACE INTO `creature_text` (`CreatureID`, `Text`, `Type`, `Probability`, `BroadcastTextId`) VALUES ('4781', '%s nervously crawls from the crate.', '16', '100', '1638');
REPLACE INTO `creature_text` (`CreatureID`, `GroupID`, `Text`, `Type`, `Probability`, `BroadcastTextId`) VALUES ('4781', '1', '%s wiggles his whiskers at $n.', '16', '100', '1591');
REPLACE INTO `creature_text` (`CreatureID`, `GroupID`, `Text`, `Type`, `Probability`, `BroadcastTextId`) VALUES ('4781', '2', '%s sniffs at the ground...', '16', '100', '1592');
REPLACE INTO `creature_text` (`CreatureID`, `Text`, `Type`, `Language`, `Probability`, `BroadcastTextId`) VALUES ('2984', 'I\\\'ve been expecting you, $n.', '12', '3', '100', '947');
REPLACE INTO `creature_text` (`CreatureID`, `Text`, `Type`, `Probability`, `BroadcastTextId`) VALUES ('2934', '%s accepts the relics from $n.', '16', '100', '921');
REPLACE INTO `creature_text` (`CreatureID`, `GroupID`, `Text`, `Type`, `Probability`, `Emote`, `BroadcastTextId`) VALUES ('2934', '1', 'Accept my thanks, $n.  Yagyin\\\'s journal shall be yours.', '12', '100', '2', '922');
REPLACE INTO `creature_text` (`CreatureID`, `Text`, `Type`, `Probability`, `BroadcastTextId`) VALUES ('2786', '%s stows the items $n gave him.', '16', '100', '919');
REPLACE INTO `creature_text` (`CreatureID`, `GroupID`, `Text`, `Type`, `Probability`, `Emote`, `BroadcastTextId`) VALUES ('2786', '1', 'I thank you, $n.  My associates who will do great things with these...', '12', '100', '2', '920');

UPDATE `smart_scripts` SET `action_param1`='213410' WHERE  `entryorguid`=14832 AND `source_type`=0 AND `id`=0 AND `link`=0;
UPDATE `smart_scripts` SET `action_param1`='65936' WHERE  `entryorguid`=6113 AND `source_type`=0 AND `id`=1 AND `link`=0;
UPDATE `smart_scripts` SET `action_param1`='62597' WHERE  `entryorguid`=6047 AND `source_type`=0 AND `id`=0 AND `link`=0;
UPDATE `smart_scripts` SET `event_type`='0' WHERE  `entryorguid`=6035 AND `source_type`=0 AND `id`=1 AND `link`=0;
DELETE FROM `smart_scripts` WHERE  `entryorguid`=5915 AND `source_type`=0 AND `id`=4 AND `link`=0;
UPDATE `smart_scripts` SET `event_type`='0' WHERE  `entryorguid`=5808 AND `source_type`=0 AND `id`=0 AND `link`=0;
DELETE FROM `smart_scripts` WHERE  `entryorguid`=5682 AND `source_type`=0 AND `id`=1 AND `link`=0;
UPDATE `smart_scripts` SET `action_param1`='62441' WHERE  `entryorguid`=5682 AND `source_type`=0 AND `id`=0 AND `link`=0;
UPDATE `smart_scripts` SET `action_param1`='58461' WHERE  `entryorguid`=5601 AND `source_type`=0 AND `id`=2 AND `link`=0;
UPDATE `smart_scripts` SET `action_param1`='62441' WHERE  `entryorguid`=5335 AND `source_type`=0 AND `id`=0 AND `link`=0;
UPDATE `smart_scripts` SET `action_param1`='196840' WHERE  `entryorguid`=5333 AND `source_type`=0 AND `id`=0 AND `link`=0;
UPDATE `smart_scripts` SET `action_param1`='77472' WHERE  `entryorguid`=5236 AND `source_type`=0 AND `id`=4 AND `link`=0;
UPDATE `smart_scripts` SET `action_param1`='192106' WHERE  `entryorguid`=5236 AND `source_type`=0 AND `id`=3 AND `link`=0;
UPDATE `smart_scripts` SET `action_param1`='192106' WHERE  `entryorguid`=5236 AND `source_type`=0 AND `id`=2 AND `link`=0;
UPDATE `smart_scripts` SET `action_param1`='192106' WHERE  `entryorguid`=5236 AND `source_type`=0 AND `id`=1 AND `link`=0;
UPDATE `smart_scripts` SET `action_param1`='79862' WHERE  `entryorguid`=4971 AND `source_type`=0 AND `id`=2 AND `link`=0;
UPDATE `smart_scripts` SET `action_param1`='158185' WHERE  `entryorguid`=4962 AND `source_type`=0 AND `id`=3 AND `link`=0;
UPDATE `smart_scripts` SET `action_param1`='158185' WHERE  `entryorguid`=4962 AND `source_type`=0 AND `id`=0 AND `link`=0;
UPDATE `smart_scripts` SET `action_param1`='192106' WHERE  `entryorguid`=4852 AND `source_type`=0 AND `id`=1 AND `link`=0;
UPDATE `smart_scripts` SET `action_param1`='77472' WHERE  `entryorguid`=4852 AND `source_type`=0 AND `id`=0 AND `link`=0;
UPDATE `smart_scripts` SET `action_param1`='245689' WHERE  `entryorguid`=4850 AND `source_type`=0 AND `id`=1 AND `link`=0;
UPDATE `smart_scripts` SET `action_param1`='355625' WHERE  `entryorguid`=4847 AND `source_type`=0 AND `id`=2 AND `link`=0;
UPDATE `smart_scripts` SET `action_param1`='344714' WHERE  `entryorguid`=4847 AND `source_type`=0 AND `id`=0 AND `link`=0;
UPDATE `smart_scripts` SET `event_type`='0' WHERE  `entryorguid`=4845 AND `source_type`=0 AND `id`=0 AND `link`=0;
UPDATE `smart_scripts` SET `action_param1`='62597' WHERE  `entryorguid`=4831 AND `source_type`=0 AND `id`=3 AND `link`=0;
UPDATE `smart_scripts` SET `action_param1`='355625' WHERE  `entryorguid`=4820 AND `source_type`=0 AND `id`=1 AND `link`=0;
UPDATE `smart_scripts` SET `action_param1`='65936' WHERE  `entryorguid`=4818 AND `source_type`=0 AND `id`=1 AND `link`=0;
UPDATE `smart_scripts` SET `action_param1`='355625' WHERE  `entryorguid`=4809 AND `source_type`=0 AND `id`=0 AND `link`=0;
UPDATE `smart_scripts` SET `action_param1`='320802' WHERE  `entryorguid`=4805 AND `source_type`=0 AND `id`=2 AND `link`=0;
UPDATE `smart_scripts` SET `action_param1`='34931' WHERE  `entryorguid`=4799 AND `source_type`=0 AND `id`=1 AND `link`=0;
UPDATE `smart_scripts` SET `action_param1`='315079' WHERE  `entryorguid`=4798 AND `source_type`=0 AND `id`=0 AND `link`=0;
UPDATE `smart_scripts` SET `action_param1`='262656' WHERE  `entryorguid`=4684 AND `source_type`=0 AND `id`=2 AND `link`=0;
UPDATE `smart_scripts` SET `action_param1`='262656' WHERE  `entryorguid`=4682 AND `source_type`=0 AND `id`=0 AND `link`=0;
UPDATE `smart_scripts` SET `action_param1`='299745' WHERE  `entryorguid`=4680 AND `source_type`=0 AND `id`=0 AND `link`=0;
UPDATE `smart_scripts` SET `action_param1`='77472' WHERE  `entryorguid`=4649 AND `source_type`=0 AND `id`=1 AND `link`=0;


DELETE FROM `creature_equip_template` WHERE (`ID`=1 AND `CreatureID` IN (190171,187406,190151,190093,190771,186697,190563,192341,186727,191899,191898,190564,186777,188299,194804,191611,197260,195678,195672,186792,191446,190766,190767,195853,188296,191833,194129,195032,186593,186584,191721,186582,191807,194127,193365,193363,190577,190571,193838,185773,184449,185774,192549,187251,184452,187135,193362,187125,187123,187061,195884,187062,189609,194582,194581,194050,194563,194561,198750,184286)) OR (`ID`=2 AND `CreatureID`=186792) OR (`ID`=3 AND `CreatureID`=27893);
INSERT INTO `creature_equip_template` (`CreatureID`, `ID`, `ItemID1`, `AppearanceModID1`, `ItemVisual1`, `ItemID2`, `AppearanceModID2`, `ItemVisual2`, `ItemID3`, `AppearanceModID3`, `ItemVisual3`, `VerifiedBuild`) VALUES
(190171, 1, 191706, 0, 0, 193841, 0, 0, 0, 0, 0, 46801), -- Ruby Egg Guardian
(187406, 1, 191706, 0, 0, 193841, 0, 0, 0, 0, 0, 46801), -- Sendrax
(190151, 1, 113440, 0, 0, 0, 0, 0, 0, 0, 0, 46801), -- Ruby Culler
(190093, 1, 113440, 0, 0, 0, 0, 0, 0, 0, 0, 46801), -- Ruby Culler
(190771, 1, 191415, 0, 0, 0, 0, 0, 0, 0, 0, 46801), -- Injured Ruby Culler
(186697, 1, 191415, 0, 0, 0, 0, 0, 0, 0, 0, 46801), -- Ruby Culler
(190563, 1, 1493, 0, 0, 0, 0, 0, 76351, 0, 0, 46801), -- Left
(192341, 1, 192105, 0, 0, 0, 0, 0, 0, 0, 0, 46801), -- Qalashi Drakeflayer
(186727, 1, 192118, 0, 0, 0, 0, 0, 0, 0, 0, 46801), -- Qalashi Rampager
(191899, 1, 192109, 0, 0, 0, 0, 0, 0, 0, 0, 46801), -- Qalashi Marauder
(191898, 1, 192122, 0, 0, 0, 0, 0, 0, 0, 0, 46801), -- Qalashi Ragetamer
(190564, 1, 1493, 0, 0, 0, 0, 0, 76351, 0, 0, 46801), -- Right
(186777, 1, 192122, 0, 0, 0, 0, 0, 0, 0, 0, 46801), -- Meatgrinder Sotok
(188299, 1, 152426, 0, 0, 0, 0, 0, 0, 0, 0, 46801), -- Talonstalker Kavia
(194804, 1, 192118, 0, 0, 0, 0, 0, 0, 0, 0, 46801), -- Qalashi Rampager
(191611, 1, 107134, 0, 0, 0, 0, 0, 0, 0, 0, 46801), -- Dragonhunter Igordan
(197260, 1, 71360, 0, 0, 0, 0, 0, 0, 0, 0, 46801), -- Flameshaper Lorak
(195678, 1, 192109, 0, 0, 0, 0, 0, 0, 0, 0, 46801), -- Qalashi Marauder
(186792, 2, 192108, 0, 0, 0, 0, 0, 0, 0, 0, 46801), -- Qalashi Skirmisher
(195672, 1, 192120, 0, 0, 0, 0, 0, 0, 0, 0, 46801), -- Qalashi Scoundrel
(186792, 1, 192107, 0, 0, 0, 0, 0, 0, 0, 0, 46801), -- Qalashi Skirmisher
(191446, 1, 192120, 0, 0, 0, 0, 0, 0, 0, 0, 46801), -- Qalashi Scoundrel
(190766, 1, 192120, 0, 0, 0, 0, 0, 0, 0, 0, 46801), -- Qalashi Ragetamer
(190767, 1, 192120, 0, 0, 0, 0, 0, 0, 0, 0, 46801), -- Qalashi Metalshaper
(195853, 1, 192049, 0, 0, 0, 0, 0, 0, 0, 0, 46801), -- Qalashi Trainee
(188296, 1, 192120, 0, 0, 0, 0, 0, 0, 0, 0, 46801), -- Qalashi Djaradin
(191833, 1, 192049, 0, 0, 0, 0, 0, 0, 0, 0, 46801), -- Qalashi Scavenger
(194129, 1, 191706, 0, 0, 193841, 0, 0, 0, 0, 0, 46801), -- Sendrax
(195032, 1, 192120, 0, 0, 0, 0, 0, 0, 0, 0, 46801), -- Qalashi Djaradin
(186593, 1, 56912, 0, 0, 0, 0, 0, 0, 0, 0, 46801), -- Ruby Watcher
(186584, 1, 192151, 0, 0, 0, 0, 0, 0, 0, 0, 46801), -- Commander Lethanak
(191721, 1, 191415, 0, 0, 0, 0, 0, 0, 0, 0, 46801), -- Ruby Fallen
(186582, 1, 94830, 0, 0, 0, 0, 0, 0, 0, 0, 46801), -- Ruby Warden
(191807, 1, 191706, 0, 0, 193841, 0, 0, 0, 0, 0, 46801), -- Sendrax
(194127, 1, 194962, 0, 0, 0, 0, 0, 0, 0, 0, 46801), -- Toddy Whiskers
(193365, 1, 194962, 0, 0, 0, 0, 0, 0, 0, 0, 46801), -- Toddy Whiskers
(193363, 1, 191706, 0, 0, 193841, 0, 0, 0, 0, 0, 46801), -- Sendrax
(190577, 1, 9424, 0, 0, 9424, 0, 0, 0, 0, 0, 46801), -- Tellywin Sharpfizzle
(190571, 1, 128359, 0, 0, 128359, 0, 0, 0, 0, 0, 46801), -- Xelendus Felwatcher
(193838, 1, 2711, 0, 0, 2711, 0, 0, 0, 0, 0, 46801), -- Vish the Sneak
(185773, 1, 2632, 0, 0, 16890, 0, 0, 0, 0, 0, 46801), -- Elia Bladeleaf
(184449, 1, 163887, 0, 0, 163891, 0, 0, 0, 0, 0, 46801), -- Captain Garrick
(185774, 1, 18463, 0, 0, 33791, 0, 0, 0, 0, 0, 46801), -- Dallio Morelli
(192549, 1, 23415, 0, 0, 0, 0, 0, 0, 0, 0, 46801), -- Feilin Kuan
(187251, 1, 194962, 0, 0, 0, 0, 0, 0, 0, 0, 46801), -- Toddy Whiskers
(184452, 1, 165616, 0, 0, 0, 0, 0, 0, 0, 0, 46801), -- Warlord Breka Grimaxe
(187135, 1, 159661, 0, 0, 126143, 0, 0, 0, 0, 0, 46801), -- Expedition Guardian
(193362, 1, 191706, 0, 0, 193841, 0, 0, 0, 0, 0, 46801), -- Sendrax
(187125, 1, 0, 0, 0, 0, 0, 0, 140544, 0, 0, 46801), -- Expedition Guardian
(187123, 1, 141653, 0, 0, 0, 0, 0, 0, 0, 0, 46801), -- Expedition Guardian
(27893, 3, 199400, 0, 0, 0, 0, 0, 0, 0, 0, 46801), -- Rune Weapon
(187061, 1, 161293, 0, 0, 0, 0, 0, 0, 0, 0, 46801), -- Expedition Guarantor
(195884, 1, 161293, 0, 0, 0, 0, 0, 34268, 0, 0, 46801), -- Expedition Guarantor
(187062, 1, 187567, 0, 0, 187564, 0, 0, 0, 0, 0, 46801), -- Expedition Guarantor
(189609, 1, 132170, 0, 0, 0, 0, 0, 0, 0, 0, 46801), -- Quartermaster Furlein
(194582, 1, 112393, 0, 0, 0, 0, 0, 0, 0, 0, 46801), -- Mathog Hideflayer
(194581, 1, 94650, 0, 0, 0, 0, 0, 0, 0, 0, 46801), -- Trauga Bloodhelm
(194050, 1, 160029, 0, 0, 0, 0, 0, 0, 0, 0, 46801), -- Zalanti
(194563, 1, 29716, 0, 0, 0, 0, 0, 0, 0, 0, 46801), -- Arandil Featherdawn
(194561, 1, 0, 0, 0, 0, 0, 0, 27526, 0, 0, 46801), -- Talanath Goldcrest
(198750, 1, 158912, 0, 0, 0, 0, 0, 0, 0, 0, 46801), -- Expedition Escort
(184286, 1, 132170, 0, 0, 0, 0, 0, 0, 0, 0, 46801); -- Captain Caspartine

UPDATE `creature_equip_template` SET `VerifiedBuild`=46801 WHERE (`ID`=1 AND `CreatureID` IN (69791,3208,160528,160529,160526,41621,198412,193450,184671,184665,3198,3197,3204,4311,71100,3313,5817,3296,6929,6466,88702,88701,5610,5609,5606,88703,5614,5613,5611,44872,44871,74228,54473,198497,54472,68979,72559,57801,14375,3367,62194,3329,14498,49737,46708,3369,42506,3368,8659,3412,3413,3348,47663,11017,2857,51346,46741,52032,7010,46716,3189,3310,44158,44735,44726,44740,45230,44723,133271,9564,5816,114104,88706,88704,113395,46181,44743,46742,95057,141912,12136,11066,44725,44919,5875,3335,3330,88705,50488,3216,5639,174147,50323,95234,3345,50477,141920)) OR (`ID`=2 AND `CreatureID` IN (69792,46709,44158));

DELETE FROM `areatrigger_template` WHERE (`IsServerSide`=0 AND `Id` IN (29681,28857,30903,30143,28875,28936,31149,30892));
INSERT INTO `areatrigger_template` (`Id`, `IsServerSide`, `Type`, `Flags`, `Data0`, `Data1`, `Data2`, `Data3`, `Data4`, `Data5`, `Data6`, `Data7`, `VerifiedBuild`) VALUES
(29681, 0, 0, 4, 8, 8, 0, 0, 0, 0, 0, 0, 46801),
(28857, 0, 0, 2, 1, 1, 0, 0, 0, 0, 0, 0, 46801),
(30903, 0, 0, 4, 5, 5, 0, 0, 0, 0, 0, 0, 46801),
(30143, 0, 0, 0, 2, 2, 0, 0, 0, 0, 0, 0, 46801),
(28875, 0, 0, 0, 15, 15, 0, 0, 0, 0, 0, 0, 46801),
(28936, 0, 0, 4, 3, 3, 0, 0, 0, 0, 0, 0, 46801),
(31149, 0, 0, 0, 15, 15, 0, 0, 0, 0, 0, 0, 46801),
(30892, 0, 0, 1024, 1, 1, 0, 0, 0, 0, 0, 0, 46801);

UPDATE `areatrigger_template` SET `VerifiedBuild`=46801 WHERE (`IsServerSide`=0 AND `Id` IN (8352,12929,30886,9170,27633,3678,3319,27842,29625,9225,10727,5302,5300,10665,11266,9228,11203));
UPDATE `areatrigger_template` SET `Flags`=0, `VerifiedBuild`=46801 WHERE (`Id`=9228 AND `IsServerSide`=0);


DELETE FROM `conversation_line_template` WHERE `Id` IN (47329, 47328, 47327, 47326, 47325, 48291, 48290, 48289, 48288, 48294, 49105, 49104, 46502, 47069, 47236, 47237, 46343, 46344, 46865, 46864, 47900, 49058, 49057, 49056, 49055, 49054, 49053, 49052, 49051, 49050, 49049, 48823, 48712, 47731, 47730, 49256, 49255, 49257, 48807, 47752, 47751, 47750, 47749, 48805, 46853, 49011, 49010, 49009, 49008, 49007, 49006, 49106, 48019, 48018, 45497, 46599, 46598, 49140, 48809, 48808, 47371, 47370, 49189, 49188, 46737, 46736, 46735, 46734, 48896, 50019, 46742, 46741, 46740, 46739, 46738, 52538, 48198, 48197, 49005, 49004, 49012, 46731, 46730, 48868, 48867, 48866, 48918, 46520, 50591, 50590, 46589, 46588, 46587, 49195, 49194, 49193, 49192, 49191, 49190, 48893, 48894, 46577, 48806, 47373, 47372, 48984, 48983, 48982, 47377, 47376, 47375, 47693, 46647, 51726, 46733, 52209, 48022, 49503, 48811, 47366, 48211, 47719, 46290, 46289, 47647, 48895, 46885, 46884, 48810, 48293, 46850, 46849, 47369, 46340, 46337, 48043, 46505, 47309, 47308, 47307, 47306, 46629, 51512, 48020, 48021, 49981, 48956, 48955, 48851, 48850, 48849, 46496, 45496, 47287, 47286, 47285, 47284, 49166, 48711, 47734, 47733, 47732);
INSERT INTO `conversation_line_template` (`Id`, `UiCameraID`, `ActorIdx`, `Flags`, `VerifiedBuild`) VALUES
(47329, 0, 4, 0, 46801),
(47328, 0, 3, 0, 46801),
(47327, 0, 2, 0, 46801),
(47326, 0, 1, 0, 46801),
(47325, 0, 0, 0, 46801),
(48291, 0, 1, 0, 46801),
(48290, 0, 0, 0, 46801),
(48289, 0, 1, 0, 46801),
(48288, 0, 0, 0, 46801),
(48294, 0, 0, 0, 46801),
(49105, 0, 1, 1, 46801),
(49104, 0, 0, 1, 46801),
(46502, 0, 0, 0, 46801),
(47069, 0, 0, 0, 46801),
(47236, 0, 0, 0, 46801),
(47237, 0, 1, 0, 46801),
(46343, 0, 0, 0, 46801),
(46344, 0, 0, 0, 46801),
(46865, 0, 0, 0, 46801),
(46864, 0, 0, 0, 46801),
(47900, 0, 0, 0, 46801),
(49058, 0, 0, 1, 46801),
(49057, 0, 4, 0, 46801),
(49056, 0, 3, 1, 46801),
(49055, 0, 0, 1, 46801),
(49054, 0, 0, 0, 46801),
(49053, 0, 2, 1, 46801),
(49052, 0, 0, 0, 46801),
(49051, 0, 1, 0, 46801),
(49050, 0, 0, 0, 46801),
(49049, 0, 0, 0, 46801),
(48823, 0, 0, 1, 46801),
(48712, 0, 0, 0, 46801),
(47731, 0, 0, 0, 46801),
(47730, 0, 0, 0, 46801),
(49256, 0, 2, 0, 46801),
(49255, 0, 1, 0, 46801),
(49257, 0, 0, 0, 46801),
(48807, 93, 0, 0, 46801),
(47752, 0, 1, 0, 46801),
(47751, 0, 0, 0, 46801),
(47750, 0, 1, 0, 46801),
(47749, 0, 0, 0, 46801),
(48805, 120, 0, 0, 46801),
(46853, 0, 0, 0, 46801),
(49011, 0, 1, 1, 46801),
(49010, 0, 1, 1, 46801),
(49009, 0, 1, 0, 46801),
(49008, 0, 2, 1, 46801),
(49007, 0, 1, 1, 46801),
(49006, 0, 0, 0, 46801),
(49106, 0, 0, 0, 46801),
(48019, 0, 0, 0, 46801),
(48018, 0, 0, 0, 46801),
(45497, 0, 0, 0, 46801),
(46599, 0, 2, 0, 46801),
(46598, 0, 1, 0, 46801),
(49140, 0, 0, 0, 46801),
(48809, 0, 0, 0, 46801),
(48808, 0, 0, 0, 46801),
(47371, 0, 1, 0, 46801),
(47370, 0, 0, 0, 46801),
(49189, 0, 0, 0, 46801),
(49188, 0, 0, 0, 46801),
(46737, 0, 1, 0, 46801),
(46736, 0, 0, 0, 46801),
(46735, 0, 1, 0, 46801),
(46734, 0, 0, 0, 46801),
(48896, 0, 0, 0, 46801),
(50019, 0, 0, 0, 46801),
(46742, 0, 0, 0, 46801),
(46741, 0, 0, 0, 46801),
(46740, 0, 1, 0, 46801),
(46739, 0, 1, 0, 46801),
(46738, 0, 0, 0, 46801),
(52538, 0, 0, 0, 46801),
(48198, 0, 1, 0, 46801),
(48197, 0, 0, 0, 46801),
(49005, 0, 2, 0, 46801),
(49004, 0, 1, 0, 46801),
(49012, 0, 0, 0, 46801),
(46731, 0, 1, 0, 46801),
(46730, 0, 0, 0, 46801),
(48868, 0, 2, 0, 46801),
(48867, 0, 1, 0, 46801),
(48866, 0, 0, 0, 46801),
(48918, 0, 0, 0, 46801),
(46520, 0, 0, 0, 46801),
(50591, 0, 0, 0, 46801),
(50590, 0, 1, 0, 46801),
(46589, 0, 0, 0, 46801),
(46588, 0, 1, 0, 46801),
(46587, 0, 0, 0, 46801),
(49195, 0, 0, 0, 46801),
(49194, 0, 1, 0, 46801),
(49193, 0, 1, 0, 46801),
(49192, 0, 0, 0, 46801),
(49191, 0, 1, 0, 46801),
(49190, 0, 0, 0, 46801),
(48893, 0, 0, 0, 46801),
(48894, 0, 0, 0, 46801),
(46577, 0, 0, 0, 46801),
(48806, 93, 0, 0, 46801),
(47373, 0, 1, 0, 46801),
(47372, 0, 0, 0, 46801),
(48984, 0, 0, 0, 46801),
(48983, 0, 1, 0, 46801),
(48982, 0, 0, 0, 46801),
(47377, 0, 1, 0, 46801),
(47376, 0, 1, 0, 46801),
(47375, 0, 0, 0, 46801),
(47693, 0, 0, 0, 46801),
(46647, 0, 1, 0, 46801),
(51726, 0, 0, 0, 46801),
(46733, 0, 0, 0, 46801),
(52209, 0, 1, 0, 46801),
(48022, 0, 0, 0, 46801),
(49503, 120, 1, 0, 46801),
(48811, 0, 1, 0, 46801),
(47366, 0, 0, 0, 46801),
(48211, 0, 0, 0, 46801),
(47719, 0, 0, 0, 46801),
(46290, 0, 1, 0, 46801),
(46289, 0, 0, 0, 46801),
(47647, 0, 0, 0, 46801),
(48895, 0, 0, 0, 46801),
(46885, 0, 0, 0, 46801),
(46884, 0, 0, 0, 46801),
(48810, 0, 0, 0, 46801),
(48293, 0, 0, 0, 46801),
(46850, 0, 0, 0, 46801),
(46849, 0, 0, 0, 46801),
(47369, 0, 0, 0, 46801),
(46340, 0, 1, 0, 46801),
(46337, 0, 0, 0, 46801),
(48043, 0, 0, 0, 46801),
(46505, 0, 0, 0, 46801),
(47309, 0, 5, 0, 46801),
(47308, 0, 4, 0, 46801),
(47307, 0, 3, 0, 46801),
(47306, 0, 2, 0, 46801),
(46629, 0, 1, 0, 46801),
(51512, 0, 0, 0, 46801),
(48020, 0, 0, 0, 46801),
(48021, 0, 0, 0, 46801),
(49981, 0, 0, 0, 46801),
(48956, 0, 0, 1, 46801),
(48955, 0, 0, 0, 46801),
(48851, 0, 0, 1, 46801),
(48850, 0, 0, 0, 46801),
(48849, 0, 0, 0, 46801),
(46496, 0, 0, 0, 46801),
(45496, 0, 0, 0, 46801),
(47287, 0, 0, 0, 46801),
(47286, 0, 1, 0, 46801),
(47285, 0, 1, 0, 46801),
(47284, 0, 0, 0, 46801),
(49166, 0, 0, 0, 46801),
(48711, 0, 0, 0, 46801),
(47734, 0, 0, 0, 46801),
(47733, 0, 0, 0, 46801),
(47732, 0, 0, 0, 46801);



DELETE FROM `scene_template` WHERE `SceneId` IN (2920, 2999, 2901);
INSERT INTO `scene_template` (`SceneId`, `Flags`, `ScriptPackageID`, `Encrypted`) VALUES
(2920, 17, 3657, 0),
(2999, 17, 3620, 0),
(2901, 20, 3441, 0);

UPDATE `scene_template` SET `Flags`=17, `ScriptPackageID`=3621 WHERE `SceneId`=3000;
UPDATE `scene_template` SET `Flags`=17, `ScriptPackageID`=3609 WHERE `SceneId`=3001;

DELETE FROM `quest_offer_reward` WHERE `ID` IN (65997 /*-Unknown-*/, 65996 /*-Unknown-*/, 66998 /*-Unknown-*/, 65995 /*-Unknown-*/, 65993 /*-Unknown-*/, 65992 /*-Unknown-*/, 65991 /*-Unknown-*/, 66196 /*-Unknown-*/, 66106 /*-Unknown-*/, 66108 /*-Unknown-*/, 66104 /*-Unknown-*/, 66105 /*-Unknown-*/, 66107 /*-Unknown-*/, 72122 /*-Unknown-*/, 65990 /*-Unknown-*/, 65989 /*-Unknown-*/, 65760 /*-Unknown-*/, 69914 /*-Unknown-*/, 69912 /*-Unknown-*/, 69911 /*-Unknown-*/, 66111 /*-Unknown-*/, 66112 /*-Unknown-*/, 69965 /*-Unknown-*/, 70362 /*-Unknown-*/, 72250 /*-Unknown-*/, 66110 /*-Unknown-*/, 66101 /*-Unknown-*/, 65451 /*-Unknown-*/, 65453 /*-Unknown-*/, 69910 /*-Unknown-*/, 72709 /*-Unknown-*/, 72708 /*-Unknown-*/, 65452 /*-Unknown-*/, 72253 /*-Unknown-*/, 65444 /*-Unknown-*/, 70198 /*-Unknown-*/);
INSERT INTO `quest_offer_reward` (`ID`, `Emote1`, `Emote2`, `Emote3`, `Emote4`, `EmoteDelay1`, `EmoteDelay2`, `EmoteDelay3`, `EmoteDelay4`, `RewardText`, `VerifiedBuild`) VALUES
(65997, 1, 0, 0, 0, 0, 0, 0, 0, 'I haven\'t read anything in the archives about the Primalists stealing dragon eggs before.\n\nThis is bad. Very bad.', 46801), -- -Unknown-
(65996, 1, 0, 0, 0, 0, 0, 0, 0, 'Sendrax stopped by and rushed through. That one is a whirlwind.\n\nI like her.', 46801), -- -Unknown-
(66998, 1, 0, 0, 0, 0, 0, 0, 0, 'Thank you for a moment\'s respite. A caretaker\'s work is never done.', 46801), -- -Unknown-
(65995, 1, 0, 0, 0, 0, 0, 0, 0, 'A treat! I love seeing into the minds of my enemies. Helps me strike fast, strike true.\n\nLet\'s see...\n\nThe Obsidian Citadel?\n\nNo.\n\nNo!', 46801), -- -Unknown-
(65993, 1, 0, 0, 0, 0, 0, 0, 0, 'The djaradin seem to have no shortage of bodies to throw in our way... but perhaps this blow shall give them pause. Well done, friend.', 46801), -- -Unknown-
(65992, 1, 0, 0, 0, 0, 0, 0, 0, 'That is troubling, to say the least. Yet another reason to fight them.', 46801), -- -Unknown-
(65991, 1, 0, 0, 0, 0, 0, 0, 0, 'It does my heart well to hear such good news from Dragonheart Outpost during such a terrible time. The refugees will be safe at the Life Pools.\n\nEven the djaradin would not raise arms against the might of Queen Alexstrasza herself.', 46801), -- -Unknown-
(66196, 0, 0, 0, 0, 0, 0, 0, 0, 'We\'ll look after Waddles. Let us know if you find any other lost ducklings out there.', 46801), -- -Unknown-
(66106, 273, 0, 0, 0, 0, 0, 0, 0, 'Iskha and I will take these back to the life pools--somewhere where they can\'t cause any more trouble.\n\nYou\'ve done good work here today, $n.', 46801), -- -Unknown-
(66108, 0, 0, 0, 0, 0, 0, 0, 0, 'That ought to leave them scrambling--at least for a while.\n\nThank you for all your help, $n.', 46801), -- -Unknown-
(66104, 0, 0, 0, 0, 0, 0, 0, 0, 'It\'s the gorlocs fighting that\'s been harming the wetlands so?\n\n<Ecologist Iskha looks ashamed.>\n\nI think I understand now...', 46801), -- -Unknown-
(66105, 0, 0, 0, 0, 0, 0, 0, 0, 'Did that seem to affect anything? No?\n\n<Ecologist Iskha sighs.>\n\nWell, at least we\'re nearly finished with our research.', 46801), -- -Unknown-
(66107, 273, 274, 0, 0, 0, 2, 0, 0, 'There! The wetlands are fixed! Meanwhile, Iskha is still doing his taxidermy... I mean research!\n\nWait, what do you mean the elementals keep coming?', 46801), -- -Unknown-
(72122, 0, 0, 0, 0, 0, 0, 0, 0, 'An attack? On Dragonheart Outpost?\n\nWell, that does sound serious. But as you can see, we\'re dealing with our own crisis here.', 46801), -- -Unknown-
(65990, 1, 0, 0, 0, 0, 0, 0, 0, 'We cannot rest yet, but I breathe easier knowing we have rescued them. Thank you.', 46801), -- -Unknown-
(65989, 1, 0, 0, 0, 0, 0, 0, 0, 'Wonderful.', 46801), -- -Unknown-
(65760, 1, 0, 0, 0, 0, 0, 0, 0, 'I will take what reinforcements I can get.\n\nWe must act swiftly.', 46801), -- -Unknown-
(69914, 1, 0, 0, 0, 0, 0, 0, 0, 'The djaradin have awoken? This is not good, $p...', 46801), -- -Unknown-
(69912, 1, 0, 0, 0, 0, 0, 0, 0, 'Well then, $p. What do you say? Do you fancy a fight alongside your newfound dragon acquaintances?\n\nI assure you, there is no quicker way to earn their trust.', 46801), -- -Unknown-
(69911, 1, 0, 0, 0, 0, 0, 0, 0, 'The embassy is looking better already!\n\nIs every $pr as helpful as you are? I can\'t wait to meet more.', 46801), -- -Unknown-
(66111, 66, 0, 0, 0, 0, 0, 0, 0, 'For the Dragonscale Expedition!\n\n<Captain Garrick salutes you.>', 46801), -- -Unknown-
(66112, 1, 4, 0, 0, 0, 1000, 0, 0, '<Grun\'s eyes open wide as you hand him the primal cores.>\n\nIncredible! This is the best day of me life!', 46801), -- -Unknown-
(69965, 1, 1, 0, 0, 0, 0, 0, 0, 'Thank you for your help, $p.\n\nIf you ever need items crafted, the Artisan\'s Consortium is here to provide.', 46801), -- -Unknown-
(70362, 1, 0, 0, 0, 0, 0, 0, 0, 'There is more than one way to skin a beast, certainly.\n\nOf course you would know this, leatherworker. But do you know how to work with proto-drake leather?\n\nI can teach you new leatherworking techniques that should be useful on the Dragon Isles.', 46801), -- -Unknown-
(72250, 1, 0, 0, 0, 0, 0, 0, 0, '<Head Chef Stacks makes a series of cooking-related sounds and gestures. His whisks whirl! His burners bluster and spit! He bangs on his frying pan with the gravity of a great gong!\n\nThe entire inn applauds his wisdom.\n\nIn watching this elaborate pantomime, you find yourself miraculously better at cooking.>', 46801), -- -Unknown-
(66110, 66, 1, 0, 0, 0, 0, 0, 0, '<Captain Garrick salutes your approach.>\n\nWarlord Breka proves her honor once again by sending you to me.', 46801), -- -Unknown-
(66101, 1, 0, 0, 0, 0, 0, 0, 0, '<Aster breathes a sigh of relief.>\n\nI thought for certain you would plummet to your death from up there. Thanks again for taking the risk so that I was not required to.', 46801), -- -Unknown-
(65451, 1, 0, 0, 0, 0, 0, 0, 0, '<Boss Magor carefully studies the scales.>\n\nOur artisans will put these to good use. Thank you.', 46801), -- -Unknown-
(65453, 1, 0, 0, 0, 0, 0, 0, 0, 'That may dissuade them from attacking the expedition camps for a time.\n\nIt\'s eat or be eaten in the Dragon Isles, $p. You\'d do well to remember that.', 46801), -- -Unknown-
(69910, 1, 0, 0, 0, 0, 0, 0, 0, 'I do not know! As I said, this is my first assignment... Let me think on what to do.', 46801), -- -Unknown-
(72709, 1, 1, 0, 0, 0, 2000, 0, 0, 'Rae\'ana and I will be traveling with Toddy and Naleidea to our permanent basecamp, once they figure out where that\'s going to be.\n\nFind us there later to see our full catalog.', 46801), -- -Unknown-
(72708, 1, -1, 0, 0, 0, 0, 0, 0, 'We\'re always looking for more supplies, and I know just what we can do with these.', 46801), -- -Unknown-
(65452, 1, 0, 0, 0, 0, 0, 0, 0, 'The dragons are not here to meet us as Ebyssian said they would be...', 46801), -- -Unknown-
(72253, 1, 0, 0, 0, 0, 0, 0, 0, 'Fishing is all about feeling the water beneath you. Eventually the water becomes the sky, and the sky becomes the water, and you are floating amongst the clouds, like a kite! And your fishing rod is your kite string!\n\n...or perhaps that is the volcanic fumes. But either way, fishing is very relaxing. I would delight in sharing the art with you.', 46801), -- -Unknown-
(65444, 1, 0, 0, 0, 0, 0, 0, 0, 'Welcome to the Dragon Isles!', 46801), -- -Unknown-
(70198, 5, 0, 0, 0, 0, 0, 0, 0, 'I am so excited! Are you ready to begin our adventure together?', 46801); -- -Unknown-


DELETE FROM `quest_poi` WHERE (`QuestID`=66000 AND `BlobIndex`=0 AND `Idx1`=2) OR (`QuestID`=66000 AND `BlobIndex`=0 AND `Idx1`=1) OR (`QuestID`=66000 AND `BlobIndex`=0 AND `Idx1`=0) OR (`QuestID`=65999 AND `BlobIndex`=0 AND `Idx1`=2) OR (`QuestID`=65999 AND `BlobIndex`=0 AND `Idx1`=1) OR (`QuestID`=65999 AND `BlobIndex`=0 AND `Idx1`=0) OR (`QuestID`=65998 AND `BlobIndex`=0 AND `Idx1`=3) OR (`QuestID`=65998 AND `BlobIndex`=0 AND `Idx1`=2) OR (`QuestID`=65998 AND `BlobIndex`=0 AND `Idx1`=1) OR (`QuestID`=65998 AND `BlobIndex`=0 AND `Idx1`=0) OR (`QuestID`=65997 AND `BlobIndex`=1 AND `Idx1`=2) OR (`QuestID`=65997 AND `BlobIndex`=0 AND `Idx1`=1) OR (`QuestID`=65997 AND `BlobIndex`=0 AND `Idx1`=0) OR (`QuestID`=66998 AND `BlobIndex`=0 AND `Idx1`=2) OR (`QuestID`=66998 AND `BlobIndex`=0 AND `Idx1`=1) OR (`QuestID`=66998 AND `BlobIndex`=0 AND `Idx1`=0) OR (`QuestID`=65994 AND `BlobIndex`=0 AND `Idx1`=1) OR (`QuestID`=65994 AND `BlobIndex`=0 AND `Idx1`=0) OR (`QuestID`=65996 AND `BlobIndex`=0 AND `Idx1`=3) OR (`QuestID`=65996 AND `BlobIndex`=0 AND `Idx1`=2) OR (`QuestID`=65996 AND `BlobIndex`=0 AND `Idx1`=1) OR (`QuestID`=65996 AND `BlobIndex`=0 AND `Idx1`=0) OR (`QuestID`=66956 AND `BlobIndex`=0 AND `Idx1`=0) OR (`QuestID`=65995 AND `BlobIndex`=0 AND `Idx1`=1) OR (`QuestID`=65995 AND `BlobIndex`=0 AND `Idx1`=0) OR (`QuestID`=65993 AND `BlobIndex`=0 AND `Idx1`=2) OR (`QuestID`=65993 AND `BlobIndex`=0 AND `Idx1`=1) OR (`QuestID`=65993 AND `BlobIndex`=0 AND `Idx1`=0) OR (`QuestID`=65992 AND `BlobIndex`=0 AND `Idx1`=4) OR (`QuestID`=65992 AND `BlobIndex`=0 AND `Idx1`=3) OR (`QuestID`=65992 AND `BlobIndex`=0 AND `Idx1`=2) OR (`QuestID`=65992 AND `BlobIndex`=0 AND `Idx1`=1) OR (`QuestID`=65992 AND `BlobIndex`=0 AND `Idx1`=0) OR (`QuestID`=66196 AND `BlobIndex`=0 AND `Idx1`=2) OR (`QuestID`=66196 AND `BlobIndex`=0 AND `Idx1`=1) OR (`QuestID`=66196 AND `BlobIndex`=0 AND `Idx1`=0) OR (`QuestID`=66106 AND `BlobIndex`=0 AND `Idx1`=3) OR (`QuestID`=66106 AND `BlobIndex`=0 AND `Idx1`=2) OR (`QuestID`=66106 AND `BlobIndex`=0 AND `Idx1`=1) OR (`QuestID`=66106 AND `BlobIndex`=0 AND `Idx1`=0) OR (`QuestID`=66108 AND `BlobIndex`=0 AND `Idx1`=3) OR (`QuestID`=66108 AND `BlobIndex`=0 AND `Idx1`=2) OR (`QuestID`=66108 AND `BlobIndex`=0 AND `Idx1`=1) OR (`QuestID`=66108 AND `BlobIndex`=0 AND `Idx1`=0) OR (`QuestID`=66104 AND `BlobIndex`=0 AND `Idx1`=4) OR (`QuestID`=66104 AND `BlobIndex`=0 AND `Idx1`=3) OR (`QuestID`=66104 AND `BlobIndex`=0 AND `Idx1`=2) OR (`QuestID`=66104 AND `BlobIndex`=0 AND `Idx1`=1) OR (`QuestID`=66104 AND `BlobIndex`=0 AND `Idx1`=0) OR (`QuestID`=66107 AND `BlobIndex`=0 AND `Idx1`=2) OR (`QuestID`=66107 AND `BlobIndex`=0 AND `Idx1`=1) OR (`QuestID`=66107 AND `BlobIndex`=0 AND `Idx1`=0) OR (`QuestID`=66105 AND `BlobIndex`=0 AND `Idx1`=3) OR (`QuestID`=66105 AND `BlobIndex`=0 AND `Idx1`=2) OR (`QuestID`=66105 AND `BlobIndex`=0 AND `Idx1`=1) OR (`QuestID`=66105 AND `BlobIndex`=0 AND `Idx1`=0) OR (`QuestID`=72122 AND `BlobIndex`=0 AND `Idx1`=1) OR (`QuestID`=72122 AND `BlobIndex`=0 AND `Idx1`=0) OR (`QuestID`=65991 AND `BlobIndex`=0 AND `Idx1`=2) OR (`QuestID`=65991 AND `BlobIndex`=0 AND `Idx1`=1) OR (`QuestID`=65991 AND `BlobIndex`=0 AND `Idx1`=0) OR (`QuestID`=65990 AND `BlobIndex`=0 AND `Idx1`=2) OR (`QuestID`=65990 AND `BlobIndex`=0 AND `Idx1`=1) OR (`QuestID`=65990 AND `BlobIndex`=0 AND `Idx1`=0) OR (`QuestID`=65989 AND `BlobIndex`=0 AND `Idx1`=2) OR (`QuestID`=65989 AND `BlobIndex`=0 AND `Idx1`=1) OR (`QuestID`=65989 AND `BlobIndex`=0 AND `Idx1`=0) OR (`QuestID`=65760 AND `BlobIndex`=0 AND `Idx1`=3) OR (`QuestID`=65760 AND `BlobIndex`=0 AND `Idx1`=2) OR (`QuestID`=65760 AND `BlobIndex`=0 AND `Idx1`=1) OR (`QuestID`=65760 AND `BlobIndex`=0 AND `Idx1`=0) OR (`QuestID`=69914 AND `BlobIndex`=0 AND `Idx1`=2) OR (`QuestID`=69914 AND `BlobIndex`=0 AND `Idx1`=1) OR (`QuestID`=69914 AND `BlobIndex`=0 AND `Idx1`=0) OR (`QuestID`=69912 AND `BlobIndex`=0 AND `Idx1`=3) OR (`QuestID`=69912 AND `BlobIndex`=0 AND `Idx1`=2) OR (`QuestID`=69912 AND `BlobIndex`=0 AND `Idx1`=1) OR (`QuestID`=69912 AND `BlobIndex`=0 AND `Idx1`=0) OR (`QuestID`=66112 AND `BlobIndex`=0 AND `Idx1`=3) OR (`QuestID`=66112 AND `BlobIndex`=0 AND `Idx1`=2) OR (`QuestID`=66112 AND `BlobIndex`=0 AND `Idx1`=1) OR (`QuestID`=66112 AND `BlobIndex`=0 AND `Idx1`=0) OR (`QuestID`=69965 AND `BlobIndex`=0 AND `Idx1`=2) OR (`QuestID`=69965 AND `BlobIndex`=0 AND `Idx1`=1) OR (`QuestID`=69965 AND `BlobIndex`=0 AND `Idx1`=0) OR (`QuestID`=66111 AND `BlobIndex`=0 AND `Idx1`=2) OR (`QuestID`=66111 AND `BlobIndex`=0 AND `Idx1`=1) OR (`QuestID`=66111 AND `BlobIndex`=0 AND `Idx1`=0) OR (`QuestID`=66101 AND `BlobIndex`=0 AND `Idx1`=5) OR (`QuestID`=66101 AND `BlobIndex`=0 AND `Idx1`=4) OR (`QuestID`=66101 AND `BlobIndex`=0 AND `Idx1`=3) OR (`QuestID`=66101 AND `BlobIndex`=0 AND `Idx1`=2) OR (`QuestID`=66101 AND `BlobIndex`=0 AND `Idx1`=1) OR (`QuestID`=66101 AND `BlobIndex`=0 AND `Idx1`=0) OR (`QuestID`=66110 AND `BlobIndex`=0 AND `Idx1`=1) OR (`QuestID`=66110 AND `BlobIndex`=0 AND `Idx1`=0) OR (`QuestID`=69911 AND `BlobIndex`=0 AND `Idx1`=5) OR (`QuestID`=69911 AND `BlobIndex`=0 AND `Idx1`=4) OR (`QuestID`=69911 AND `BlobIndex`=0 AND `Idx1`=3) OR (`QuestID`=69911 AND `BlobIndex`=0 AND `Idx1`=2) OR (`QuestID`=69911 AND `BlobIndex`=0 AND `Idx1`=1) OR (`QuestID`=69911 AND `BlobIndex`=0 AND `Idx1`=0) OR (`QuestID`=72709 AND `BlobIndex`=0 AND `Idx1`=3) OR (`QuestID`=72709 AND `BlobIndex`=0 AND `Idx1`=2) OR (`QuestID`=72709 AND `BlobIndex`=0 AND `Idx1`=1) OR (`QuestID`=72709 AND `BlobIndex`=0 AND `Idx1`=0) OR (`QuestID`=69910 AND `BlobIndex`=0 AND `Idx1`=2) OR (`QuestID`=69910 AND `BlobIndex`=0 AND `Idx1`=1) OR (`QuestID`=69910 AND `BlobIndex`=0 AND `Idx1`=0) OR (`QuestID`=72708 AND `BlobIndex`=0 AND `Idx1`=1) OR (`QuestID`=72708 AND `BlobIndex`=0 AND `Idx1`=0) OR (`QuestID`=65451 AND `BlobIndex`=1 AND `Idx1`=4) OR (`QuestID`=65451 AND `BlobIndex`=0 AND `Idx1`=3) OR (`QuestID`=65451 AND `BlobIndex`=0 AND `Idx1`=2) OR (`QuestID`=65451 AND `BlobIndex`=0 AND `Idx1`=1) OR (`QuestID`=65451 AND `BlobIndex`=0 AND `Idx1`=0) OR (`QuestID`=65453 AND `BlobIndex`=1 AND `Idx1`=4) OR (`QuestID`=65453 AND `BlobIndex`=0 AND `Idx1`=3) OR (`QuestID`=65453 AND `BlobIndex`=0 AND `Idx1`=2) OR (`QuestID`=65453 AND `BlobIndex`=0 AND `Idx1`=1) OR (`QuestID`=65453 AND `BlobIndex`=0 AND `Idx1`=0) OR (`QuestID`=65452 AND `BlobIndex`=0 AND `Idx1`=5) OR (`QuestID`=65452 AND `BlobIndex`=0 AND `Idx1`=4) OR (`QuestID`=65452 AND `BlobIndex`=0 AND `Idx1`=3) OR (`QuestID`=65452 AND `BlobIndex`=0 AND `Idx1`=2) OR (`QuestID`=65452 AND `BlobIndex`=0 AND `Idx1`=1) OR (`QuestID`=65452 AND `BlobIndex`=0 AND `Idx1`=0) OR (`QuestID`=65444 AND `BlobIndex`=0 AND `Idx1`=3) OR (`QuestID`=65444 AND `BlobIndex`=0 AND `Idx1`=2) OR (`QuestID`=65444 AND `BlobIndex`=0 AND `Idx1`=1) OR (`QuestID`=65444 AND `BlobIndex`=0 AND `Idx1`=0) OR (`QuestID`=70198 AND `BlobIndex`=0 AND `Idx1`=0);
INSERT INTO `quest_poi` (`QuestID`, `BlobIndex`, `Idx1`, `ObjectiveIndex`, `QuestObjectiveID`, `QuestObjectID`, `MapID`, `UiMapID`, `Priority`, `Flags`, `WorldEffectID`, `PlayerConditionID`, `NavigationPlayerConditionID`, `SpawnTrackingID`, `AlwaysAllowMergingBlobs`, `VerifiedBuild`) VALUES
(66000, 0, 2, 32, 0, 0, 2444, 2022, 0, 0, 0, 0, 0, 2177503, 0, 46801), -- -Unknown-
(66000, 0, 1, 0, 427448, 189921, 2444, 2022, 0, 2, 0, 0, 0, 0, 0, 46801), -- -Unknown-
(66000, 0, 0, -1, 0, 0, 2444, 2022, 0, 0, 0, 0, 0, 2197022, 0, 46801), -- -Unknown-
(65999, 0, 2, 32, 0, 0, 2444, 2022, 0, 0, 0, 0, 0, 2197022, 0, 46801), -- -Unknown-
(65999, 0, 1, 0, 427462, 189975, 2444, 2022, 0, 0, 0, 0, 0, 0, 0, 46801), -- -Unknown-
(65999, 0, 0, -1, 0, 0, 2444, 2022, 0, 0, 0, 0, 0, 2197022, 0, 46801), -- -Unknown-
(65998, 0, 3, 32, 0, 0, 2444, 2022, 0, 0, 0, 0, 0, 2197022, 0, 46801), -- -Unknown-
(65998, 0, 2, 1, 427478, 186822, 2444, 2022, 0, 0, 0, 0, 0, 0, 0, 46801), -- -Unknown-
(65998, 0, 1, 0, 427477, 191884, 2444, 2022, 0, 0, 0, 0, 0, 2212989, 0, 46801), -- -Unknown-
(65998, 0, 0, -1, 0, 0, 2444, 2022, 0, 0, 0, 0, 0, 2197022, 0, 46801), -- -Unknown-
(65997, 1, 2, 32, 0, 0, 2444, 2022, 0, 2, 0, 0, 0, 2198270, 0, 46801), -- -Unknown-
(65997, 0, 1, 32, 0, 0, 2444, 2022, 0, 0, 0, 0, 0, 2198270, 0, 46801), -- -Unknown-
(65997, 0, 0, 0, 427534, 187406, 2444, 2022, 0, 0, 0, 0, 0, 2197022, 0, 46801), -- -Unknown-
(66998, 0, 2, 32, 0, 0, 2444, 2022, 0, 0, 0, 0, 0, 2188759, 0, 46801), -- -Unknown-
(66998, 0, 1, 1, 428766, 192032, 2444, 2022, 0, 2, 0, 0, 0, 0, 1, 46801), -- -Unknown-
(66998, 0, 0, -1, 0, 0, 2444, 2022, 0, 0, 0, 0, 0, 2188759, 0, 46801), -- -Unknown-
(65994, 0, 1, 32, 0, 0, 2444, 2022, 0, 2, 0, 0, 0, 0, 0, 46801), -- -Unknown-
(65994, 0, 0, 2, 427740, 191138, 2444, 2022, 0, 2, 0, 0, 0, 0, 1, 46801), -- -Unknown-
(65996, 0, 3, 32, 0, 0, 2444, 2022, 0, 0, 0, 0, 0, 2244942, 0, 46801), -- -Unknown-
(65996, 0, 2, 2, 429977, 190155, 2444, 2022, 0, 0, 0, 0, 0, 2198270, 0, 46801), -- -Unknown-
(65996, 0, 1, 0, 429945, 190771, 2444, 2022, 0, 0, 0, 0, 0, 0, 0, 46801), -- -Unknown-
(65996, 0, 0, -1, 0, 0, 2444, 2022, 0, 0, 0, 0, 0, 2198270, 0, 46801), -- -Unknown-
(66956, 0, 0, 0, 428593, 191611, 2444, 2022, 0, 0, 0, 0, 0, 2210860, 0, 46801), -- -Unknown-
(65995, 0, 1, 32, 0, 0, 2444, 2022, 0, 0, 0, 0, 0, 2239928, 0, 46801), -- -Unknown-
(65995, 0, 0, -1, 0, 0, 2444, 2022, 0, 0, 0, 0, 0, 2244941, 0, 46801), -- -Unknown-
(65993, 0, 2, 32, 0, 0, 2444, 2022, 0, 0, 0, 0, 0, 2176354, 0, 46801), -- -Unknown-
(65993, 0, 1, 0, 427831, 186777, 2444, 2022, 0, 0, 0, 0, 0, 2177189, 0, 46801), -- -Unknown-
(65993, 0, 0, -1, 0, 0, 2444, 2022, 0, 0, 0, 0, 0, 2244941, 0, 46801), -- -Unknown-
(65992, 0, 4, 32, 0, 0, 2444, 2022, 0, 0, 0, 0, 0, 2176354, 0, 46801), -- -Unknown-
(65992, 0, 3, 2, 427851, 190564, 2444, 2022, 0, 0, 0, 0, 0, 2176619, 0, 46801), -- -Unknown-
(65992, 0, 2, 1, 427850, 190563, 2444, 2022, 0, 0, 0, 0, 0, 2176618, 0, 46801), -- -Unknown-
(65992, 0, 1, 0, 427849, 188299, 2444, 2022, 0, 0, 0, 0, 0, 2188782, 0, 46801), -- -Unknown-
(65992, 0, 0, -1, 0, 0, 2444, 2022, 0, 0, 0, 0, 0, 2244941, 0, 46801), -- -Unknown-
(66196, 0, 2, 32, 0, 0, 2444, 2022, 0, 0, 0, 0, 0, 2181316, 0, 46801), -- -Unknown-
(66196, 0, 1, 0, 427924, 196173, 2444, 2022, 0, 2, 0, 0, 0, 2175358, 0, 46801), -- -Unknown-
(66196, 0, 0, -1, 0, 0, 2444, 2022, 0, 0, 0, 0, 0, 2175358, 0, 46801), -- -Unknown-
(66106, 0, 3, 32, 0, 0, 2444, 2022, 0, 0, 0, 0, 0, 2175358, 0, 46801), -- -Unknown-
(66106, 0, 2, 1, 424205, 191549, 2444, 2022, 0, 2, 0, 0, 0, 0, 0, 46801), -- -Unknown-
(66106, 0, 1, 0, 424204, 191546, 2444, 2022, 0, 2, 0, 0, 0, 0, 0, 46801), -- -Unknown-
(66106, 0, 0, -1, 0, 0, 2444, 2022, 0, 0, 0, 0, 0, 2175358, 0, 46801), -- -Unknown-
(66108, 0, 3, 32, 0, 0, 2444, 2022, 0, 0, 0, 0, 0, 2175359, 0, 46801), -- -Unknown-
(66108, 0, 2, 1, 427016, 188860, 2444, 2022, 0, 0, 0, 0, 0, 2181165, 0, 46801), -- -Unknown-
(66108, 0, 1, 0, 427015, 188859, 2444, 2022, 0, 0, 0, 0, 0, 2181166, 0, 46801), -- -Unknown-
(66108, 0, 0, -1, 0, 0, 2444, 2022, 0, 0, 0, 0, 0, 2175359, 0, 46801), -- -Unknown-
(66104, 0, 4, 32, 0, 0, 2444, 2022, 0, 2, 0, 0, 0, 2175358, 0, 46801), -- -Unknown-
(66104, 0, 3, 2, 424247, 376482, 2444, 2022, 0, 2, 0, 0, 0, 2185766, 0, 46801), -- -Unknown-
(66104, 0, 2, 1, 424229, 187883, 2444, 2022, 0, 2, 0, 0, 0, 2183709, 0, 46801), -- -Unknown-
(66104, 0, 1, 0, 424228, 187882, 2444, 2022, 0, 2, 0, 0, 0, 2183707, 0, 46801), -- -Unknown-
(66104, 0, 0, -1, 0, 0, 2444, 2022, 0, 2, 0, 0, 0, 2175359, 0, 46801), -- -Unknown-
(66107, 0, 2, 32, 0, 0, 2444, 2022, 0, 2, 0, 0, 0, 2175358, 0, 46801), -- -Unknown-
(66107, 0, 1, 0, 426919, 189993, 2444, 2022, 0, 2, 0, 0, 0, 0, 0, 46801), -- -Unknown-
(66107, 0, 0, -1, 0, 0, 2444, 2022, 0, 0, 0, 0, 0, 2175358, 0, 46801), -- -Unknown-
(66105, 0, 3, 32, 0, 0, 2444, 2022, 0, 0, 0, 0, 0, 2175359, 0, 46801), -- -Unknown-
(66105, 0, 2, 1, 427193, 187494, 2444, 2022, 0, 0, 0, 0, 0, 0, 0, 46801), -- -Unknown-
(66105, 0, 1, 0, 427192, 187493, 2444, 2022, 0, 0, 0, 0, 0, 0, 0, 46801), -- -Unknown-
(66105, 0, 0, -1, 0, 0, 2444, 2022, 0, 0, 0, 0, 0, 2175359, 0, 46801), -- -Unknown-
(72122, 0, 1, 32, 0, 0, 2444, 2022, 0, 0, 0, 0, 0, 2249162, 0, 46801), -- -Unknown-
(72122, 0, 0, -1, 0, 0, 2444, 2022, 0, 0, 0, 0, 0, 2175359, 0, 46801), -- -Unknown-
(65991, 0, 2, 32, 0, 0, 2444, 2022, 0, 0, 0, 0, 0, 2240238, 0, 46801), -- -Unknown-
(65991, 0, 1, 0, 427789, 186640, 2444, 2022, 0, 0, 0, 0, 0, 2176354, 0, 46801), -- -Unknown-
(65991, 0, 0, -1, 0, 0, 2444, 2022, 0, 0, 0, 0, 0, 2176354, 0, 46801), -- -Unknown-
(65990, 0, 2, 32, 0, 0, 2444, 2022, 0, 0, 0, 0, 0, 2240238, 0, 46801), -- -Unknown-
(65990, 0, 1, 0, 427775, 194231, 2444, 2022, 0, 0, 0, 0, 0, 0, 0, 46801), -- -Unknown-
(65990, 0, 0, -1, 0, 0, 2444, 2022, 0, 0, 0, 0, 0, 2240238, 0, 46801), -- -Unknown-
(65989, 0, 2, 32, 0, 0, 2444, 2022, 0, 0, 0, 0, 0, 2176053, 0, 46801), -- -Unknown-
(65989, 0, 1, 0, 427773, 190460, 2444, 2022, 0, 2, 0, 0, 0, 0, 0, 46801), -- -Unknown-
(65989, 0, 0, -1, 0, 0, 2444, 2022, 0, 0, 0, 0, 0, 2176053, 0, 46801), -- -Unknown-
(65760, 0, 3, 32, 0, 0, 2444, 2022, 0, 0, 0, 0, 0, 2225289, 0, 46801), -- -Unknown-
(65760, 0, 2, 1, 427073, 194125, 2444, 2022, 0, 2, 0, 0, 0, 0, 0, 46801), -- -Unknown-
(65760, 0, 1, 0, 429426, 193423, 2444, 2022, 0, 0, 0, 0, 0, 2225289, 0, 46801), -- -Unknown-
(65760, 0, 0, -1, 0, 0, 2444, 2022, 0, 0, 0, 0, 0, 2176053, 0, 46801), -- -Unknown-
(69914, 0, 2, 32, 0, 0, 2444, 2022, 0, 0, 0, 0, 0, 2225306, 0, 46801), -- -Unknown-
(69914, 0, 1, 0, 429418, 194042, 2444, 2022, 0, 0, 0, 0, 0, 2225306, 0, 46801), -- -Unknown-
(69914, 0, 0, -1, 0, 0, 2444, 2022, 0, 0, 0, 0, 0, 2225289, 0, 46801), -- -Unknown-
(69912, 0, 3, 32, 0, 0, 2444, 2022, 0, 0, 0, 0, 0, 2225286, 0, 46801), -- -Unknown-
(69912, 0, 2, 1, 429415, 193990, 2444, 2022, 0, 0, 0, 0, 0, 2225289, 0, 46801), -- -Unknown-
(69912, 0, 1, 0, 429414, 193989, 2444, 2022, 0, 0, 0, 0, 0, 2225286, 0, 46801), -- -Unknown-
(69912, 0, 0, -1, 0, 0, 2444, 2022, 0, 0, 0, 0, 0, 2225298, 0, 46801), -- -Unknown-
(66112, 0, 3, 32, 0, 0, 2444, 2022, 0, 0, 0, 0, 0, 2180371, 0, 46801), -- -Unknown-
(66112, 0, 2, 1, 428922, 190386, 2444, 2022, 0, 0, 0, 0, 0, 2214998, 0, 46801), -- -Unknown-
(66112, 0, 1, 0, 428921, 194548, 2444, 2022, 0, 8192, 0, 0, 0, 2215055, 0, 46801), -- -Unknown-
(66112, 0, 0, -1, 0, 0, 2444, 2022, 0, 0, 0, 0, 0, 2180371, 0, 46801), -- -Unknown-
(69965, 0, 2, 32, 0, 0, 2444, 2022, 0, 0, 0, 0, 0, 2220412, 0, 46801), -- -Unknown-
(69965, 0, 1, 0, 429578, 193672, 2444, 2022, 0, 0, 0, 0, 0, 0, 0, 46801), -- -Unknown-
(69965, 0, 0, -1, 0, 0, 2444, 2022, 0, 0, 0, 0, 0, 2220412, 0, 46801), -- -Unknown-
(66111, 0, 2, 32, 0, 0, 2444, 2022, 0, 0, 0, 0, 0, 2157065, 0, 46801), -- -Unknown-
(66111, 0, 1, 0, 428001, 190790, 2444, 2022, 0, 0, 0, 0, 0, 0, 0, 46801), -- -Unknown-
(66111, 0, 0, -1, 0, 0, 2444, 2022, 0, 0, 0, 0, 0, 2157065, 0, 46801), -- -Unknown-
(66101, 0, 5, 32, 0, 0, 2444, 2022, 0, 0, 0, 0, 0, 2180370, 0, 46801), -- -Unknown-
(66101, 0, 4, 3, 423900, 184904, 2444, 2022, 0, 0, 0, 0, 0, 2230823, 0, 46801), -- -Unknown-
(66101, 0, 3, 2, 423902, 184903, 2444, 2022, 0, 0, 0, 0, 0, 2230823, 0, 46801), -- -Unknown-
(66101, 0, 2, 1, 423901, 184905, 2444, 2022, 0, 0, 0, 0, 0, 2230823, 0, 46801), -- -Unknown-
(66101, 0, 1, 0, 423899, 184913, 2444, 2022, 0, 0, 0, 0, 0, 2230823, 0, 46801), -- -Unknown-
(66101, 0, 0, -1, 0, 0, 2444, 2022, 0, 0, 0, 0, 0, 2180370, 0, 46801), -- -Unknown-
(66110, 0, 1, 32, 0, 0, 2444, 2022, 0, 8192, 0, 0, 0, 2157067, 0, 46801), -- -Unknown-
(66110, 0, 0, -1, 0, 0, 2444, 2022, 0, 8192, 0, 0, 0, 2157065, 0, 46801), -- -Unknown-
(69911, 0, 5, 32, 0, 0, 2444, 2022, 0, 0, 0, 0, 0, 2225286, 0, 46801), -- -Unknown-
(69911, 0, 4, 3, 429407, 193871, 2444, 2022, 0, 0, 0, 0, 0, 2225323, 0, 46801), -- -Unknown-
(69911, 0, 3, 2, 429406, 193872, 2444, 2022, 0, 0, 0, 0, 0, 2225275, 0, 46801), -- -Unknown-
(69911, 0, 2, 1, 429405, 193870, 2444, 2022, 0, 0, 0, 0, 0, 2225276, 0, 46801), -- -Unknown-
(69911, 0, 1, 0, 429404, 193866, 2444, 2022, 0, 0, 0, 0, 0, 2225274, 0, 46801), -- -Unknown-
(69911, 0, 0, -1, 0, 0, 2444, 2022, 0, 0, 0, 0, 0, 2225286, 0, 46801), -- -Unknown-
(72709, 0, 3, 32, 0, 0, 2444, 2022, 0, 0, 0, 0, 0, 2291650, 0, 46801), -- -Unknown-
(72709, 0, 2, 1, 432306, 140804, 2444, 2022, 0, 0, 0, 0, 0, 2291650, 0, 46801), -- -Unknown-
(72709, 0, 1, 0, 432305, 140806, 2444, 2022, 0, 0, 0, 0, 0, 2291650, 0, 46801), -- -Unknown-
(72709, 0, 0, -1, 0, 0, 2444, 2022, 0, 0, 0, 0, 0, 2291650, 0, 46801), -- -Unknown-
(69910, 0, 2, 32, 0, 0, 2444, 2022, 0, 0, 0, 0, 0, 2159492, 0, 46801), -- -Unknown-
(69910, 0, 1, 0, 429403, 193817, 2444, 2022, 0, 0, 0, 0, 0, 2225286, 0, 46801), -- -Unknown-
(69910, 0, 0, -1, 0, 0, 2444, 2022, 0, 0, 0, 0, 0, 2225286, 0, 46801), -- -Unknown-
(72708, 0, 1, 32, 0, 0, 2444, 2022, 0, 2, 0, 0, 0, 0, 0, 46801), -- -Unknown-
(72708, 0, 0, -1, 0, 0, 2444, 2022, 0, 0, 0, 0, 0, 2291650, 0, 46801), -- -Unknown-
(65451, 1, 4, 32, 0, 0, 2444, 2022, 0, 0, 0, 99484, 0, 2159387, 0, 46801), -- -Unknown-
(65451, 0, 3, 32, 0, 0, 2444, 2022, 0, 0, 0, 97037, 0, 2180342, 0, 46801), -- -Unknown-
(65451, 0, 2, 0, 423020, 189565, 2444, 2022, 0, 2, 0, 0, 0, 0, 0, 46801), -- -Unknown-
(65451, 0, 1, -1, 0, 0, 2444, 2022, 0, 0, 0, 97037, 0, 2180342, 0, 46801), -- -Unknown-
(65451, 0, 0, -1, 0, 0, 2444, 2022, 0, 0, 0, 99484, 0, 2159387, 0, 46801), -- -Unknown-
(65453, 1, 4, 32, 0, 0, 2444, 2022, 0, 0, 0, 99484, 0, 2159443, 0, 46801), -- -Unknown-
(65453, 0, 3, 32, 0, 0, 2444, 2022, 0, 0, 0, 97037, 0, 2180343, 0, 46801), -- -Unknown-
(65453, 0, 2, 0, 423032, 194143, 2444, 2022, 0, 2, 0, 0, 0, 0, 0, 46801), -- -Unknown-
(65453, 0, 1, -1, 0, 0, 2444, 2022, 0, 0, 0, 97037, 0, 2180343, 0, 46801), -- -Unknown-
(65453, 0, 0, -1, 0, 0, 2444, 2022, 0, 0, 0, 99484, 0, 2159443, 0, 46801), -- -Unknown-
(65452, 0, 5, 32, 0, 0, 2444, 2022, 0, 0, 0, 0, 0, 2159388, 0, 46801), -- -Unknown-
(65452, 0, 4, 2, 423905, 189839, 2444, 2022, 0, 0, 0, 0, 0, 2179992, 0, 46801), -- -Unknown-
(65452, 0, 3, 1, 423903, 189837, 2444, 2022, 0, 0, 0, 0, 0, 2180023, 0, 46801), -- -Unknown-
(65452, 0, 2, 0, 423904, 189838, 2444, 2022, 0, 0, 0, 0, 0, 2186250, 0, 46801), -- -Unknown-
(65452, 0, 1, -1, 0, 0, 2444, 2022, 0, 0, 0, 97037, 0, 2159492, 0, 46801), -- -Unknown-
(65452, 0, 0, -1, 0, 0, 2444, 2022, 0, 0, 0, 99484, 0, 2159369, 0, 46801), -- -Unknown-
(65444, 0, 3, 32, 0, 0, 1, 1, 0, 2, 0, 0, 0, 2159075, 0, 46801), -- -Unknown-
(65444, 0, 2, 2, 422995, 184806, 2444, 2022, 0, 0, 0, 0, 0, 2159369, 0, 46801), -- -Unknown-
(65444, 0, 1, 0, 422994, 184805, 1, 1, 0, 0, 0, 0, 0, 2297415, 0, 46801), -- -Unknown-
(65444, 0, 0, -1, 0, 0, 2444, 2022, 0, 0, 0, 0, 0, 2159369, 0, 46801), -- -Unknown-
(70198, 0, 0, -1, 0, 0, 1, 1, 0, 0, 0, 0, 0, 2159075, 0, 46801); -- -Unknown-

UPDATE `quest_poi` SET `VerifiedBuild`=46801 WHERE (`QuestID`=50562 AND `BlobIndex`=0 AND `Idx1`=0) OR (`QuestID`=50606 AND `BlobIndex`=0 AND `Idx1`=0) OR (`QuestID`=50604 AND `BlobIndex`=0 AND `Idx1`=1) OR (`QuestID`=50604 AND `BlobIndex`=0 AND `Idx1`=0) OR (`QuestID`=69925 AND `BlobIndex`=0 AND `Idx1`=14) OR (`QuestID`=69925 AND `BlobIndex`=12 AND `Idx1`=13) OR (`QuestID`=69925 AND `BlobIndex`=11 AND `Idx1`=12) OR (`QuestID`=69925 AND `BlobIndex`=10 AND `Idx1`=11) OR (`QuestID`=69925 AND `BlobIndex`=9 AND `Idx1`=10) OR (`QuestID`=69925 AND `BlobIndex`=8 AND `Idx1`=9) OR (`QuestID`=69925 AND `BlobIndex`=7 AND `Idx1`=8) OR (`QuestID`=69925 AND `BlobIndex`=6 AND `Idx1`=7) OR (`QuestID`=69925 AND `BlobIndex`=5 AND `Idx1`=6) OR (`QuestID`=69925 AND `BlobIndex`=4 AND `Idx1`=5) OR (`QuestID`=69925 AND `BlobIndex`=3 AND `Idx1`=4) OR (`QuestID`=69925 AND `BlobIndex`=2 AND `Idx1`=3) OR (`QuestID`=69925 AND `BlobIndex`=1 AND `Idx1`=2) OR (`QuestID`=69925 AND `BlobIndex`=0 AND `Idx1`=1) OR (`QuestID`=69925 AND `BlobIndex`=0 AND `Idx1`=0) OR (`QuestID`=66586 AND `BlobIndex`=0 AND `Idx1`=3) OR (`QuestID`=66586 AND `BlobIndex`=0 AND `Idx1`=2) OR (`QuestID`=66586 AND `BlobIndex`=0 AND `Idx1`=1) OR (`QuestID`=66586 AND `BlobIndex`=0 AND `Idx1`=0) OR (`QuestID`=66042 AND `BlobIndex`=0 AND `Idx1`=2) OR (`QuestID`=66042 AND `BlobIndex`=0 AND `Idx1`=1) OR (`QuestID`=66042 AND `BlobIndex`=0 AND `Idx1`=0) OR (`QuestID`=57249 AND `BlobIndex`=2 AND `Idx1`=2) OR (`QuestID`=57249 AND `BlobIndex`=1 AND `Idx1`=1) OR (`QuestID`=57249 AND `BlobIndex`=0 AND `Idx1`=0) OR (`QuestID`=53435 AND `BlobIndex`=0 AND `Idx1`=1) OR (`QuestID`=53435 AND `BlobIndex`=0 AND `Idx1`=0);
DELETE FROM `quest_poi_points` WHERE (`QuestID`=66000 AND `Idx1`=2 AND `Idx2`=0) OR (`QuestID`=66000 AND `Idx1`=1 AND `Idx2`=11) OR (`QuestID`=66000 AND `Idx1`=1 AND `Idx2`=10) OR (`QuestID`=66000 AND `Idx1`=1 AND `Idx2`=9) OR (`QuestID`=66000 AND `Idx1`=1 AND `Idx2`=8) OR (`QuestID`=66000 AND `Idx1`=1 AND `Idx2`=7) OR (`QuestID`=66000 AND `Idx1`=1 AND `Idx2`=6) OR (`QuestID`=66000 AND `Idx1`=1 AND `Idx2`=5) OR (`QuestID`=66000 AND `Idx1`=1 AND `Idx2`=4) OR (`QuestID`=66000 AND `Idx1`=1 AND `Idx2`=3) OR (`QuestID`=66000 AND `Idx1`=1 AND `Idx2`=2) OR (`QuestID`=66000 AND `Idx1`=1 AND `Idx2`=1) OR (`QuestID`=66000 AND `Idx1`=1 AND `Idx2`=0) OR (`QuestID`=66000 AND `Idx1`=0 AND `Idx2`=0) OR (`QuestID`=65999 AND `Idx1`=2 AND `Idx2`=0) OR (`QuestID`=65999 AND `Idx1`=1 AND `Idx2`=8) OR (`QuestID`=65999 AND `Idx1`=1 AND `Idx2`=7) OR (`QuestID`=65999 AND `Idx1`=1 AND `Idx2`=6) OR (`QuestID`=65999 AND `Idx1`=1 AND `Idx2`=5) OR (`QuestID`=65999 AND `Idx1`=1 AND `Idx2`=4) OR (`QuestID`=65999 AND `Idx1`=1 AND `Idx2`=3) OR (`QuestID`=65999 AND `Idx1`=1 AND `Idx2`=2) OR (`QuestID`=65999 AND `Idx1`=1 AND `Idx2`=1) OR (`QuestID`=65999 AND `Idx1`=1 AND `Idx2`=0) OR (`QuestID`=65999 AND `Idx1`=0 AND `Idx2`=0) OR (`QuestID`=65998 AND `Idx1`=3 AND `Idx2`=0) OR (`QuestID`=65998 AND `Idx1`=2 AND `Idx2`=5) OR (`QuestID`=65998 AND `Idx1`=2 AND `Idx2`=4) OR (`QuestID`=65998 AND `Idx1`=2 AND `Idx2`=3) OR (`QuestID`=65998 AND `Idx1`=2 AND `Idx2`=2) OR (`QuestID`=65998 AND `Idx1`=2 AND `Idx2`=1) OR (`QuestID`=65998 AND `Idx1`=2 AND `Idx2`=0) OR (`QuestID`=65998 AND `Idx1`=1 AND `Idx2`=0) OR (`QuestID`=65998 AND `Idx1`=0 AND `Idx2`=0) OR (`QuestID`=65997 AND `Idx1`=2 AND `Idx2`=0) OR (`QuestID`=65997 AND `Idx1`=1 AND `Idx2`=0) OR (`QuestID`=65997 AND `Idx1`=0 AND `Idx2`=0) OR (`QuestID`=66998 AND `Idx1`=2 AND `Idx2`=0) OR (`QuestID`=66998 AND `Idx1`=1 AND `Idx2`=11) OR (`QuestID`=66998 AND `Idx1`=1 AND `Idx2`=10) OR (`QuestID`=66998 AND `Idx1`=1 AND `Idx2`=9) OR (`QuestID`=66998 AND `Idx1`=1 AND `Idx2`=8) OR (`QuestID`=66998 AND `Idx1`=1 AND `Idx2`=7) OR (`QuestID`=66998 AND `Idx1`=1 AND `Idx2`=6) OR (`QuestID`=66998 AND `Idx1`=1 AND `Idx2`=5) OR (`QuestID`=66998 AND `Idx1`=1 AND `Idx2`=4) OR (`QuestID`=66998 AND `Idx1`=1 AND `Idx2`=3) OR (`QuestID`=66998 AND `Idx1`=1 AND `Idx2`=2) OR (`QuestID`=66998 AND `Idx1`=1 AND `Idx2`=1) OR (`QuestID`=66998 AND `Idx1`=1 AND `Idx2`=0) OR (`QuestID`=66998 AND `Idx1`=0 AND `Idx2`=0) OR (`QuestID`=65994 AND `Idx1`=1 AND `Idx2`=0) OR (`QuestID`=65994 AND `Idx1`=0 AND `Idx2`=11) OR (`QuestID`=65994 AND `Idx1`=0 AND `Idx2`=10) OR (`QuestID`=65994 AND `Idx1`=0 AND `Idx2`=9) OR (`QuestID`=65994 AND `Idx1`=0 AND `Idx2`=8) OR (`QuestID`=65994 AND `Idx1`=0 AND `Idx2`=7) OR (`QuestID`=65994 AND `Idx1`=0 AND `Idx2`=6) OR (`QuestID`=65994 AND `Idx1`=0 AND `Idx2`=5) OR (`QuestID`=65994 AND `Idx1`=0 AND `Idx2`=4) OR (`QuestID`=65994 AND `Idx1`=0 AND `Idx2`=3) OR (`QuestID`=65994 AND `Idx1`=0 AND `Idx2`=2) OR (`QuestID`=65994 AND `Idx1`=0 AND `Idx2`=1) OR (`QuestID`=65994 AND `Idx1`=0 AND `Idx2`=0) OR (`QuestID`=65996 AND `Idx1`=3 AND `Idx2`=0) OR (`QuestID`=65996 AND `Idx1`=2 AND `Idx2`=0) OR (`QuestID`=65996 AND `Idx1`=1 AND `Idx2`=3) OR (`QuestID`=65996 AND `Idx1`=1 AND `Idx2`=2) OR (`QuestID`=65996 AND `Idx1`=1 AND `Idx2`=1) OR (`QuestID`=65996 AND `Idx1`=1 AND `Idx2`=0) OR (`QuestID`=65996 AND `Idx1`=0 AND `Idx2`=0) OR (`QuestID`=66956 AND `Idx1`=0 AND `Idx2`=0) OR (`QuestID`=65995 AND `Idx1`=1 AND `Idx2`=0) OR (`QuestID`=65995 AND `Idx1`=0 AND `Idx2`=0) OR (`QuestID`=65993 AND `Idx1`=2 AND `Idx2`=0) OR (`QuestID`=65993 AND `Idx1`=1 AND `Idx2`=0) OR (`QuestID`=65993 AND `Idx1`=0 AND `Idx2`=0) OR (`QuestID`=65992 AND `Idx1`=4 AND `Idx2`=0) OR (`QuestID`=65992 AND `Idx1`=3 AND `Idx2`=0) OR (`QuestID`=65992 AND `Idx1`=2 AND `Idx2`=0) OR (`QuestID`=65992 AND `Idx1`=1 AND `Idx2`=0) OR (`QuestID`=65992 AND `Idx1`=0 AND `Idx2`=0) OR (`QuestID`=66196 AND `Idx1`=2 AND `Idx2`=0) OR (`QuestID`=66196 AND `Idx1`=1 AND `Idx2`=0) OR (`QuestID`=66196 AND `Idx1`=0 AND `Idx2`=0) OR (`QuestID`=66106 AND `Idx1`=3 AND `Idx2`=0) OR (`QuestID`=66106 AND `Idx1`=2 AND `Idx2`=8) OR (`QuestID`=66106 AND `Idx1`=2 AND `Idx2`=7) OR (`QuestID`=66106 AND `Idx1`=2 AND `Idx2`=6) OR (`QuestID`=66106 AND `Idx1`=2 AND `Idx2`=5) OR (`QuestID`=66106 AND `Idx1`=2 AND `Idx2`=4) OR (`QuestID`=66106 AND `Idx1`=2 AND `Idx2`=3) OR (`QuestID`=66106 AND `Idx1`=2 AND `Idx2`=2) OR (`QuestID`=66106 AND `Idx1`=2 AND `Idx2`=1) OR (`QuestID`=66106 AND `Idx1`=2 AND `Idx2`=0) OR (`QuestID`=66106 AND `Idx1`=1 AND `Idx2`=7) OR (`QuestID`=66106 AND `Idx1`=1 AND `Idx2`=6) OR (`QuestID`=66106 AND `Idx1`=1 AND `Idx2`=5) OR (`QuestID`=66106 AND `Idx1`=1 AND `Idx2`=4) OR (`QuestID`=66106 AND `Idx1`=1 AND `Idx2`=3) OR (`QuestID`=66106 AND `Idx1`=1 AND `Idx2`=2) OR (`QuestID`=66106 AND `Idx1`=1 AND `Idx2`=1) OR (`QuestID`=66106 AND `Idx1`=1 AND `Idx2`=0) OR (`QuestID`=66106 AND `Idx1`=0 AND `Idx2`=0) OR (`QuestID`=66108 AND `Idx1`=3 AND `Idx2`=0) OR (`QuestID`=66108 AND `Idx1`=2 AND `Idx2`=0) OR (`QuestID`=66108 AND `Idx1`=1 AND `Idx2`=0) OR (`QuestID`=66108 AND `Idx1`=0 AND `Idx2`=0) OR (`QuestID`=66104 AND `Idx1`=4 AND `Idx2`=0) OR (`QuestID`=66104 AND `Idx1`=3 AND `Idx2`=0) OR (`QuestID`=66104 AND `Idx1`=2 AND `Idx2`=0) OR (`QuestID`=66104 AND `Idx1`=1 AND `Idx2`=0) OR (`QuestID`=66104 AND `Idx1`=0 AND `Idx2`=0) OR (`QuestID`=66107 AND `Idx1`=2 AND `Idx2`=0) OR (`QuestID`=66107 AND `Idx1`=1 AND `Idx2`=9) OR (`QuestID`=66107 AND `Idx1`=1 AND `Idx2`=8) OR (`QuestID`=66107 AND `Idx1`=1 AND `Idx2`=7) OR (`QuestID`=66107 AND `Idx1`=1 AND `Idx2`=6) OR (`QuestID`=66107 AND `Idx1`=1 AND `Idx2`=5) OR (`QuestID`=66107 AND `Idx1`=1 AND `Idx2`=4) OR (`QuestID`=66107 AND `Idx1`=1 AND `Idx2`=3) OR (`QuestID`=66107 AND `Idx1`=1 AND `Idx2`=2) OR (`QuestID`=66107 AND `Idx1`=1 AND `Idx2`=1) OR (`QuestID`=66107 AND `Idx1`=1 AND `Idx2`=0) OR (`QuestID`=66107 AND `Idx1`=0 AND `Idx2`=0) OR (`QuestID`=66105 AND `Idx1`=3 AND `Idx2`=0) OR (`QuestID`=66105 AND `Idx1`=2 AND `Idx2`=6) OR (`QuestID`=66105 AND `Idx1`=2 AND `Idx2`=5) OR (`QuestID`=66105 AND `Idx1`=2 AND `Idx2`=4) OR (`QuestID`=66105 AND `Idx1`=2 AND `Idx2`=3) OR (`QuestID`=66105 AND `Idx1`=2 AND `Idx2`=2) OR (`QuestID`=66105 AND `Idx1`=2 AND `Idx2`=1) OR (`QuestID`=66105 AND `Idx1`=2 AND `Idx2`=0) OR (`QuestID`=66105 AND `Idx1`=1 AND `Idx2`=8) OR (`QuestID`=66105 AND `Idx1`=1 AND `Idx2`=7) OR (`QuestID`=66105 AND `Idx1`=1 AND `Idx2`=6) OR (`QuestID`=66105 AND `Idx1`=1 AND `Idx2`=5) OR (`QuestID`=66105 AND `Idx1`=1 AND `Idx2`=4) OR (`QuestID`=66105 AND `Idx1`=1 AND `Idx2`=3) OR (`QuestID`=66105 AND `Idx1`=1 AND `Idx2`=2) OR (`QuestID`=66105 AND `Idx1`=1 AND `Idx2`=1) OR (`QuestID`=66105 AND `Idx1`=1 AND `Idx2`=0) OR (`QuestID`=66105 AND `Idx1`=0 AND `Idx2`=0) OR (`QuestID`=72122 AND `Idx1`=1 AND `Idx2`=0) OR (`QuestID`=72122 AND `Idx1`=0 AND `Idx2`=0) OR (`QuestID`=65991 AND `Idx1`=2 AND `Idx2`=0) OR (`QuestID`=65991 AND `Idx1`=1 AND `Idx2`=0) OR (`QuestID`=65991 AND `Idx1`=0 AND `Idx2`=0) OR (`QuestID`=65990 AND `Idx1`=2 AND `Idx2`=0) OR (`QuestID`=65990 AND `Idx1`=1 AND `Idx2`=3) OR (`QuestID`=65990 AND `Idx1`=1 AND `Idx2`=2) OR (`QuestID`=65990 AND `Idx1`=1 AND `Idx2`=1) OR (`QuestID`=65990 AND `Idx1`=1 AND `Idx2`=0) OR (`QuestID`=65990 AND `Idx1`=0 AND `Idx2`=0) OR (`QuestID`=65989 AND `Idx1`=2 AND `Idx2`=0) OR (`QuestID`=65989 AND `Idx1`=1 AND `Idx2`=11) OR (`QuestID`=65989 AND `Idx1`=1 AND `Idx2`=10) OR (`QuestID`=65989 AND `Idx1`=1 AND `Idx2`=9) OR (`QuestID`=65989 AND `Idx1`=1 AND `Idx2`=8) OR (`QuestID`=65989 AND `Idx1`=1 AND `Idx2`=7) OR (`QuestID`=65989 AND `Idx1`=1 AND `Idx2`=6) OR (`QuestID`=65989 AND `Idx1`=1 AND `Idx2`=5) OR (`QuestID`=65989 AND `Idx1`=1 AND `Idx2`=4) OR (`QuestID`=65989 AND `Idx1`=1 AND `Idx2`=3) OR (`QuestID`=65989 AND `Idx1`=1 AND `Idx2`=2) OR (`QuestID`=65989 AND `Idx1`=1 AND `Idx2`=1) OR (`QuestID`=65989 AND `Idx1`=1 AND `Idx2`=0) OR (`QuestID`=65989 AND `Idx1`=0 AND `Idx2`=0) OR (`QuestID`=65760 AND `Idx1`=3 AND `Idx2`=0) OR (`QuestID`=65760 AND `Idx1`=2 AND `Idx2`=11) OR (`QuestID`=65760 AND `Idx1`=2 AND `Idx2`=10) OR (`QuestID`=65760 AND `Idx1`=2 AND `Idx2`=9) OR (`QuestID`=65760 AND `Idx1`=2 AND `Idx2`=8) OR (`QuestID`=65760 AND `Idx1`=2 AND `Idx2`=7) OR (`QuestID`=65760 AND `Idx1`=2 AND `Idx2`=6) OR (`QuestID`=65760 AND `Idx1`=2 AND `Idx2`=5) OR (`QuestID`=65760 AND `Idx1`=2 AND `Idx2`=4) OR (`QuestID`=65760 AND `Idx1`=2 AND `Idx2`=3) OR (`QuestID`=65760 AND `Idx1`=2 AND `Idx2`=2) OR (`QuestID`=65760 AND `Idx1`=2 AND `Idx2`=1) OR (`QuestID`=65760 AND `Idx1`=2 AND `Idx2`=0) OR (`QuestID`=65760 AND `Idx1`=1 AND `Idx2`=0) OR (`QuestID`=65760 AND `Idx1`=0 AND `Idx2`=0) OR (`QuestID`=69914 AND `Idx1`=2 AND `Idx2`=0) OR (`QuestID`=69914 AND `Idx1`=1 AND `Idx2`=0) OR (`QuestID`=69914 AND `Idx1`=0 AND `Idx2`=0) OR (`QuestID`=69912 AND `Idx1`=3 AND `Idx2`=0) OR (`QuestID`=69912 AND `Idx1`=2 AND `Idx2`=0) OR (`QuestID`=69912 AND `Idx1`=1 AND `Idx2`=0) OR (`QuestID`=69912 AND `Idx1`=0 AND `Idx2`=0) OR (`QuestID`=66112 AND `Idx1`=3 AND `Idx2`=0) OR (`QuestID`=66112 AND `Idx1`=2 AND `Idx2`=0) OR (`QuestID`=66112 AND `Idx1`=1 AND `Idx2`=0) OR (`QuestID`=66112 AND `Idx1`=0 AND `Idx2`=0) OR (`QuestID`=69965 AND `Idx1`=2 AND `Idx2`=0) OR (`QuestID`=69965 AND `Idx1`=1 AND `Idx2`=5) OR (`QuestID`=69965 AND `Idx1`=1 AND `Idx2`=4) OR (`QuestID`=69965 AND `Idx1`=1 AND `Idx2`=3) OR (`QuestID`=69965 AND `Idx1`=1 AND `Idx2`=2) OR (`QuestID`=69965 AND `Idx1`=1 AND `Idx2`=1) OR (`QuestID`=69965 AND `Idx1`=1 AND `Idx2`=0) OR (`QuestID`=69965 AND `Idx1`=0 AND `Idx2`=0) OR (`QuestID`=66111 AND `Idx1`=2 AND `Idx2`=0) OR (`QuestID`=66111 AND `Idx1`=1 AND `Idx2`=8) OR (`QuestID`=66111 AND `Idx1`=1 AND `Idx2`=7) OR (`QuestID`=66111 AND `Idx1`=1 AND `Idx2`=6) OR (`QuestID`=66111 AND `Idx1`=1 AND `Idx2`=5) OR (`QuestID`=66111 AND `Idx1`=1 AND `Idx2`=4) OR (`QuestID`=66111 AND `Idx1`=1 AND `Idx2`=3) OR (`QuestID`=66111 AND `Idx1`=1 AND `Idx2`=2) OR (`QuestID`=66111 AND `Idx1`=1 AND `Idx2`=1) OR (`QuestID`=66111 AND `Idx1`=1 AND `Idx2`=0) OR (`QuestID`=66111 AND `Idx1`=0 AND `Idx2`=0) OR (`QuestID`=66101 AND `Idx1`=5 AND `Idx2`=0) OR (`QuestID`=66101 AND `Idx1`=4 AND `Idx2`=0) OR (`QuestID`=66101 AND `Idx1`=3 AND `Idx2`=0) OR (`QuestID`=66101 AND `Idx1`=2 AND `Idx2`=0) OR (`QuestID`=66101 AND `Idx1`=1 AND `Idx2`=0) OR (`QuestID`=66101 AND `Idx1`=0 AND `Idx2`=0) OR (`QuestID`=66110 AND `Idx1`=1 AND `Idx2`=0) OR (`QuestID`=66110 AND `Idx1`=0 AND `Idx2`=0) OR (`QuestID`=69911 AND `Idx1`=5 AND `Idx2`=0) OR (`QuestID`=69911 AND `Idx1`=4 AND `Idx2`=0) OR (`QuestID`=69911 AND `Idx1`=3 AND `Idx2`=0) OR (`QuestID`=69911 AND `Idx1`=2 AND `Idx2`=0) OR (`QuestID`=69911 AND `Idx1`=1 AND `Idx2`=0) OR (`QuestID`=69911 AND `Idx1`=0 AND `Idx2`=0) OR (`QuestID`=72709 AND `Idx1`=3 AND `Idx2`=0) OR (`QuestID`=72709 AND `Idx1`=2 AND `Idx2`=0) OR (`QuestID`=72709 AND `Idx1`=1 AND `Idx2`=0) OR (`QuestID`=72709 AND `Idx1`=0 AND `Idx2`=0) OR (`QuestID`=69910 AND `Idx1`=2 AND `Idx2`=0) OR (`QuestID`=69910 AND `Idx1`=1 AND `Idx2`=0) OR (`QuestID`=69910 AND `Idx1`=0 AND `Idx2`=0) OR (`QuestID`=72708 AND `Idx1`=1 AND `Idx2`=0) OR (`QuestID`=72708 AND `Idx1`=0 AND `Idx2`=0) OR (`QuestID`=65451 AND `Idx1`=4 AND `Idx2`=0) OR (`QuestID`=65451 AND `Idx1`=3 AND `Idx2`=0) OR (`QuestID`=65451 AND `Idx1`=2 AND `Idx2`=8) OR (`QuestID`=65451 AND `Idx1`=2 AND `Idx2`=7) OR (`QuestID`=65451 AND `Idx1`=2 AND `Idx2`=6) OR (`QuestID`=65451 AND `Idx1`=2 AND `Idx2`=5) OR (`QuestID`=65451 AND `Idx1`=2 AND `Idx2`=4) OR (`QuestID`=65451 AND `Idx1`=2 AND `Idx2`=3) OR (`QuestID`=65451 AND `Idx1`=2 AND `Idx2`=2) OR (`QuestID`=65451 AND `Idx1`=2 AND `Idx2`=1) OR (`QuestID`=65451 AND `Idx1`=2 AND `Idx2`=0) OR (`QuestID`=65451 AND `Idx1`=1 AND `Idx2`=0) OR (`QuestID`=65451 AND `Idx1`=0 AND `Idx2`=0) OR (`QuestID`=65453 AND `Idx1`=4 AND `Idx2`=0) OR (`QuestID`=65453 AND `Idx1`=3 AND `Idx2`=0) OR (`QuestID`=65453 AND `Idx1`=2 AND `Idx2`=7) OR (`QuestID`=65453 AND `Idx1`=2 AND `Idx2`=6) OR (`QuestID`=65453 AND `Idx1`=2 AND `Idx2`=5) OR (`QuestID`=65453 AND `Idx1`=2 AND `Idx2`=4) OR (`QuestID`=65453 AND `Idx1`=2 AND `Idx2`=3) OR (`QuestID`=65453 AND `Idx1`=2 AND `Idx2`=2) OR (`QuestID`=65453 AND `Idx1`=2 AND `Idx2`=1) OR (`QuestID`=65453 AND `Idx1`=2 AND `Idx2`=0) OR (`QuestID`=65453 AND `Idx1`=1 AND `Idx2`=0) OR (`QuestID`=65453 AND `Idx1`=0 AND `Idx2`=0) OR (`QuestID`=65452 AND `Idx1`=5 AND `Idx2`=0) OR (`QuestID`=65452 AND `Idx1`=4 AND `Idx2`=0) OR (`QuestID`=65452 AND `Idx1`=3 AND `Idx2`=0) OR (`QuestID`=65452 AND `Idx1`=2 AND `Idx2`=0) OR (`QuestID`=65452 AND `Idx1`=1 AND `Idx2`=0) OR (`QuestID`=65452 AND `Idx1`=0 AND `Idx2`=0) OR (`QuestID`=65444 AND `Idx1`=3 AND `Idx2`=0) OR (`QuestID`=65444 AND `Idx1`=2 AND `Idx2`=0) OR (`QuestID`=65444 AND `Idx1`=1 AND `Idx2`=0) OR (`QuestID`=65444 AND `Idx1`=0 AND `Idx2`=0) OR (`QuestID`=70198 AND `Idx1`=0 AND `Idx2`=0);
INSERT INTO `quest_poi_points` (`QuestID`, `Idx1`, `Idx2`, `X`, `Y`, `Z`, `VerifiedBuild`) VALUES
(66000, 2, 0, 4059, 244, 56, 46801), -- -Unknown-
(66000, 1, 11, 4024, 48, 0, 46801), -- -Unknown-
(66000, 1, 10, 4004, 87, 0, 46801), -- -Unknown-
(66000, 1, 9, 4033, 175, 0, 46801), -- -Unknown-
(66000, 1, 8, 4062, 233, 0, 46801), -- -Unknown-
(66000, 1, 7, 4119, 344, 0, 46801), -- -Unknown-
(66000, 1, 6, 4164, 406, 0, 46801), -- -Unknown-
(66000, 1, 5, 4202, 421, 0, 46801), -- -Unknown-
(66000, 1, 4, 4256, 388, 0, 46801), -- -Unknown-
(66000, 1, 3, 4283, 352, 0, 46801), -- -Unknown-
(66000, 1, 2, 4307, 302, 0, 46801), -- -Unknown-
(66000, 1, 1, 4296, 225, 0, 46801), -- -Unknown-
(66000, 1, 0, 4117, 41, 0, 46801), -- -Unknown-
(66000, 0, 0, 4046, 251, 54, 46801), -- -Unknown-
(65999, 2, 0, 4046, 251, 54, 46801), -- -Unknown-
(65999, 1, 8, 4023, 104, 44, 46801), -- -Unknown-
(65999, 1, 7, 4014, 197, 41, 46801), -- -Unknown-
(65999, 1, 6, 4016, 231, 54, 46801), -- -Unknown-
(65999, 1, 5, 4184, 398, 59, 46801), -- -Unknown-
(65999, 1, 4, 4287, 293, 65, 46801), -- -Unknown-
(65999, 1, 3, 4310, 264, 58, 46801), -- -Unknown-
(65999, 1, 2, 4262, 160, 64, 46801), -- -Unknown-
(65999, 1, 1, 4223, 107, 54, 46801), -- -Unknown-
(65999, 1, 0, 4129, 63, 51, 46801), -- -Unknown-
(65999, 0, 0, 4046, 251, 54, 46801), -- -Unknown-
(65998, 3, 0, 4045, 252, 54, 46801), -- -Unknown-
(65998, 2, 5, 4051, 157, 38, 46801), -- -Unknown-
(65998, 2, 4, 4051, 160, 38, 46801), -- -Unknown-
(65998, 2, 3, 4209, 356, 41, 46801), -- -Unknown-
(65998, 2, 2, 4211, 356, 41, 46801), -- -Unknown-
(65998, 2, 1, 4206, 201, 38, 46801), -- -Unknown-
(65998, 2, 0, 4116, 104, 41, 46801), -- -Unknown-
(65998, 1, 0, 4051, 160, 38, 46801), -- -Unknown-
(65998, 0, 0, 4045, 252, 54, 46801), -- -Unknown-
(65997, 2, 0, 3735, 267, 70, 46801), -- -Unknown-
(65997, 1, 0, 3735, 267, 70, 46801), -- -Unknown-
(65997, 0, 0, 4046, 251, 54, 46801), -- -Unknown-
(66998, 2, 0, 3519, -61, 35, 46801), -- -Unknown-
(66998, 1, 11, 3595, -115, 0, 46801), -- -Unknown-
(66998, 1, 10, 3578, -98, 0, 46801), -- -Unknown-
(66998, 1, 9, 3566, -51, 0, 46801), -- -Unknown-
(66998, 1, 8, 3585, -20, 0, 46801), -- -Unknown-
(66998, 1, 7, 3646, 10, 0, 46801), -- -Unknown-
(66998, 1, 6, 3676, 24, 0, 46801), -- -Unknown-
(66998, 1, 5, 3720, 24, 0, 46801), -- -Unknown-
(66998, 1, 4, 3747, 5, 0, 46801), -- -Unknown-
(66998, 1, 3, 3737, -18, 0, 46801), -- -Unknown-
(66998, 1, 2, 3699, -56, 0, 46801), -- -Unknown-
(66998, 1, 1, 3710, -101, 0, 46801), -- -Unknown-
(66998, 1, 0, 3631, -123, 0, 46801), -- -Unknown-
(66998, 0, 0, 3519, -61, 35, 46801), -- -Unknown-
(65994, 1, 0, 3589, -486, 0, 46801), -- -Unknown-
(65994, 0, 11, 3155, -779, 0, 46801), -- -Unknown-
(65994, 0, 10, 3442, -248, 0, 46801), -- -Unknown-
(65994, 0, 9, 3527, -181, 0, 46801), -- -Unknown-
(65994, 0, 8, 3816, -298, 0, 46801), -- -Unknown-
(65994, 0, 7, 3847, -395, 0, 46801), -- -Unknown-
(65994, 0, 6, 3845, -443, 0, 46801), -- -Unknown-
(65994, 0, 5, 3827, -510, 0, 46801), -- -Unknown-
(65994, 0, 4, 3681, -684, 0, 46801), -- -Unknown-
(65994, 0, 3, 3631, -709, 0, 46801), -- -Unknown-
(65994, 0, 2, 3469, -761, 0, 46801), -- -Unknown-
(65994, 0, 1, 3356, -865, 0, 46801), -- -Unknown-
(65994, 0, 0, 3202, -857, 0, 46801), -- -Unknown-
(65996, 3, 0, 3611, -352, 106, 46801), -- -Unknown-
(65996, 2, 0, 3735, 267, 71, 46801), -- -Unknown-
(65996, 1, 3, 3523, 135, 36, 46801), -- -Unknown-
(65996, 1, 2, 3728, 270, 71, 46801), -- -Unknown-
(65996, 1, 1, 3477, -211, 38, 46801), -- -Unknown-
(65996, 1, 0, 3416, -221, 31, 46801), -- -Unknown-
(65996, 0, 0, 3735, 267, 71, 46801), -- -Unknown-
(66956, 0, 0, 3623, -465, 59, 46801), -- -Unknown-
(65995, 1, 0, 3818, -340, 59, 46801), -- -Unknown-
(65995, 0, 0, 3608, -344, 106, 46801), -- -Unknown-
(65993, 2, 0, 3511, -639, 118, 46801), -- -Unknown-
(65993, 1, 0, 3806, -366, 59, 46801), -- -Unknown-
(65993, 0, 0, 3608, -344, 106, 46801), -- -Unknown-
(65992, 4, 0, 3511, -639, 118, 46801), -- -Unknown-
(65992, 3, 0, 3811, -538, 46, 46801), -- -Unknown-
(65992, 2, 0, 3837, -406, 58, 46801), -- -Unknown-
(65992, 1, 0, 3599, -375, 71, 46801), -- -Unknown-
(65992, 0, 0, 3608, -344, 106, 46801), -- -Unknown-
(66196, 2, 0, 3092, -1739, 8, 46801), -- -Unknown-
(66196, 1, 0, 3125, -1306, 5, 46801), -- -Unknown-
(66196, 0, 0, 3129, -1291, 5, 46801), -- -Unknown-
(66106, 3, 0, 3129, -1291, 5, 46801), -- -Unknown-
(66106, 2, 8, 3017, -1872, 49, 46801), -- -Unknown-
(66106, 2, 7, 2979, -1756, 49, 46801), -- -Unknown-
(66106, 2, 6, 2967, -1611, 49, 46801), -- -Unknown-
(66106, 2, 5, 3046, -1509, 49, 46801), -- -Unknown-
(66106, 2, 4, 3100, -1472, 49, 46801), -- -Unknown-
(66106, 2, 3, 3160, -1629, 49, 46801), -- -Unknown-
(66106, 2, 2, 3157, -1750, 49, 46801), -- -Unknown-
(66106, 2, 1, 3220, -1838, 49, 46801), -- -Unknown-
(66106, 2, 0, 3151, -1904, 49, 46801), -- -Unknown-
(66106, 1, 7, 2859, -1742, 23, 46801), -- -Unknown-
(66106, 1, 6, 2955, -1718, 5, 46801), -- -Unknown-
(66106, 1, 5, 3064, -1736, 36, 46801), -- -Unknown-
(66106, 1, 4, 3125, -1640, 40, 46801), -- -Unknown-
(66106, 1, 3, 3230, -1645, 44, 46801), -- -Unknown-
(66106, 1, 2, 3245, -1752, 2, 46801), -- -Unknown-
(66106, 1, 1, 3169, -1897, 54, 46801), -- -Unknown-
(66106, 1, 0, 3013, -1915, 54, 46801), -- -Unknown-
(66106, 0, 0, 3129, -1291, 5, 46801), -- -Unknown-
(66108, 3, 0, 3131, -1282, 5, 46801), -- -Unknown-
(66108, 2, 0, 3252, -1711, 44, 46801), -- -Unknown-
(66108, 1, 0, 3031, -1734, 2, 46801), -- -Unknown-
(66108, 0, 0, 3131, -1282, 5, 46801), -- -Unknown-
(66104, 4, 0, 3115, -1291, 5, 46801), -- -Unknown-
(66104, 3, 0, 3118, -1291, 7, 46801), -- -Unknown-
(66104, 2, 0, 3116, -1293, 7, 46801), -- -Unknown-
(66104, 1, 0, 3118, -1291, 7, 46801), -- -Unknown-
(66104, 0, 0, 3121, -1293, 7, 46801), -- -Unknown-
(66107, 2, 0, 3129, -1299, 5, 46801), -- -Unknown-
(66107, 1, 9, 2680, -1481, 4, 46801), -- -Unknown-
(66107, 1, 8, 2829, -1350, 0, 46801), -- -Unknown-
(66107, 1, 7, 3018, -1222, 2, 46801), -- -Unknown-
(66107, 1, 6, 3098, -1222, 0, 46801), -- -Unknown-
(66107, 1, 5, 3109, -1393, 3, 46801), -- -Unknown-
(66107, 1, 4, 2923, -1579, 2, 46801), -- -Unknown-
(66107, 1, 3, 2839, -1710, 2, 46801), -- -Unknown-
(66107, 1, 2, 2859, -1910, 3, 46801), -- -Unknown-
(66107, 1, 1, 2734, -1929, 0, 46801), -- -Unknown-
(66107, 1, 0, 2574, -1663, 2, 46801), -- -Unknown-
(66107, 0, 0, 3129, -1291, 5, 46801), -- -Unknown-
(66105, 3, 0, 3131, -1284, 5, 46801), -- -Unknown-
(66105, 2, 6, 2712, -1791, 2, 46801), -- -Unknown-
(66105, 2, 5, 2736, -1512, 4, 46801), -- -Unknown-
(66105, 2, 4, 2753, -1483, 0, 46801), -- -Unknown-
(66105, 2, 3, 3033, -1213, 8, 46801), -- -Unknown-
(66105, 2, 2, 3069, -1314, 13, 46801), -- -Unknown-
(66105, 2, 1, 3068, -1388, 8, 46801), -- -Unknown-
(66105, 2, 0, 2862, -1848, 0, 46801), -- -Unknown-
(66105, 1, 8, 2644, -1669, 0, 46801), -- -Unknown-
(66105, 1, 7, 2639, -1622, 0, 46801), -- -Unknown-
(66105, 1, 6, 2826, -1350, 0, 46801), -- -Unknown-
(66105, 1, 5, 2965, -1389, 0, 46801), -- -Unknown-
(66105, 1, 4, 3013, -1403, 0, 46801), -- -Unknown-
(66105, 1, 3, 2983, -1509, 0, 46801), -- -Unknown-
(66105, 1, 2, 2829, -1675, 0, 46801), -- -Unknown-
(66105, 1, 1, 2694, -1724, 0, 46801), -- -Unknown-
(66105, 1, 0, 2657, -1727, 0, 46801), -- -Unknown-
(66105, 0, 0, 3131, -1284, 5, 46801), -- -Unknown-
(72122, 1, 0, 3233, -1032, 35, 46801), -- -Unknown-
(72122, 0, 0, 3131, -1284, 5, 46801), -- -Unknown-
(65991, 2, 0, 3203, -1026, 36, 46801), -- -Unknown-
(65991, 1, 0, 3511, -639, 118, 46801), -- -Unknown-
(65991, 0, 0, 3511, -639, 118, 46801), -- -Unknown-
(65990, 2, 0, 3203, -1026, 36, 46801), -- -Unknown-
(65990, 1, 3, 2892, -1008, 62, 46801), -- -Unknown-
(65990, 1, 2, 2962, -919, 35, 46801), -- -Unknown-
(65990, 1, 1, 3071, -872, 39, 46801), -- -Unknown-
(65990, 1, 0, 2997, -1040, 36, 46801), -- -Unknown-
(65990, 0, 0, 3203, -1026, 36, 46801), -- -Unknown-
(65989, 2, 0, 3203, -1026, 36, 46801), -- -Unknown-
(65989, 1, 11, 2857, -1054, 0, 46801), -- -Unknown-
(65989, 1, 10, 2844, -1010, 0, 46801), -- -Unknown-
(65989, 1, 9, 2846, -962, 0, 46801), -- -Unknown-
(65989, 1, 8, 2893, -897, 0, 46801), -- -Unknown-
(65989, 1, 7, 2962, -869, 0, 46801), -- -Unknown-
(65989, 1, 6, 3031, -847, 0, 46801), -- -Unknown-
(65989, 1, 5, 3081, -861, 0, 46801), -- -Unknown-
(65989, 1, 4, 3085, -909, 0, 46801), -- -Unknown-
(65989, 1, 3, 3079, -968, 0, 46801), -- -Unknown-
(65989, 1, 2, 3035, -1031, 0, 46801), -- -Unknown-
(65989, 1, 1, 2966, -1051, 0, 46801), -- -Unknown-
(65989, 1, 0, 2901, -1066, 0, 46801), -- -Unknown-
(65989, 0, 0, 3203, -1026, 36, 46801), -- -Unknown-
(65760, 3, 0, 3543, -1431, 90, 46801), -- -Unknown-
(65760, 2, 11, 3359, -1107, 0, 46801), -- -Unknown-
(65760, 2, 10, 3227, -1061, 0, 46801), -- -Unknown-
(65760, 2, 9, 3162, -1039, 0, 46801), -- -Unknown-
(65760, 2, 8, 3161, -1003, 0, 46801), -- -Unknown-
(65760, 2, 7, 3207, -993, 0, 46801), -- -Unknown-
(65760, 2, 6, 3241, -998, 0, 46801), -- -Unknown-
(65760, 2, 5, 3465, -1116, 0, 46801), -- -Unknown-
(65760, 2, 4, 3472, -1298, 0, 46801), -- -Unknown-
(65760, 2, 3, 3523, -1395, 0, 46801), -- -Unknown-
(65760, 2, 2, 3497, -1419, 0, 46801), -- -Unknown-
(65760, 2, 1, 3417, -1322, 0, 46801), -- -Unknown-
(65760, 2, 0, 3416, -1154, 0, 46801), -- -Unknown-
(65760, 1, 0, 3543, -1431, 90, 46801), -- -Unknown-
(65760, 0, 0, 3185, -1009, 40, 46801), -- -Unknown-
(69914, 2, 0, 3536, -1426, 90, 46801), -- -Unknown-
(69914, 1, 0, 3536, -1426, 90, 46801), -- -Unknown-
(69914, 0, 0, 3543, -1431, 90, 46801), -- -Unknown-
(69912, 3, 0, 3582, -1456, 90, 46801), -- -Unknown-
(69912, 2, 0, 3543, -1431, 90, 46801), -- -Unknown-
(69912, 1, 0, 3582, -1456, 90, 46801), -- -Unknown-
(69912, 0, 0, 3535, -1418, 90, 46801), -- -Unknown-
(66112, 3, 0, 3542, -1443, 93, 46801), -- -Unknown-
(66112, 2, 0, 3281, -1320, 72, 46801), -- -Unknown-
(66112, 1, 0, 3619, -1163, 138, 46801), -- -Unknown-
(66112, 0, 0, 3542, -1443, 93, 46801), -- -Unknown-
(69965, 2, 0, 3543, -1447, 93, 46801), -- -Unknown-
(69965, 1, 5, 3258, -1334, 90, 46801), -- -Unknown-
(69965, 1, 4, 3279, -1287, 90, 46801), -- -Unknown-
(69965, 1, 3, 3580, -1157, 144, 46801), -- -Unknown-
(69965, 1, 2, 3659, -1215, 146, 46801), -- -Unknown-
(69965, 1, 1, 3594, -1308, 120, 46801), -- -Unknown-
(69965, 1, 0, 3376, -1436, 100, 46801), -- -Unknown-
(69965, 0, 0, 3543, -1447, 93, 46801), -- -Unknown-
(66111, 2, 0, 3534, -1468, 94, 46801), -- -Unknown-
(66111, 1, 8, 3333, -1429, 88, 46801), -- -Unknown-
(66111, 1, 7, 3253, -1380, 72, 46801), -- -Unknown-
(66111, 1, 6, 3257, -1316, 90, 46801), -- -Unknown-
(66111, 1, 5, 3265, -1291, 92, 46801), -- -Unknown-
(66111, 1, 4, 3581, -1166, 144, 46801), -- -Unknown-
(66111, 1, 3, 3648, -1198, 142, 46801), -- -Unknown-
(66111, 1, 2, 3653, -1204, 144, 46801), -- -Unknown-
(66111, 1, 1, 3588, -1299, 119, 46801), -- -Unknown-
(66111, 1, 0, 3384, -1435, 102, 46801), -- -Unknown-
(66111, 0, 0, 3534, -1468, 94, 46801), -- -Unknown-
(66101, 5, 0, 3591, -1397, 98, 46801), -- -Unknown-
(66101, 4, 0, 3586, -1401, 95, 46801), -- -Unknown-
(66101, 3, 0, 3586, -1401, 95, 46801), -- -Unknown-
(66101, 2, 0, 3586, -1401, 95, 46801), -- -Unknown-
(66101, 1, 0, 3586, -1401, 95, 46801), -- -Unknown-
(66101, 0, 0, 3591, -1397, 98, 46801), -- -Unknown-
(66110, 1, 0, 3592, -1395, 95, 46801), -- -Unknown-
(66110, 0, 0, 3534, -1468, 93, 46801), -- -Unknown-
(69911, 5, 0, 3582, -1456, 90, 46801), -- -Unknown-
(69911, 4, 0, 3684, -1607, 62, 46801), -- -Unknown-
(69911, 3, 0, 3556, -1376, 97, 46801), -- -Unknown-
(69911, 2, 0, 3483, -1430, 94, 46801), -- -Unknown-
(69911, 1, 0, 3478, -1436, 93, 46801), -- -Unknown-
(69911, 0, 0, 3582, -1456, 90, 46801), -- -Unknown-
(72709, 3, 0, 3551, -1452, 93, 46801), -- -Unknown-
(72709, 2, 0, 3551, -1452, 93, 46801), -- -Unknown-
(72709, 1, 0, 3551, -1452, 93, 46801), -- -Unknown-
(72709, 0, 0, 3551, -1452, 93, 46801), -- -Unknown-
(69910, 2, 0, 3585, -1459, 90, 46801), -- -Unknown-
(69910, 1, 0, 3582, -1456, 90, 46801), -- -Unknown-
(69910, 0, 0, 3582, -1456, 90, 46801), -- -Unknown-
(72708, 1, 0, 3945, -1635, 0, 46801), -- -Unknown-
(72708, 0, 0, 3551, -1452, 93, 46801), -- -Unknown-
(65451, 4, 0, 3902, -1777, 4, 46801), -- -Unknown-
(65451, 3, 0, 3604, -1405, 98, 46801), -- -Unknown-
(65451, 2, 8, 3749, -1729, 83, 46801), -- -Unknown-
(65451, 2, 7, 3735, -1563, 52, 46801), -- -Unknown-
(65451, 2, 6, 3834, -1473, 125, 46801), -- -Unknown-
(65451, 2, 5, 4051, -1532, 138, 46801), -- -Unknown-
(65451, 2, 4, 4094, -1594, 138, 46801), -- -Unknown-
(65451, 2, 3, 4148, -1775, 105, 46801), -- -Unknown-
(65451, 2, 2, 4121, -1807, 103, 46801), -- -Unknown-
(65451, 2, 1, 4095, -1821, 102, 46801), -- -Unknown-
(65451, 2, 0, 3938, -1830, 10, 46801), -- -Unknown-
(65451, 1, 0, 3604, -1405, 98, 46801), -- -Unknown-
(65451, 0, 0, 3902, -1777, 4, 46801), -- -Unknown-
(65453, 4, 0, 3905, -1780, 4, 46801); -- -Unknown-

INSERT INTO `quest_poi_points` (`QuestID`, `Idx1`, `Idx2`, `X`, `Y`, `Z`, `VerifiedBuild`) VALUES
(65453, 3, 0, 3616, -1432, 95, 46801), -- -Unknown-
(65453, 2, 7, 3749, -1729, 83, 46801), -- -Unknown-
(65453, 2, 6, 3755, -1591, 58, 46801), -- -Unknown-
(65453, 2, 5, 3765, -1576, 43, 46801), -- -Unknown-
(65453, 2, 4, 3834, -1473, 123, 46801), -- -Unknown-
(65453, 2, 3, 4174, -1497, 138, 46801), -- -Unknown-
(65453, 2, 2, 4268, -1812, 67, 46801), -- -Unknown-
(65453, 2, 1, 4019, -1829, 39, 46801), -- -Unknown-
(65453, 2, 0, 3938, -1830, 10, 46801), -- -Unknown-
(65453, 1, 0, 3616, -1432, 95, 46801), -- -Unknown-
(65453, 0, 0, 3905, -1781, 4, 46801), -- -Unknown-
(65452, 5, 0, 3899, -1779, 4, 46801), -- -Unknown-
(65452, 4, 0, 3786, -1516, 26, 46801), -- -Unknown-
(65452, 3, 0, 4079, -1632, 13, 46801), -- -Unknown-
(65452, 2, 0, 3971, -1760, 23, 46801), -- -Unknown-
(65452, 1, 0, 3585, -1459, 90, 46801), -- -Unknown-
(65452, 0, 0, 3904, -1778, 4, 46801), -- -Unknown-
(65444, 3, 0, 1342, -4924, 62, 46801), -- -Unknown-
(65444, 2, 0, 3904, -1778, 3, 46801), -- -Unknown-
(65444, 1, 0, 1345, -4921, 62, 46801), -- -Unknown-
(65444, 0, 0, 3904, -1778, 3, 46801), -- -Unknown-
(70198, 0, 0, 1362, -4913, 62, 46801); -- -Unknown-

UPDATE `quest_poi_points` SET `VerifiedBuild`=46801 WHERE (`QuestID`=50562 AND `Idx1`=0 AND `Idx2`=0) OR (`QuestID`=50606 AND `Idx1`=0 AND `Idx2`=0) OR (`QuestID`=50604 AND `Idx1`=1 AND `Idx2`=0) OR (`QuestID`=50604 AND `Idx1`=0 AND `Idx2`=0) OR (`QuestID`=69925 AND `Idx1`=14 AND `Idx2`=0) OR (`QuestID`=69925 AND `Idx1`=13 AND `Idx2`=11) OR (`QuestID`=69925 AND `Idx1`=13 AND `Idx2`=10) OR (`QuestID`=69925 AND `Idx1`=13 AND `Idx2`=9) OR (`QuestID`=69925 AND `Idx1`=13 AND `Idx2`=8) OR (`QuestID`=69925 AND `Idx1`=13 AND `Idx2`=7) OR (`QuestID`=69925 AND `Idx1`=13 AND `Idx2`=6) OR (`QuestID`=69925 AND `Idx1`=13 AND `Idx2`=5) OR (`QuestID`=69925 AND `Idx1`=13 AND `Idx2`=4) OR (`QuestID`=69925 AND `Idx1`=13 AND `Idx2`=3) OR (`QuestID`=69925 AND `Idx1`=13 AND `Idx2`=2) OR (`QuestID`=69925 AND `Idx1`=13 AND `Idx2`=1) OR (`QuestID`=69925 AND `Idx1`=13 AND `Idx2`=0) OR (`QuestID`=69925 AND `Idx1`=12 AND `Idx2`=11) OR (`QuestID`=69925 AND `Idx1`=12 AND `Idx2`=10) OR (`QuestID`=69925 AND `Idx1`=12 AND `Idx2`=9) OR (`QuestID`=69925 AND `Idx1`=12 AND `Idx2`=8) OR (`QuestID`=69925 AND `Idx1`=12 AND `Idx2`=7) OR (`QuestID`=69925 AND `Idx1`=12 AND `Idx2`=6) OR (`QuestID`=69925 AND `Idx1`=12 AND `Idx2`=5) OR (`QuestID`=69925 AND `Idx1`=12 AND `Idx2`=4) OR (`QuestID`=69925 AND `Idx1`=12 AND `Idx2`=3) OR (`QuestID`=69925 AND `Idx1`=12 AND `Idx2`=2) OR (`QuestID`=69925 AND `Idx1`=12 AND `Idx2`=1) OR (`QuestID`=69925 AND `Idx1`=12 AND `Idx2`=0) OR (`QuestID`=69925 AND `Idx1`=11 AND `Idx2`=11) OR (`QuestID`=69925 AND `Idx1`=11 AND `Idx2`=10) OR (`QuestID`=69925 AND `Idx1`=11 AND `Idx2`=9) OR (`QuestID`=69925 AND `Idx1`=11 AND `Idx2`=8) OR (`QuestID`=69925 AND `Idx1`=11 AND `Idx2`=7) OR (`QuestID`=69925 AND `Idx1`=11 AND `Idx2`=6) OR (`QuestID`=69925 AND `Idx1`=11 AND `Idx2`=5) OR (`QuestID`=69925 AND `Idx1`=11 AND `Idx2`=4) OR (`QuestID`=69925 AND `Idx1`=11 AND `Idx2`=3) OR (`QuestID`=69925 AND `Idx1`=11 AND `Idx2`=2) OR (`QuestID`=69925 AND `Idx1`=11 AND `Idx2`=1) OR (`QuestID`=69925 AND `Idx1`=11 AND `Idx2`=0) OR (`QuestID`=69925 AND `Idx1`=10 AND `Idx2`=11) OR (`QuestID`=69925 AND `Idx1`=10 AND `Idx2`=10) OR (`QuestID`=69925 AND `Idx1`=10 AND `Idx2`=9) OR (`QuestID`=69925 AND `Idx1`=10 AND `Idx2`=8) OR (`QuestID`=69925 AND `Idx1`=10 AND `Idx2`=7) OR (`QuestID`=69925 AND `Idx1`=10 AND `Idx2`=6) OR (`QuestID`=69925 AND `Idx1`=10 AND `Idx2`=5) OR (`QuestID`=69925 AND `Idx1`=10 AND `Idx2`=4) OR (`QuestID`=69925 AND `Idx1`=10 AND `Idx2`=3) OR (`QuestID`=69925 AND `Idx1`=10 AND `Idx2`=2) OR (`QuestID`=69925 AND `Idx1`=10 AND `Idx2`=1) OR (`QuestID`=69925 AND `Idx1`=10 AND `Idx2`=0) OR (`QuestID`=69925 AND `Idx1`=9 AND `Idx2`=11) OR (`QuestID`=69925 AND `Idx1`=9 AND `Idx2`=10) OR (`QuestID`=69925 AND `Idx1`=9 AND `Idx2`=9) OR (`QuestID`=69925 AND `Idx1`=9 AND `Idx2`=8) OR (`QuestID`=69925 AND `Idx1`=9 AND `Idx2`=7) OR (`QuestID`=69925 AND `Idx1`=9 AND `Idx2`=6) OR (`QuestID`=69925 AND `Idx1`=9 AND `Idx2`=5) OR (`QuestID`=69925 AND `Idx1`=9 AND `Idx2`=4) OR (`QuestID`=69925 AND `Idx1`=9 AND `Idx2`=3) OR (`QuestID`=69925 AND `Idx1`=9 AND `Idx2`=2) OR (`QuestID`=69925 AND `Idx1`=9 AND `Idx2`=1) OR (`QuestID`=69925 AND `Idx1`=9 AND `Idx2`=0) OR (`QuestID`=69925 AND `Idx1`=8 AND `Idx2`=11) OR (`QuestID`=69925 AND `Idx1`=8 AND `Idx2`=10) OR (`QuestID`=69925 AND `Idx1`=8 AND `Idx2`=9) OR (`QuestID`=69925 AND `Idx1`=8 AND `Idx2`=8) OR (`QuestID`=69925 AND `Idx1`=8 AND `Idx2`=7) OR (`QuestID`=69925 AND `Idx1`=8 AND `Idx2`=6) OR (`QuestID`=69925 AND `Idx1`=8 AND `Idx2`=5) OR (`QuestID`=69925 AND `Idx1`=8 AND `Idx2`=4) OR (`QuestID`=69925 AND `Idx1`=8 AND `Idx2`=3) OR (`QuestID`=69925 AND `Idx1`=8 AND `Idx2`=2) OR (`QuestID`=69925 AND `Idx1`=8 AND `Idx2`=1) OR (`QuestID`=69925 AND `Idx1`=8 AND `Idx2`=0) OR (`QuestID`=69925 AND `Idx1`=7 AND `Idx2`=11) OR (`QuestID`=69925 AND `Idx1`=7 AND `Idx2`=10) OR (`QuestID`=69925 AND `Idx1`=7 AND `Idx2`=9) OR (`QuestID`=69925 AND `Idx1`=7 AND `Idx2`=8) OR (`QuestID`=69925 AND `Idx1`=7 AND `Idx2`=7) OR (`QuestID`=69925 AND `Idx1`=7 AND `Idx2`=6) OR (`QuestID`=69925 AND `Idx1`=7 AND `Idx2`=5) OR (`QuestID`=69925 AND `Idx1`=7 AND `Idx2`=4) OR (`QuestID`=69925 AND `Idx1`=7 AND `Idx2`=3) OR (`QuestID`=69925 AND `Idx1`=7 AND `Idx2`=2) OR (`QuestID`=69925 AND `Idx1`=7 AND `Idx2`=1) OR (`QuestID`=69925 AND `Idx1`=7 AND `Idx2`=0) OR (`QuestID`=69925 AND `Idx1`=6 AND `Idx2`=11) OR (`QuestID`=69925 AND `Idx1`=6 AND `Idx2`=10) OR (`QuestID`=69925 AND `Idx1`=6 AND `Idx2`=9) OR (`QuestID`=69925 AND `Idx1`=6 AND `Idx2`=8) OR (`QuestID`=69925 AND `Idx1`=6 AND `Idx2`=7) OR (`QuestID`=69925 AND `Idx1`=6 AND `Idx2`=6) OR (`QuestID`=69925 AND `Idx1`=6 AND `Idx2`=5) OR (`QuestID`=69925 AND `Idx1`=6 AND `Idx2`=4) OR (`QuestID`=69925 AND `Idx1`=6 AND `Idx2`=3) OR (`QuestID`=69925 AND `Idx1`=6 AND `Idx2`=2) OR (`QuestID`=69925 AND `Idx1`=6 AND `Idx2`=1) OR (`QuestID`=69925 AND `Idx1`=6 AND `Idx2`=0) OR (`QuestID`=69925 AND `Idx1`=5 AND `Idx2`=11) OR (`QuestID`=69925 AND `Idx1`=5 AND `Idx2`=10) OR (`QuestID`=69925 AND `Idx1`=5 AND `Idx2`=9) OR (`QuestID`=69925 AND `Idx1`=5 AND `Idx2`=8) OR (`QuestID`=69925 AND `Idx1`=5 AND `Idx2`=7) OR (`QuestID`=69925 AND `Idx1`=5 AND `Idx2`=6) OR (`QuestID`=69925 AND `Idx1`=5 AND `Idx2`=5) OR (`QuestID`=69925 AND `Idx1`=5 AND `Idx2`=4) OR (`QuestID`=69925 AND `Idx1`=5 AND `Idx2`=3) OR (`QuestID`=69925 AND `Idx1`=5 AND `Idx2`=2) OR (`QuestID`=69925 AND `Idx1`=5 AND `Idx2`=1) OR (`QuestID`=69925 AND `Idx1`=5 AND `Idx2`=0) OR (`QuestID`=69925 AND `Idx1`=4 AND `Idx2`=11) OR (`QuestID`=69925 AND `Idx1`=4 AND `Idx2`=10) OR (`QuestID`=69925 AND `Idx1`=4 AND `Idx2`=9) OR (`QuestID`=69925 AND `Idx1`=4 AND `Idx2`=8) OR (`QuestID`=69925 AND `Idx1`=4 AND `Idx2`=7) OR (`QuestID`=69925 AND `Idx1`=4 AND `Idx2`=6) OR (`QuestID`=69925 AND `Idx1`=4 AND `Idx2`=5) OR (`QuestID`=69925 AND `Idx1`=4 AND `Idx2`=4) OR (`QuestID`=69925 AND `Idx1`=4 AND `Idx2`=3) OR (`QuestID`=69925 AND `Idx1`=4 AND `Idx2`=2) OR (`QuestID`=69925 AND `Idx1`=4 AND `Idx2`=1) OR (`QuestID`=69925 AND `Idx1`=4 AND `Idx2`=0) OR (`QuestID`=69925 AND `Idx1`=3 AND `Idx2`=11) OR (`QuestID`=69925 AND `Idx1`=3 AND `Idx2`=10) OR (`QuestID`=69925 AND `Idx1`=3 AND `Idx2`=9) OR (`QuestID`=69925 AND `Idx1`=3 AND `Idx2`=8) OR (`QuestID`=69925 AND `Idx1`=3 AND `Idx2`=7) OR (`QuestID`=69925 AND `Idx1`=3 AND `Idx2`=6) OR (`QuestID`=69925 AND `Idx1`=3 AND `Idx2`=5) OR (`QuestID`=69925 AND `Idx1`=3 AND `Idx2`=4) OR (`QuestID`=69925 AND `Idx1`=3 AND `Idx2`=3) OR (`QuestID`=69925 AND `Idx1`=3 AND `Idx2`=2) OR (`QuestID`=69925 AND `Idx1`=3 AND `Idx2`=1) OR (`QuestID`=69925 AND `Idx1`=3 AND `Idx2`=0) OR (`QuestID`=69925 AND `Idx1`=2 AND `Idx2`=11) OR (`QuestID`=69925 AND `Idx1`=2 AND `Idx2`=10) OR (`QuestID`=69925 AND `Idx1`=2 AND `Idx2`=9) OR (`QuestID`=69925 AND `Idx1`=2 AND `Idx2`=8) OR (`QuestID`=69925 AND `Idx1`=2 AND `Idx2`=7) OR (`QuestID`=69925 AND `Idx1`=2 AND `Idx2`=6) OR (`QuestID`=69925 AND `Idx1`=2 AND `Idx2`=5) OR (`QuestID`=69925 AND `Idx1`=2 AND `Idx2`=4) OR (`QuestID`=69925 AND `Idx1`=2 AND `Idx2`=3) OR (`QuestID`=69925 AND `Idx1`=2 AND `Idx2`=2) OR (`QuestID`=69925 AND `Idx1`=2 AND `Idx2`=1) OR (`QuestID`=69925 AND `Idx1`=2 AND `Idx2`=0) OR (`QuestID`=69925 AND `Idx1`=1 AND `Idx2`=11) OR (`QuestID`=69925 AND `Idx1`=1 AND `Idx2`=10) OR (`QuestID`=69925 AND `Idx1`=1 AND `Idx2`=9) OR (`QuestID`=69925 AND `Idx1`=1 AND `Idx2`=8) OR (`QuestID`=69925 AND `Idx1`=1 AND `Idx2`=7) OR (`QuestID`=69925 AND `Idx1`=1 AND `Idx2`=6) OR (`QuestID`=69925 AND `Idx1`=1 AND `Idx2`=5) OR (`QuestID`=69925 AND `Idx1`=1 AND `Idx2`=4) OR (`QuestID`=69925 AND `Idx1`=1 AND `Idx2`=3) OR (`QuestID`=69925 AND `Idx1`=1 AND `Idx2`=2) OR (`QuestID`=69925 AND `Idx1`=1 AND `Idx2`=1) OR (`QuestID`=69925 AND `Idx1`=1 AND `Idx2`=0) OR (`QuestID`=69925 AND `Idx1`=0 AND `Idx2`=0) OR (`QuestID`=66586 AND `Idx1`=3 AND `Idx2`=0) OR (`QuestID`=66586 AND `Idx1`=2 AND `Idx2`=0) OR (`QuestID`=66586 AND `Idx1`=1 AND `Idx2`=0) OR (`QuestID`=66586 AND `Idx1`=0 AND `Idx2`=0) OR (`QuestID`=66042 AND `Idx1`=2 AND `Idx2`=0) OR (`QuestID`=66042 AND `Idx1`=1 AND `Idx2`=0) OR (`QuestID`=66042 AND `Idx1`=0 AND `Idx2`=0) OR (`QuestID`=57249 AND `Idx1`=2 AND `Idx2`=0) OR (`QuestID`=57249 AND `Idx1`=1 AND `Idx2`=0) OR (`QuestID`=57249 AND `Idx1`=0 AND `Idx2`=0) OR (`QuestID`=53435 AND `Idx1`=1 AND `Idx2`=0) OR (`QuestID`=53435 AND `Idx1`=0 AND `Idx2`=0);

DELETE FROM `quest_greeting` WHERE (`Type`=0 AND `ID` IN (194772,186640));
INSERT INTO `quest_greeting` (`ID`, `Type`, `GreetEmoteType`, `GreetEmoteDelay`, `Greeting`, `VerifiedBuild`) VALUES
(194772, 0, 0, 0, 'These giants might be the dragons\' ancient enemies... but they don\'t stand a chance against the likes of me.', 46801), -- 194772
(186640, 0, 0, 0, 'These giants might be the dragons\' ancient enemies... but they don\'t stand a chance against the likes of me.', 46801); -- 186640


DELETE FROM `quest_details` WHERE `ID` IN (66000 /*-Unknown-*/, 65999 /*-Unknown-*/, 65998 /*-Unknown-*/, 65997 /*-Unknown-*/, 66998 /*-Unknown-*/, 65996 /*-Unknown-*/, 65995 /*-Unknown-*/, 65993 /*-Unknown-*/, 65992 /*-Unknown-*/, 66196 /*-Unknown-*/, 66106 /*-Unknown-*/, 66108 /*-Unknown-*/, 66104 /*-Unknown-*/, 66107 /*-Unknown-*/, 66105 /*-Unknown-*/, 72122 /*-Unknown-*/, 65991 /*-Unknown-*/, 65990 /*-Unknown-*/, 65989 /*-Unknown-*/, 65760 /*-Unknown-*/, 69914 /*-Unknown-*/, 69912 /*-Unknown-*/, 66112 /*-Unknown-*/, 69965 /*-Unknown-*/, 66111 /*-Unknown-*/, 66101 /*-Unknown-*/, 66110 /*-Unknown-*/, 69911 /*-Unknown-*/, 72709 /*-Unknown-*/, 69910 /*-Unknown-*/, 72708 /*-Unknown-*/, 65451 /*-Unknown-*/, 65453 /*-Unknown-*/, 65452 /*-Unknown-*/, 65444 /*-Unknown-*/, 70198 /*-Unknown-*/);
INSERT INTO `quest_details` (`ID`, `Emote1`, `Emote2`, `Emote3`, `Emote4`, `EmoteDelay1`, `EmoteDelay2`, `EmoteDelay3`, `EmoteDelay4`, `VerifiedBuild`) VALUES
(66000, 1, 0, 0, 0, 0, 0, 0, 0, 46801), -- -Unknown-
(65999, 1, 0, 0, 0, 0, 0, 0, 0, 46801), -- -Unknown-
(65998, 1, 0, 0, 0, 0, 0, 0, 0, 46801), -- -Unknown-
(65997, 1, 0, 0, 0, 0, 0, 0, 0, 46801), -- -Unknown-
(66998, 1, 0, 0, 0, 0, 0, 0, 0, 46801), -- -Unknown-
(65996, 1, 0, 0, 0, 0, 0, 0, 0, 46801), -- -Unknown-
(65995, 1, 0, 0, 0, 0, 0, 0, 0, 46801), -- -Unknown-
(65993, 1, 0, 0, 0, 0, 0, 0, 0, 46801), -- -Unknown-
(65992, 1, 0, 0, 0, 0, 0, 0, 0, 46801), -- -Unknown-
(66196, 0, 0, 0, 0, 0, 0, 0, 0, 46801), -- -Unknown-
(66106, 22, 0, 0, 0, 0, 0, 0, 0, 46801), -- -Unknown-
(66108, 273, 0, 0, 0, 0, 0, 0, 0, 46801), -- -Unknown-
(66104, 0, 0, 0, 0, 0, 0, 0, 0, 46801), -- -Unknown-
(66107, 22, 0, 0, 0, 0, 0, 0, 0, 46801), -- -Unknown-
(66105, 0, 0, 0, 0, 0, 0, 0, 0, 46801), -- -Unknown-
(72122, 1, 0, 0, 0, 0, 0, 0, 0, 46801), -- -Unknown-
(65991, 1, 0, 0, 0, 0, 0, 0, 0, 46801), -- -Unknown-
(65990, 1, 0, 0, 0, 0, 0, 0, 0, 46801), -- -Unknown-
(65989, 1, 0, 0, 0, 0, 0, 0, 0, 46801), -- -Unknown-
(65760, 1, 0, 0, 0, 0, 0, 0, 0, 46801), -- -Unknown-
(69914, 1, 1, 0, 0, 0, 1000, 0, 0, 46801), -- -Unknown-
(69912, 1, 1, 0, 0, 0, 1000, 0, 0, 46801), -- -Unknown-
(66112, 1, 4, 1, 0, 0, 0, 0, 0, 46801), -- -Unknown-
(69965, 1, 1, 0, 0, 0, 0, 0, 0, 46801), -- -Unknown-
(66111, 669, 0, 0, 0, 0, 0, 0, 0, 46801), -- -Unknown-
(66101, 1, 0, 0, 0, 0, 0, 0, 0, 46801), -- -Unknown-
(66110, 396, 25, 0, 0, 0, 0, 0, 0, 46801), -- -Unknown-
(69911, 1, 0, 0, 0, 0, 0, 0, 0, 46801), -- -Unknown-
(72709, 0, 0, 0, 0, 0, 0, 0, 0, 46801), -- -Unknown-
(69910, 1, 0, 0, 0, 0, 0, 0, 0, 46801), -- -Unknown-
(72708, 0, 0, 0, 0, 0, 0, 0, 0, 46801), -- -Unknown-
(65451, 1, 1, 0, 0, 0, 1000, 0, 0, 46801), -- -Unknown-
(65453, 1, 1, 0, 0, 0, 1000, 0, 0, 46801), -- -Unknown-
(65452, 1, 1, 0, 0, 0, 1000, 0, 0, 46801), -- -Unknown-
(65444, 1, 6, 0, 0, 0, 2000, 0, 0, 46801), -- -Unknown-
(70198, 0, 0, 0, 0, 0, 0, 0, 0, 46801); -- -Unknown-


DELETE FROM `quest_request_items` WHERE `ID` IN (66112 /*-Unknown-*/, 66106 /*-Unknown-*/, 65451 /*-Unknown-*/);
INSERT INTO `quest_request_items` (`ID`, `EmoteOnComplete`, `EmoteOnIncomplete`, `EmoteOnCompleteDelay`, `EmoteOnIncompleteDelay`, `CompletionText`, `VerifiedBuild`) VALUES
(66112, 6, 0, 0, 0, 'I\'m gonna build a grand helmet first... No, a hammer... No, a BIG hammer!', 0), -- -Unknown-
(66106, 0, 0, 0, 0, 'That ought to show them.', 0), -- -Unknown-
(65451, 6, 0, 0, 0, 'Have you got the scales yet? The alchemists are getting antsy, and that always makes me nervous.', 0); -- -Unknown-


DELETE FROM `creature_queststarter` WHERE (`id`=187406 AND `quest` IN (65999,65998)) OR (`id`=190155 AND `quest`=65997) OR (`id`=188297 AND `quest`=66998) OR (`id`=186767 AND `quest`=65996) OR (`id`=186640 AND `quest` IN (65993,65992)) OR (`id`=187439 AND `quest`=66196) OR (`id`=186428 AND `quest` IN (66106,66107)) OR (`id`=186410 AND `quest` IN (66108,66104,66105)) OR (`id`=195303 AND `quest`=72122) OR (`id`=186584 AND `quest` IN (65991,65990,65989)) OR (`id`=193363 AND `quest`=65760) OR (`id`=193372 AND `quest`=69914) OR (`id`=193362 AND `quest` IN (69912,69911)) OR (`id`=187261 AND `quest`=66112) OR (`id`=192438 AND `quest`=69965) OR (`id`=184449 AND `quest`=66111) OR (`id`=187257 AND `quest`=66101) OR (`id`=184452 AND `quest`=66110) OR (`id`=198846 AND `quest`=72709) OR (`id`=184870 AND `quest`=69910) OR (`id`=184844 AND `quest`=65451) OR (`id`=184859 AND `quest`=65453) OR (`id`=184841 AND `quest`=65452) OR (`id`=197279 AND `quest`=65444);
INSERT INTO `creature_queststarter` (`id`, `quest`, `VerifiedBuild`) VALUES
(187406, 65999, 46801), -- -Unknown- offered Sendrax
(187406, 65998, 46801), -- -Unknown- offered Sendrax
(190155, 65997, 46801), -- -Unknown- offered Caretaker Azkra
(188297, 66998, 46801), -- -Unknown- offered Caretaker Ventraz
(186767, 65996, 46801), -- -Unknown- offered Majordomo Selistra
(186640, 65993, 46801), -- -Unknown- offered Wrathion
(186640, 65992, 46801), -- -Unknown- offered Wrathion
(187439, 66196, 46801), -- -Unknown- offered Bubbled Duckling
(186428, 66106, 46801), -- -Unknown- offered Ecologist Tharu
(186410, 66108, 46801), -- -Unknown- offered Ecologist Iskha
(186410, 66104, 46801), -- -Unknown- offered Ecologist Iskha
(186428, 66107, 46801), -- -Unknown- offered Ecologist Tharu
(186410, 66105, 46801), -- -Unknown- offered Ecologist Iskha
(195303, 72122, 46801), -- -Unknown- offered Mender Eskros
(186584, 65991, 46801), -- -Unknown- offered Commander Lethanak
(186584, 65990, 46801), -- -Unknown- offered Commander Lethanak
(186584, 65989, 46801), -- -Unknown- offered Commander Lethanak
(193363, 65760, 46801), -- -Unknown- offered Sendrax
(193372, 69914, 46801), -- -Unknown- offered Majordomo Selistra
(193362, 69912, 46801), -- -Unknown- offered Sendrax
(187261, 66112, 46801), -- -Unknown- offered Grun Ashbeard
(192438, 69965, 46801), -- -Unknown- offered Haephesta
(184449, 66111, 46801), -- -Unknown- offered Captain Garrick
(187257, 66101, 46801), -- -Unknown- offered Aster Cloudgaze
(184452, 66110, 46801), -- -Unknown- offered Warlord Breka Grimaxe
(193362, 69911, 46801), -- -Unknown- offered Sendrax
(198846, 72709, 46801), -- -Unknown- offered Cataloger Jakes
(184870, 69910, 46801), -- -Unknown- offered Naleidea Rivergleam
(184844, 65451, 46801), -- -Unknown- offered Boss Magor
(184859, 65453, 46801), -- -Unknown- offered Scalecommander Cindrethresh
(184841, 65452, 46801), -- -Unknown- offered Naleidea Rivergleam
(197279, 65444, 46801); -- -Unknown- offered Naleidea Rivergleam


DELETE FROM `creature_questender` WHERE (`id`=187406 AND `quest`=65997) OR (`id`=190155 AND `quest`=65996) OR (`id`=188297 AND `quest`=66998) OR (`id`=194772 AND `quest` IN (65995,65993,65992)) OR (`id`=186640 AND `quest`=65991) OR (`id`=186428 AND `quest` IN (66196,66106,66107)) OR (`id`=186410 AND `quest` IN (66108,66104,66105,72122)) OR (`id`=186584 AND `quest` IN (65990,65989,65760)) OR (`id`=193363 AND `quest`=69914) OR (`id`=193371 AND `quest`=69912) OR (`id`=193362 AND `quest` IN (69911,69910)) OR (`id`=184449 AND `quest` IN (66111,66110)) OR (`id`=187261 AND `quest`=66112) OR (`id`=192438 AND `quest`=69965) OR (`id`=192048 AND `quest`=70362) OR (`id`=198094 AND `quest`=72250) OR (`id`=187257 AND `quest`=66101) OR (`id`=187236 AND `quest`=65451) OR (`id`=187235 AND `quest`=65453) OR (`id`=198846 AND `quest` IN (72709,72708)) OR (`id`=184870 AND `quest`=65452) OR (`id`=190524 AND `quest`=72253) OR (`id`=184841 AND `quest`=65444) OR (`id`=197279 AND `quest`=70198);
INSERT INTO `creature_questender` (`id`, `quest`, `VerifiedBuild`) VALUES
(187406, 65997, 46801), -- -Unknown- ended by Sendrax
(190155, 65996, 46801), -- -Unknown- ended by Caretaker Azkra
(188297, 66998, 46801), -- -Unknown- ended by Caretaker Ventraz
(194772, 65995, 46801), -- -Unknown- ended by Wrathion
(194772, 65993, 46801), -- -Unknown- ended by Wrathion
(194772, 65992, 46801), -- -Unknown- ended by Wrathion
(186640, 65991, 46801), -- -Unknown- ended by Wrathion
(186428, 66196, 46801), -- -Unknown- ended by Ecologist Tharu
(186428, 66106, 46801), -- -Unknown- ended by Ecologist Tharu
(186410, 66108, 46801), -- -Unknown- ended by Ecologist Iskha
(186410, 66104, 46801), -- -Unknown- ended by Ecologist Iskha
(186410, 66105, 46801), -- -Unknown- ended by Ecologist Iskha
(186428, 66107, 46801), -- -Unknown- ended by Ecologist Tharu
(186410, 72122, 46801), -- -Unknown- ended by Ecologist Iskha
(186584, 65990, 46801), -- -Unknown- ended by Commander Lethanak
(186584, 65989, 46801), -- -Unknown- ended by Commander Lethanak
(186584, 65760, 46801), -- -Unknown- ended by Commander Lethanak
(193363, 69914, 46801), -- -Unknown- ended by Sendrax
(193371, 69912, 46801), -- -Unknown- ended by Wrathion
(193362, 69911, 46801), -- -Unknown- ended by Sendrax
(184449, 66111, 46801), -- -Unknown- ended by Captain Garrick
(187261, 66112, 46801), -- -Unknown- ended by Grun Ashbeard
(192438, 69965, 46801), -- -Unknown- ended by Haephesta
(192048, 70362, 46801), -- -Unknown- ended by Deirdre Flemmin
(198094, 72250, 46801), -- -Unknown- ended by Head Chef Stacks
(184449, 66110, 46801), -- -Unknown- ended by Captain Garrick
(187257, 66101, 46801), -- -Unknown- ended by Aster Cloudgaze
(187236, 65451, 46801), -- -Unknown- ended by Boss Magor
(187235, 65453, 46801), -- -Unknown- ended by Scalecommander Cindrethresh
(193362, 69910, 46801), -- -Unknown- ended by Sendrax
(198846, 72709, 46801), -- -Unknown- ended by Cataloger Jakes
(198846, 72708, 46801), -- -Unknown- ended by Cataloger Jakes
(184870, 65452, 46801), -- -Unknown- ended by Naleidea Rivergleam
(190524, 72253, 46801), -- -Unknown- ended by Mora Cloudwalker
(184841, 65444, 46801), -- -Unknown- ended by Naleidea Rivergleam
(197279, 70198, 46801); -- -Unknown- ended by Naleidea Rivergleam


DELETE FROM `gameobject_queststarter` WHERE (`id`=377499 AND `quest`=66000);
INSERT INTO `gameobject_queststarter` (`id`, `quest`, `VerifiedBuild`) VALUES
(377499, 66000, 46801); -- -Unknown- offered by On the Origin of Draconic Species


DELETE FROM `creature_template_scaling` WHERE (`DifficultyID`=0 AND `Entry` IN (190013,190171,191886,186823,186829,188667,191904,198619,194820,188372,190080,186833,195915,188666,187406,186825,186836,195917,192181,192182,186834,191625,191817,190211,194525,190155,194517,199439,191797,188698,190151,188699,191792,191975,191917,192054,191677,191517,192136,191983,188297,190093,191945,191944,190771,186697,193925,193926,186767,194772,191678,194941,193923,190563,192341,186727,186683,192135,186724,191899,191898,190564,191902,186682,186573,186777,188299,187043,186728,191901,197869,186570,194804,192134,194222,191611,191513,197260,195678,194693,191136,191509,192138,186800,191672,191819,195672,186640,194774,186792,180705,186965,191798,191647,191903,191645,191446,191628,191629,190766,191637,186687,190767,189064,184853,190600,188860,187439,187432,188205,187543,187414,187410,188859,187433,187431,189984,187883,187882,189983,189757,190193,187542,187971,190133,187263,187320,189737,190249,193217,189992,188266,189756,187493,187468,180673,187462,189703,189619,187494,189688,189659,189613,186410,192095,187620,195309,191639,191620,191618,195853,189122,191616,191624,191615,190301,186576,191812,194231,187467,186684,188296,192059,191833,191475,194129,195037,190144,189307,195032,186593,191809,186577,187442,186584,195303,191721,186582,198618,194972,194235,193023,195174,199414,191818,191553,191554,191807,194126,194127,193371,193372,193365,193363,193366,195577,193876,191830,194526,192274,193001,188267,186428,192266,193671,187322,192137,189801,189798,193712,193000,193026,187326,25212,187321,193024,198392,198095,198094,192227,198380,191946,193915,192490,193914,192438,193928,193393,192210,192407,187257,194238,192558,190577,190571,192048,192207,187261,192565,193838,192563,192055,198846,198398,185773,184450,184449,189058,189061,193913,190535,185774,193858,189062,189063,189060,198848,189059,192549,187194,25110,193707,187251,184452,194236,187252,184451,187135,197285,193362,187125,187123,187121,187253,193917,194695,198622,189093,192103,184867,187151,189094,197503,187254,187111,184851,198608,194982,187255,27893,187157,192104,190565,188028,195241,194681,184855,187235,187234,187236,187229,184870,187143,187120,193806,195502,195597,195242,195260,187061,184862,187403,188057,193811,184859,184842,184841,184845,184844,184856,195884,191148,190524,192153,192143,193816,192142,188027,190526,187062,191060,190532,190516,184861,195639,187140,192149,192132,192148,184857,196954,198299,190587,190056,184869,192151,195796,195795,189333,189351,189350,189347,189346,194576,194116,194065,189609,194582,194581,194050,194563,194569,194361,194583,194561,194073,198368,198367,194056,194055,194577,194115,198750,184286,184807,198096));
INSERT INTO `creature_template_scaling` (`Entry`, `DifficultyID`, `LevelScalingDeltaMin`, `LevelScalingDeltaMax`, `ContentTuningID`, `VerifiedBuild`) VALUES
(190013, 0, 0, 0, 2285, 46801),
(190171, 0, 0, 0, 2285, 46801),
(191886, 0, 0, 0, 2285, 46801),
(186823, 0, 0, 0, 2285, 46801),
(186829, 0, 0, 0, 2285, 46801),
(188667, 0, 0, 0, 2285, 46801),
(191904, 0, 0, 0, 2078, 46801),
(198619, 0, 0, 0, 2078, 46801),
(194820, 0, 0, 0, 2078, 46801),
(188372, 0, 0, 0, 2285, 46801),
(190080, 0, 0, 0, 2285, 46801),
(186833, 0, 0, 0, 2285, 46801),
(195915, 0, 1, 1, 2285, 46801),
(188666, 0, 0, 0, 2285, 46801),
(187406, 0, 0, 0, 2285, 46801),
(186825, 0, 0, 0, 2285, 46801),
(186836, 0, 0, 0, 2285, 46801),
(195917, 0, 0, 0, 2285, 46801),
(192181, 0, 0, 0, 2151, 46801),
(192182, 0, 0, 0, 2151, 46801),
(186834, 0, 0, 0, 2285, 46801),
(191625, 0, 0, 0, 2151, 46801),
(191817, 0, 0, 0, 81, 46801),
(190211, 0, 0, 0, 2285, 46801),
(194525, 0, 0, 0, 2285, 46801),
(190155, 0, 0, 0, 2285, 46801),
(194517, 0, 0, 0, 2272, 46801),
(199439, 0, 0, 0, 882, 46801),
(191797, 0, 0, 0, 81, 46801),
(188698, 0, 0, 0, 2306, 46801),
(190151, 0, 0, 0, 2151, 46801),
(188699, 0, 0, 0, 2306, 46801),
(191792, 0, 0, 0, 81, 46801),
(191975, 0, 0, 0, 2444, 46801),
(191917, 0, 0, 0, 2444, 46801),
(192054, 0, 0, 0, 2444, 46801),
(191677, 0, 0, 0, 2297, 46801),
(191517, 0, 0, 0, 2151, 46801),
(192136, 0, 0, 0, 81, 46801),
(191983, 0, 0, 0, 2151, 46801),
(188297, 0, 0, 0, 2151, 46801),
(190093, 0, 0, 0, 2151, 46801),
(191945, 0, 0, 0, 2151, 46801),
(191944, 0, 0, 0, 2444, 46801),
(190771, 0, 0, 0, 2297, 46801),
(186697, 0, 0, 0, 2151, 46801),
(193925, 0, 0, 0, 2151, 46801),
(193926, 0, 0, 0, 2151, 46801),
(186767, 0, 0, 0, 2151, 46801),
(194772, 0, 0, 0, 2151, 46801),
(191678, 0, 0, 0, 2151, 46801),
(194941, 0, 0, 0, 2297, 46801),
(193923, 0, 0, 0, 2151, 46801),
(190563, 0, 0, 0, 2078, 46801),
(192341, 0, 0, 0, 2536, 46801),
(186727, 0, 0, 0, 2536, 46801),
(186683, 0, 0, 0, 2297, 46801),
(192135, 0, 0, 0, 81, 46801),
(186724, 0, 0, 0, 2536, 46801),
(191899, 0, 0, 0, 2536, 46801),
(191898, 0, 0, 0, 2536, 46801),
(190564, 0, 0, 0, 2078, 46801),
(191902, 0, 0, 0, 2536, 46801),
(186682, 0, 0, 0, 2297, 46801),
(186573, 0, 0, 0, 2297, 46801),
(186777, 0, 0, 0, 2297, 46801),
(188299, 0, 0, 0, 2297, 46801),
(187043, 0, 0, 0, 2297, 46801),
(186728, 0, 0, 0, 2536, 46801),
(191901, 0, 0, 0, 2536, 46801),
(197869, 0, 0, 0, 2153, 46801),
(186570, 0, 0, 0, 2151, 46801),
(194804, 0, 0, 0, 2437, 46801),
(192134, 0, 0, 0, 81, 46801),
(194222, 0, 0, 0, 2297, 46801),
(191611, 0, 0, 0, 2297, 46801),
(191513, 0, 0, 0, 2536, 46801),
(197260, 0, 0, 0, 2297, 46801),
(195678, 0, 0, 0, 2437, 46801),
(194693, 0, 0, 0, 2151, 46801),
(191136, 0, 0, 0, 2297, 46801),
(191509, 0, 0, 0, 2151, 46801),
(192138, 0, 0, 0, 81, 46801),
(186800, 0, 0, 0, 2151, 46801),
(191672, 0, 0, 0, 2151, 46801),
(191819, 0, 0, 0, 81, 46801),
(195672, 0, 0, 0, 2297, 46801),
(186640, 0, 0, 0, 2151, 46801),
(194774, 0, 0, 0, 2151, 46801),
(186792, 0, 0, 0, 2297, 46801),
(180705, 0, 0, 0, 2297, 46801),
(186965, 0, 0, 0, 2523, 46801),
(191798, 0, 0, 0, 81, 46801),
(191647, 0, 0, 0, 2151, 46801),
(191903, 0, 0, 0, 2297, 46801),
(191645, 0, 0, 0, 2151, 46801),
(191446, 0, 0, 0, 2297, 46801),
(191628, 0, 0, 0, 2151, 46801),
(191629, 0, 0, 0, 2151, 46801),
(190766, 0, 0, 0, 2297, 46801),
(191637, 0, 0, 0, 2151, 46801),
(186687, 0, 0, 0, 2151, 46801),
(190767, 0, 0, 0, 2297, 46801),
(189064, 0, 0, 0, 81, 46801),
(184853, 0, 0, 0, 2307, 46801),
(190600, 0, 0, 0, 81, 46801),
(188860, 0, 0, 0, 2294, 46801),
(187439, 0, 0, 0, 81, 46801),
(187432, 0, 0, 0, 2294, 46801),
(188205, 0, 0, 0, 2078, 46801),
(187543, 0, 0, 0, 2294, 46801),
(187414, 0, 0, 0, 2294, 46801),
(187410, 0, 0, 0, 2294, 46801),
(188859, 0, 0, 0, 2294, 46801),
(187433, 0, 0, 0, 2294, 46801),
(187431, 0, 0, 0, 2294, 46801),
(189984, 0, 0, 0, 81, 46801),
(187883, 0, 0, 0, 2294, 46801),
(187882, 0, 0, 0, 2294, 46801),
(189983, 0, 0, 0, 2294, 46801),
(189757, 0, 0, 0, 2294, 46801),
(190193, 0, 0, 0, 2294, 46801),
(187542, 0, 0, 0, 2294, 46801),
(187971, 0, 0, 0, 2294, 46801),
(190133, 0, 0, 0, 2294, 46801),
(187263, 0, 0, 0, 2294, 46801),
(187320, 0, 0, 0, 2294, 46801),
(189737, 0, 0, 0, 81, 46801),
(190249, 0, 0, 0, 2294, 46801),
(193217, 0, 1, 1, 2151, 46801),
(189992, 0, 0, 0, 2294, 46801),
(188266, 0, 0, 0, 2294, 46801),
(189756, 0, 0, 0, 2294, 46801),
(187493, 0, 0, 0, 2294, 46801),
(187468, 0, 0, 0, 2294, 46801),
(180673, 0, 0, 0, 2078, 46801),
(187462, 0, 0, 0, 2294, 46801),
(189703, 0, 0, 0, 81, 46801),
(189619, 0, 0, 0, 81, 46801),
(187494, 0, 0, 0, 2294, 46801),
(189688, 0, 0, 0, 2294, 46801),
(189659, 0, 0, 0, 2294, 46801),
(189613, 0, 0, 0, 2294, 46801),
(186410, 0, 0, 0, 2294, 46801),
(192095, 0, 0, 0, 371, 46801),
(187620, 0, 0, 0, 2294, 46801),
(195309, 0, 0, 0, 2276, 46801),
(191639, 0, 0, 0, 2151, 46801),
(191620, 0, 0, 0, 2151, 46801),
(191618, 0, 0, 0, 2151, 46801),
(195853, 0, 0, 0, 2297, 46801),
(189122, 0, 0, 0, 371, 46801),
(191616, 0, 0, 0, 2151, 46801),
(191624, 0, 0, 0, 2151, 46801),
(191615, 0, 0, 0, 2151, 46801),
(190301, 0, 0, 0, 2294, 46801),
(186576, 0, 0, 0, 2151, 46801),
(191812, 0, 0, 0, 81, 46801),
(194231, 0, 0, 0, 2276, 46801),
(187467, 0, 0, 0, 2294, 46801),
(186684, 0, 0, 0, 2297, 46801),
(188296, 0, 0, 0, 2276, 46801),
(192059, 0, 0, 0, 371, 46801),
(191833, 0, 0, 0, 2276, 46801),
(191475, 0, 0, 0, 2151, 46801),
(194129, 0, 0, 0, 2276, 46801),
(195037, 0, 0, 0, 2276, 46801),
(190144, 0, 0, 0, 2294, 46801),
(189307, 0, 0, 0, 81, 46801),
(195032, 0, 0, 0, 2276, 46801),
(186593, 0, 0, 0, 2151, 46801),
(191809, 0, 0, 0, 81, 46801),
(186577, 0, 0, 0, 2276, 46801),
(187442, 0, 0, 0, 2151, 46801),
(186584, 0, 0, 0, 2151, 46801),
(195303, 0, 0, 0, 2276, 46801),
(191721, 0, 0, 0, 2297, 46801),
(186582, 0, 0, 0, 2276, 46801),
(198618, 0, 0, 0, 2078, 46801),
(194972, 0, 0, 0, 2078, 46801),
(194235, 0, 0, 0, 2276, 46801),
(193023, 0, 0, 0, 2276, 46801),
(195174, 0, 0, 0, 2291, 46801),
(199414, 0, 0, 0, 81, 46801),
(191818, 0, 0, 0, 81, 46801),
(191553, 0, 0, 0, 2151, 46801),
(191554, 0, 0, 0, 2151, 46801),
(191807, 0, 0, 0, 2309, 46801),
(194126, 0, 0, 0, 2151, 46801),
(194127, 0, 0, 0, 2151, 46801),
(193371, 0, 0, 0, 2151, 46801),
(193372, 0, 0, 0, 2151, 46801),
(193365, 0, 0, 0, 2151, 46801),
(193363, 0, 0, 0, 2309, 46801),
(193366, 0, 0, 0, 2151, 46801),
(195577, 0, 0, 0, 2151, 46801),
(193876, 0, 0, 0, 2151, 46801),
(191830, 0, 0, 0, 2151, 46801),
(194526, 0, 0, 0, 2309, 46801),
(192274, 0, 0, 0, 2309, 46801),
(193001, 0, 0, 0, 371, 46801),
(188267, 0, 0, 0, 81, 46801),
(186428, 0, 0, 0, 2294, 46801),
(192266, 0, 0, 0, 2309, 46801),
(193671, 0, 0, 0, 2309, 46801),
(187322, 0, 0, 0, 2309, 46801),
(192137, 0, 0, 0, 81, 46801),
(189801, 0, 0, 0, 2078, 46801),
(189798, 0, 0, 0, 2078, 46801),
(193712, 0, 0, 0, 2309, 46801),
(193000, 0, 0, 0, 371, 46801),
(193026, 0, 0, 0, 371, 46801),
(187326, 0, 0, 0, 2309, 46801),
(25212, 0, 0, 0, 886, 46801),
(187321, 0, 0, 0, 2309, 46801),
(193024, 0, 0, 0, 371, 46801),
(198392, 0, 0, 0, 2151, 46801),
(198095, 0, 0, 0, 2309, 46801),
(198094, 0, 0, 0, 2309, 46801),
(192227, 0, 0, 0, 2309, 46801),
(198380, 0, 0, 0, 2151, 46801),
(191946, 0, 0, 0, 2151, 46801),
(193915, 0, 0, 0, 2309, 46801),
(192490, 0, 0, 0, 2309, 46801),
(193914, 0, 0, 0, 2309, 46801),
(192438, 0, 0, 0, 2309, 46801),
(193928, 0, 0, 0, 2151, 46801),
(193393, 0, 0, 0, 2309, 46801),
(192210, 0, 0, 0, 2309, 46801),
(192407, 0, 0, 0, 2151, 46801),
(187257, 0, 0, 0, 2309, 46801),
(194238, 0, 0, 0, 2309, 46801),
(192558, 0, 0, 0, 2309, 46801),
(190577, 0, 0, 0, 2309, 46801),
(190571, 0, 0, 0, 2309, 46801),
(192048, 0, 0, 0, 2309, 46801),
(192207, 0, 0, 0, 2309, 46801),
(187261, 0, 0, 0, 2309, 46801),
(192565, 0, 0, 0, 2309, 46801),
(193838, 0, 0, 0, 2309, 46801),
(192563, 0, 0, 0, 2309, 46801),
(192055, 0, 0, 0, 2309, 46801),
(198846, 0, 0, 0, 2309, 46801),
(198398, 0, 0, 0, 2151, 46801),
(185773, 0, 0, 0, 2309, 46801),
(184450, 0, 0, 0, 2309, 46801),
(184449, 0, 0, 0, 2309, 46801),
(189058, 0, 0, 0, 2151, 46801),
(189061, 0, 0, 0, 2309, 46801),
(193913, 0, 0, 0, 2309, 46801);

INSERT INTO `creature_template_scaling` (`Entry`, `DifficultyID`, `LevelScalingDeltaMin`, `LevelScalingDeltaMax`, `ContentTuningID`, `VerifiedBuild`) VALUES
(190535, 0, 0, 0, 2151, 46801),
(185774, 0, 0, 0, 2309, 46801),
(193858, 0, 0, 0, 2151, 46801),
(189062, 0, 0, 0, 2309, 46801),
(189063, 0, 0, 0, 2309, 46801),
(189060, 0, 0, 0, 2151, 46801),
(198848, 0, 0, 0, 2309, 46801),
(189059, 0, 0, 0, 2151, 46801),
(192549, 0, 0, 0, 2309, 46801),
(187194, 0, 0, 0, 2151, 46801),
(25110, 0, 0, 0, 371, 46801),
(193707, 0, 0, 0, 2309, 46801),
(187251, 0, 0, 0, 2151, 46801),
(184452, 0, 0, 0, 2309, 46801),
(194236, 0, 0, 0, 2309, 46801),
(187252, 0, 0, 0, 2151, 46801),
(184451, 0, 0, 0, 2309, 46801),
(187135, 0, 0, 0, 883, 46801),
(197285, 0, 0, 0, 2307, 46801),
(193362, 0, 0, 0, 2285, 46801),
(187125, 0, 0, 0, 2309, 46801),
(187123, 0, 0, 0, 883, 46801),
(187121, 0, 0, 0, 2309, 46801),
(187253, 0, 0, 0, 2309, 46801),
(193917, 0, 0, 0, 2309, 46801),
(194695, 0, 0, 0, 2078, 46801),
(198622, 0, 0, 0, 2078, 46801),
(189093, 0, 0, 0, 371, 46801),
(192103, 0, 0, 0, 371, 46801),
(184867, 0, 0, 0, 2151, 46801),
(187151, 0, 0, 0, 2151, 46801),
(189094, 0, 0, 0, 371, 46801),
(197503, 0, 0, 0, 2151, 46801),
(187254, 0, 0, 0, 2309, 46801),
(187111, 0, 0, 0, 2151, 46801),
(184851, 0, 0, 0, 2151, 46801),
(198608, 0, 0, 0, 2078, 46801),
(194982, 0, 0, 0, 2078, 46801),
(187255, 0, 0, 0, 2309, 46801),
(27893, 0, 0, 0, 482, 46801),
(187157, 0, 0, 0, 2151, 46801),
(192104, 0, 0, 0, 371, 46801),
(190565, 0, 0, 0, 2151, 46801),
(188028, 0, 0, 0, 2151, 46801),
(195241, 0, 0, 0, 2151, 46801),
(194681, 0, 0, 0, 2151, 46801),
(184855, 0, 0, 0, 2151, 46801),
(187235, 0, 0, 0, 2151, 46801),
(187234, 0, 0, 0, 2151, 46801),
(187236, 0, 0, 0, 2151, 46801),
(187229, 0, 0, 0, 2151, 46801),
(184870, 0, 0, 0, 2151, 46801),
(187143, 0, 0, 0, 2151, 46801),
(187120, 0, 0, 0, 2151, 46801),
(193806, 0, 0, 0, 2151, 46801),
(195502, 0, 0, 0, 371, 46801),
(195597, 0, 0, 0, 2151, 46801),
(195242, 0, 0, 0, 2151, 46801),
(195260, 0, 0, 0, 81, 46801),
(187061, 0, 0, 0, 883, 46801),
(184862, 0, 0, 0, 2151, 46801),
(187403, 0, 0, 0, 2151, 46801),
(188057, 0, 0, 0, 2151, 46801),
(193811, 0, 0, 0, 2151, 46801),
(184859, 0, 0, 0, 2151, 46801),
(184842, 0, 0, 0, 2151, 46801),
(184841, 0, 0, 0, 2151, 46801),
(184845, 0, 0, 0, 2151, 46801),
(184844, 0, 0, 0, 2151, 46801),
(184856, 0, 0, 0, 2307, 46801),
(195884, 0, 0, 0, 883, 46801),
(191148, 0, 0, 0, 2151, 46801),
(190524, 0, 0, 0, 2151, 46801),
(192153, 0, 0, 0, 81, 46801),
(192143, 0, 0, 0, 81, 46801),
(193816, 0, 0, 0, 2151, 46801),
(192142, 0, 0, 0, 2151, 46801),
(188027, 0, 0, 0, 2151, 46801),
(190526, 0, 0, 0, 2151, 46801),
(187062, 0, 0, 0, 883, 46801),
(191060, 0, 0, 0, 2307, 46801),
(190532, 0, 0, 0, 2151, 46801),
(190516, 0, 0, 0, 2151, 46801),
(184861, 0, 0, 0, 2151, 46801),
(195639, 0, 0, 0, 2151, 46801),
(187140, 0, 0, 0, 2307, 46801),
(192149, 0, 0, 0, 2151, 46801),
(192132, 0, 0, 0, 2151, 46801),
(192148, 0, 0, 0, 2151, 46801),
(184857, 0, 0, 0, 2151, 46801),
(196954, 0, 0, 0, 2151, 46801),
(198299, 0, 0, 0, 2151, 46801),
(190587, 0, 0, 0, 2078, 46801),
(190056, 0, 0, 0, 2151, 46801),
(184869, 0, 0, 0, 2151, 46801),
(192151, 0, 0, 0, 2151, 46801),
(195796, 0, 0, 0, 2151, 46801),
(195795, 0, 0, 0, 2078, 46801),
(189333, 0, 0, 0, 2151, 46801),
(189351, 0, 0, 0, 2151, 46801),
(189350, 0, 0, 0, 2151, 46801),
(189347, 0, 0, 0, 2151, 46801),
(189346, 0, 0, 0, 2151, 46801),
(194576, 0, 0, 0, 2151, 46801),
(194116, 0, 0, 0, 2151, 46801),
(194065, 0, 0, 0, 2151, 46801),
(189609, 0, 0, 0, 2151, 46801),
(194582, 0, 0, 0, 2151, 46801),
(194581, 0, 0, 0, 2151, 46801),
(194050, 0, 0, 0, 2151, 46801),
(194563, 0, 0, 0, 2151, 46801),
(194569, 0, 0, 0, 2151, 46801),
(194361, 0, 0, 0, 2151, 46801),
(194583, 0, 0, 0, 2151, 46801),
(194561, 0, 0, 0, 2151, 46801),
(194073, 0, 0, 0, 2151, 46801),
(198368, 0, 0, 0, 2307, 46801),
(198367, 0, 0, 0, 2307, 46801),
(194056, 0, 0, 0, 2151, 46801),
(194055, 0, 0, 0, 2151, 46801),
(194577, 0, 0, 0, 2151, 46801),
(194115, 0, 0, 0, 2151, 46801),
(198750, 0, 0, 0, 883, 46801),
(184286, 0, 0, 0, 2151, 46801),
(184807, 0, 0, 0, 2151, 46801),
(198096, 0, 0, 0, 2424, 46801);

UPDATE `creature_template_scaling` SET `VerifiedBuild`=46801 WHERE (`DifficultyID`=0 AND `Entry` IN (179965,181535,4075,62005,195830,187196,187193,43499,69792,69791,26125,60761,61158,6145,61751,3208,39604,3126,3123,121541,32642,32641,29238,61325,158637,197611,174170,160530,160528,160527,189075,197288,160529,160526,3108,195357,41621,184810,184809,184808,195385,184814,181575,198412,184812,198411,180701,197279,195899,184813,193450,190239,184858,198476,198475,189554,198434,184671,184665,3100,62116,5951,3127,3300,3204,4311,199726,175156,3198,3197,71100,40891,149522,148768,173548,3313,5817,6929,62822,62821,137762,6466,88702,88701,5610,5609,5606,135202,88703,5614,5613,5611,44872,44868,44866,44865,44338,44867,44871,72654,54473,28960,198497,54472,68979,72559,198541,57801,14375,3367,62198,62194,3329,198538,14498,49737,46708,3369,14451,42506,62200,62199,198540,46709,3368,14499,8659,3412,3413,3348,47663,52812,52809,11017,198557,198553,198542,2857,52810,3372,46741,52032,7010,46716,46718,3371,3189,141310,42548,141528,3310,130911,44735,43062,54113,44745,44726,44740,44723,133271,54004,62114,3346,9564,176012,5816,114104,180016,88706,88704,44948,46181,49837,20488,20493,20490,20489,32520,62115,44743,46742,95057,141912,12136,47254,11066,176095,176094,63626,5909,44725,44919,5875,14881,3335,109912,3330,15476,93223,50088,1420,20492,61367,4953,20491,88705,20486,50488,49131,113395,3216,5639,174147,38821,74228,50323,44158,49743,45230,95234,3345,50477,3296,51346,141920,44918));

DELETE FROM `creature_model_info` WHERE `DisplayID` IN (102889, 102891, 102886, 108782, 107674, 102968, 107804, 102965, 102887, 102518, 102966, 107679, 109446, 109030, 105448, 110924, 106708, 106706, 102967, 102449, 109032, 105446, 100231, 104521, 106705, 104515, 102647, 102700, 104536, 104537, 103832, 104580, 107691, 102517, 102594, 107683, 102505, 104525, 104035, 107528, 108677, 106523, 102506, 104028, 104022, 102739, 102478, 101817, 104511, 104026, 102601, 102583, 108717, 104021, 102602, 102589, 102464, 102587, 104513, 104512, 104572, 102476, 102584, 104685, 102605, 102482, 102390, 104023, 106053, 109756, 102465, 104025, 102477, 107559, 101827, 101805, 101828, 104578, 104524, 102493, 106575, 102603, 110461, 104701, 75346, 107945, 101807, 100841, 106029, 104538, 104157, 104156, 101814, 101815, 102604, 104143, 101809, 104027, 104029, 102456, 102778, 101812, 103318, 103465, 103362, 105190, 103360, 103327, 103363, 103857, 109524, 103319, 104672, 107062, 103325, 102573, 102569, 102550, 103326, 103364, 103464, 103415, 106085, 103322, 106704, 102510, 103558, 103357, 102524, 102523, 104170, 104167, 103562, 103983, 103860, 103984, 103320, 103279, 104665, 103280, 103980, 103985, 103847, 103560, 104679, 103846, 104677, 106632, 104663, 103923, 104676, 104666, 104040, 104168, 104667, 103561, 102509, 101794, 103550, 104664, 103852, 103850, 102511, 104169, 104680, 106301, 106634, 103545, 101810, 104049, 104047, 104041, 104050, 103580, 102562, 104043, 106626, 104532, 101811, 103569, 104646, 104657, 103565, 103568, 103525, 103567, 104648, 103524, 103527, 103526, 103523, 103548, 103552, 103843, 103534, 102781, 103536, 106306, 106307, 104533, 104534, 101808, 103538, 106309, 102500, 101806, 106622, 103845, 103842, 106308, 103844, 107296, 102775, 103546, 103841, 101804, 104042, 102651, 104045, 110465, 102649, 110466, 110464, 104678, 110463, 107112, 102740, 102738, 104136, 102730, 102655, 110460, 102733, 110462, 104133, 107285, 102140, 104044, 104135, 104138, 100271, 104134, 104137, 107055, 107040, 108032, 110315, 107175, 104581, 107780, 108034, 103904, 102678, 107777, 110331, 104527, 108252, 104526, 106997, 108033, 102503, 108050, 108077, 104039, 108456, 102508, 107880, 102657, 110225, 102668, 102669, 108182, 107717, 102749, 102580, 108808, 102744, 107915, 107167, 107162, 107696, 107714, 108264, 107922, 110330, 107918, 107697, 110233, 106843, 110051, 105505, 109009, 109008, 102656, 108339, 105506, 108321, 106418, 110329, 107909, 108777, 108856, 110194, 108269, 109010, 102666, 109011, 105870, 110248, 105918, 106061, 107673, 106060, 105878, 103530, 107033, 108340, 107034, 104034, 107011, 103584, 104033, 107012, 108234, 106594, 110327, 103575, 103529, 110311, 106742, 107177, 104142, 107174, 106595, 104139, 109962, 106361, 105871, 103576, 105842, 107350, 108867, 104004, 104009, 103930, 103366, 110326, 107152, 107151, 104465, 103956, 103564, 104505, 103968, 104503, 103972, 103954, 107180, 103955, 107172, 103583, 107182, 107184, 107187, 107181, 107173, 107186, 107185, 107179, 104140, 103974, 103970, 103971, 103973, 107183, 107171, 108858, 110219, 108392, 108628, 108394, 108379, 108388, 108389, 108632, 108631, 108375, 108625, 108626, 108483, 108634, 108624, 108386, 108779, 108376, 108390, 108391, 108387, 108629, 108393, 106884, 108799, 110305, 104198, 104187);
INSERT INTO `creature_model_info` (`DisplayID`, `BoundingRadius`, `CombatReach`, `DisplayID_Other_Gender`, `VerifiedBuild`) VALUES
(102889, 0.382999986410140991, 1.5, 0, 46801),
(102891, 0.305999994277954101, 1.5, 0, 46801),
(102886, 0.382999986410140991, 1.5, 0, 46801),
(108782, 1, 1, 0, 46801),
(107674, 1.053190946578979492, 0.900000035762786865, 0, 46801),
(102968, 0.305999994277954101, 1.5, 0, 46801),
(107804, 1.808132767677307128, 0, 0, 46801),
(102965, 0.347000002861022949, 1.5, 0, 46801),
(102887, 0.382999986410140991, 1.5, 0, 46801),
(102518, 2.388109683990478515, 0.640000045299530029, 0, 46801),
(102966, 0.347000002861022949, 1.5, 0, 46801),
(107679, 0.80699998140335083, 2.20000004768371582, 0, 46801),
(109446, 0.80699998140335083, 2.20000004768371582, 0, 46801),
(109030, 0.774999976158142089, 2.5, 0, 46801),
(105448, 1.01156318187713623, 0, 0, 46801),
(110924, 1.404254555702209472, 1.20000004768371582, 0, 46801),
(106708, 0.599362134933471679, 0, 0, 46801),
(106706, 0.599362134933471679, 0, 0, 46801),
(102967, 0.305999994277954101, 1.5, 0, 46801),
(102449, 1.069445967674255371, 8.75, 0, 46801),
(109032, 0.465000003576278686, 1.5, 0, 46801),
(105446, 1.01156318187713623, 0, 0, 46801),
(100231, 1.379404306411743164, 0, 0, 46801),
(104521, 0.210000008344650268, 0.300000011920928955, 0, 46801),
(106705, 0.599362134933471679, 0, 0, 46801),
(104515, 0.210000008344650268, 0.300000011920928955, 0, 46801),
(102647, 1.132115364074707031, 1.5, 0, 46801),
(102700, 1.47174990177154541, 1.949999928474426269, 0, 46801),
(104536, 0.220635652542114257, 0.200000002980232238, 0, 46801),
(104537, 0.220635652542114257, 0.200000002980232238, 0, 46801),
(103832, 0.383581817150115966, 1.5, 0, 46801),
(104580, 5.041165828704833984, 9.600000381469726562, 0, 46801),
(107691, 4.450020313262939453, 10.5, 0, 46801),
(102517, 2.388109683990478515, 0.640000045299530029, 0, 46801),
(102594, 1.859288454055786132, 3.5, 0, 46801),
(107683, 0.300000011920928955, 1, 0, 46801),
(102505, 1.492568492889404296, 0.400000005960464477, 0, 46801),
(104525, 0.298513710498809814, 0.080000005662441253, 0, 46801),
(104035, 1.314786672592163085, 1.875, 0, 46801),
(107528, 1.47174990177154541, 1.949999928474426269, 0, 46801),
(108677, 1.930850028991699218, 1.65000009536743164, 0, 46801),
(106523, 1.483340144157409667, 3.5, 0, 46801),
(102506, 2.330963134765625, 5.5, 0, 46801),
(104028, 0.613567113876342773, 0.875, 0, 46801),
(104022, 0.262957334518432617, 0.375, 0, 46801),
(102739, 1.930850028991699218, 1.65000009536743164, 0, 46801),
(102478, 2.405673980712890625, 1.5, 0, 46801),
(101817, 2.405673980712890625, 1.5, 0, 46801),
(104511, 0.284424364566802978, 0.349999994039535522, 0, 46801),
(104026, 0.262957334518432617, 0.375, 0, 46801),
(102601, 3.718576908111572265, 7, 0, 46801),
(102583, 1.740018606185913085, 1.5, 0, 46801),
(108717, 0.300000011920928955, 0, 0, 46801),
(104021, 0.262957334518432617, 0.375, 0, 46801),
(102602, 5.5778656005859375, 10.5, 0, 46801),
(102589, 0.870009303092956542, 0.75, 0, 46801),
(102464, 3.494891643524169921, 3.149999856948852539, 0, 46801),
(102587, 0.870009303092956542, 0.75, 0, 46801),
(104513, 0.284424364566802978, 0.349999994039535522, 0, 46801),
(104512, 0.284424364566802978, 0.349999994039535522, 0, 46801),
(104572, 4.417510032653808593, 4, 0, 46801),
(102476, 3.494891643524169921, 3.149999856948852539, 0, 46801),
(102584, 1.740018606185913085, 1.5, 0, 46801),
(104685, 0.478380709886550903, 0.875, 0, 46801),
(102605, 5.5778656005859375, 10.5, 0, 46801),
(102482, 3.367943525314331054, 2.099999904632568359, 0, 46801),
(102390, 0.381944209337234497, 1.65000009536743164, 0, 46801),
(104023, 0.262957334518432617, 0.375, 0, 46801),
(106053, 2, 2, 0, 46801),
(109756, 0.769908487796783447, 0, 0, 46801),
(102465, 3.494891643524169921, 3.149999856948852539, 0, 46801),
(104025, 0.262957334518432617, 0.375, 0, 46801),
(102477, 3.494891643524169921, 3.149999856948852539, 0, 46801),
(107559, 3.744526863098144531, 3.375, 0, 46801),
(101827, 2.496351242065429687, 2.25, 0, 46801),
(101805, 2.496351242065429687, 2.25, 0, 46801),
(101828, 2.496351242065429687, 2.25, 0, 46801),
(104578, 5.041165828704833984, 9.600000381469726562, 0, 46801),
(104524, 0.492357820272445678, 0.25, 0, 46801),
(102493, 3.367943525314331054, 2.099999904632568359, 0, 46801),
(106575, 2.461789131164550781, 1.25, 0, 46801),
(102603, 5.5778656005859375, 10.5, 0, 46801),
(110461, 1.930850028991699218, 1.65000009536743164, 0, 46801),
(104701, 2.461789131164550781, 1.25, 0, 46801),
(75346, 0.106929928064346313, 1, 0, 46801),
(107945, 1.799999952316284179, 18, 0, 46801),
(101807, 2.496351242065429687, 2.25, 0, 46801),
(100841, 1.859288454055786132, 3.5, 0, 46801),
(106029, 0.100000001490116119, 1, 0, 46801),
(104538, 0.255524873733520507, 0.25, 0, 46801),
(104157, 1.933423042297363281, 1.399999976158142089, 0, 46801),
(104156, 1.933423042297363281, 1.399999976158142089, 0, 46801),
(101814, 2.496351242065429687, 2.25, 0, 46801),
(101815, 2.496351242065429687, 2.25, 0, 46801),
(102604, 5.5778656005859375, 10.5, 0, 46801),
(104143, 4.69545602798461914, 3.40000009536743164, 0, 46801),
(101809, 2.405673980712890625, 1.5, 0, 46801),
(104027, 0.613567113876342773, 0.875, 0, 46801),
(104029, 0.613567113876342773, 0.875, 0, 46801),
(102456, 2.496351242065429687, 2.25, 0, 46801),
(102778, 0.905692279338836669, 1.20000004768371582, 0, 46801),
(101812, 2.405673980712890625, 1.5, 0, 46801),
(103318, 1.339599251747131347, 1.75, 0, 46801),
(103465, 1.98572087287902832, 1.799999952316284179, 0, 46801),
(103362, 0.871984720230102539, 1, 0, 46801),
(105190, 0.620000004768371582, 3, 0, 46801),
(103360, 0.871984720230102539, 1, 0, 46801),
(103327, 1.339599251747131347, 1.75, 0, 46801),
(103363, 0.871984720230102539, 1, 0, 46801),
(103857, 1.339599251747131347, 1.75, 0, 46801),
(109524, 1.265631079673767089, 0.900000035762786865, 0, 46801),
(103319, 1.339599251747131347, 1.75, 0, 46801),
(104672, 0.240191161632537841, 0, 0, 46801),
(107062, 0.843754053115844726, 0.60000002384185791, 0, 46801),
(103325, 1.339599251747131347, 1.75, 0, 46801),
(102573, 3.159824609756469726, 0, 0, 46801),
(102569, 0.638812184333801269, 0.625, 0, 46801),
(102550, 2.044198989868164062, 2, 0, 46801),
(103326, 1.339599251747131347, 1.75, 0, 46801),
(103364, 0.871984720230102539, 1, 0, 46801),
(103464, 1.98572087287902832, 1.799999952316284179, 0, 46801),
(103415, 1.265631079673767089, 0.900000035762786865, 0, 46801),
(106085, 0.843754053115844726, 0.60000002384185791, 0, 46801),
(103322, 1.339599251747131347, 1.75, 0, 46801),
(106704, 0.843754053115844726, 0.60000002384185791, 0, 46801),
(102510, 1.103178262710571289, 1, 0, 46801),
(103558, 3.467753410339355468, 4.800000190734863281, 0, 46801),
(103357, 0.871984720230102539, 1, 0, 46801),
(102524, 0.551589131355285644, 0.5, 0, 46801),
(102523, 0.551589131355285644, 0.5, 0, 46801),
(104170, 0.913347125053405761, 1, 0, 46801),
(104167, 0.913347125053405761, 1, 0, 46801),
(103562, 1.733876705169677734, 2.40000009536743164, 0, 46801),
(103983, 0.75, 1.25, 0, 46801),
(103860, 1.339599251747131347, 1.75, 0, 46801),
(103984, 0.75, 1.25, 0, 46801),
(103320, 1.339599251747131347, 1.75, 0, 46801),
(103279, 0.843754053115844726, 0.60000002384185791, 0, 46801),
(104665, 0.331212222576141357, 0.225000008940696716, 0, 46801),
(103280, 0.843754053115844726, 0.60000002384185791, 0, 46801),
(103980, 0.75, 1.25, 0, 46801),
(103985, 0.75, 1.25, 0, 46801),
(103847, 0.287056982517242431, 0.375, 0, 46801),
(103560, 1.733876705169677734, 2.40000009536743164, 0, 46801),
(104679, 0.513083457946777343, 2, 0, 46801),
(103846, 0.287056982517242431, 0.375, 0, 46801),
(104677, 0.513083457946777343, 2, 0, 46801),
(106632, 0.205233380198478698, 0.800000011920928955, 0, 46801),
(104663, 0.331212222576141357, 0.225000008940696716, 0, 46801),
(103923, 0.820933520793914794, 3.20000004768371582, 0, 46801),
(104676, 0.513083457946777343, 2, 0, 46801),
(104666, 0.331212222576141357, 0.225000008940696716, 0, 46801),
(104040, 0.04374999925494194, 0.125, 0, 46801),
(104168, 0.913347125053405761, 1, 0, 46801),
(104667, 0.331212222576141357, 0.225000008940696716, 0, 46801),
(103561, 1.733876705169677734, 2.40000009536743164, 0, 46801),
(102509, 1.103178262710571289, 1, 0, 46801),
(101794, 0.5, 1, 0, 46801),
(103550, 2.502509355545043945, 4.800000190734863281, 0, 46801),
(104664, 0.331212222576141357, 0.225000008940696716, 0, 46801),
(103852, 0.287056982517242431, 0.375, 0, 46801),
(103850, 0.287056982517242431, 0.375, 0, 46801),
(102511, 1.277624368667602539, 1.25, 0, 46801),
(104169, 0.913347125053405761, 1, 0, 46801),
(104680, 0.513083457946777343, 2, 0, 46801),
(106301, 1.612257599830627441, 4.829999923706054687, 0, 46801),
(106634, 0.205233380198478698, 0.800000011920928955, 0, 46801),
(103545, 3.128136634826660156, 6, 0, 46801),
(101810, 2.405673980712890625, 1.5, 0, 46801),
(104049, 0.262499988079071044, 0.75, 0, 46801),
(104047, 0.262499988079071044, 0.75, 0, 46801),
(104041, 0.04374999925494194, 0.125, 0, 46801),
(104050, 0.262499988079071044, 0.75, 0, 46801),
(103580, 1.210121750831604003, 1.60000002384185791, 0, 46801),
(102562, 1.512652158737182617, 2, 0, 46801),
(104043, 0.04374999925494194, 0.125, 0, 46801),
(106626, 0.353293031454086303, 0.240000009536743164, 0, 46801),
(104532, 0.317858636379241943, 0.75, 0, 46801),
(101811, 2.405673980712890625, 1.5, 0, 46801),
(103569, 0.369613230228424072, 1, 0, 46801),
(104646, 0.647260427474975585, 1.5, 0, 46801),
(104657, 0.647260427474975585, 1.5, 0, 46801),
(103565, 0.369613230228424072, 1, 0, 46801),
(103568, 0.369613230228424072, 1, 0, 46801),
(103525, 0.554419875144958496, 1.5, 0, 46801),
(103567, 0.369613230228424072, 1, 0, 46801),
(104648, 0.647260427474975585, 1.5, 0, 46801),
(103524, 0.554419875144958496, 1.5, 0, 46801),
(103527, 0.554419875144958496, 1.5, 0, 46801),
(103526, 0.554419875144958496, 1.5, 0, 46801),
(103523, 0.554419875144958496, 1.5, 0, 46801),
(103548, 2.502509355545043945, 4.800000190734863281, 0, 46801),
(103552, 2.502509355545043945, 4.800000190734863281, 0, 46801),
(103843, 0.288361519575119018, 0.125, 0, 46801),
(103534, 2.502509355545043945, 4.800000190734863281, 0, 46801),
(102781, 0.905692279338836669, 1.20000004768371582, 0, 46801),
(103536, 2.502509355545043945, 4.800000190734863281, 0, 46801),
(106306, 2.246716022491455078, 2.024999856948852539, 0, 46801),
(106307, 2.246716022491455078, 2.024999856948852539, 0, 46801),
(104533, 0.317858636379241943, 0.75, 0, 46801),
(104534, 0.317858636379241943, 0.75, 0, 46801),
(101808, 2.405673980712890625, 1.5, 0, 46801),
(103538, 2.502509355545043945, 4.800000190734863281, 0, 46801),
(106309, 2.165106534957885742, 1.349999904632568359, 0, 46801),
(102500, 1.611441493034362792, 2, 0, 46801),
(101806, 2.496351242065429687, 2.25, 0, 46801),
(106622, 0.353293031454086303, 0.240000009536743164, 0, 46801),
(103845, 0.288361519575119018, 0.125, 0, 46801),
(103842, 0.288361519575119018, 0.125, 0, 46801),
(106308, 2.165106534957885742, 1.349999904632568359, 0, 46801),
(103844, 0.288361519575119018, 0.125, 0, 46801),
(107296, 1.584961533546447753, 2.099999904632568359, 0, 46801),
(102775, 0.905692279338836669, 1.20000004768371582, 0, 46801),
(103546, 3.128136634826660156, 6, 0, 46801),
(103841, 0.288361519575119018, 0.125, 0, 46801),
(101804, 2.496351242065429687, 2.25, 0, 46801),
(104042, 0.04374999925494194, 0.125, 0, 46801),
(102651, 1.343548059463500976, 4.02500009536743164, 0, 46801),
(104045, 0.04374999925494194, 0.125, 0, 46801),
(110465, 1.930850028991699218, 1.65000009536743164, 0, 46801),
(102649, 1.132115364074707031, 1.5, 0, 46801),
(110466, 1.930850028991699218, 1.65000009536743164, 0, 46801),
(110464, 1.930850028991699218, 1.65000009536743164, 0, 46801),
(104678, 0.513083457946777343, 2, 0, 46801),
(110463, 1.930850028991699218, 1.65000009536743164, 0, 46801),
(107112, 2.281913518905639648, 1.949999928474426269, 0, 46801),
(102740, 1.930850028991699218, 1.65000009536743164, 0, 46801),
(102738, 1.930850028991699218, 1.65000009536743164, 0, 46801),
(104136, 0.655441761016845703, 0.800000011920928955, 0, 46801),
(102730, 1.930850028991699218, 1.65000009536743164, 0, 46801),
(102655, 1.132115364074707031, 1.5, 0, 46801),
(110460, 1.930850028991699218, 1.65000009536743164, 0, 46801),
(102733, 1.930850028991699218, 1.65000009536743164, 0, 46801),
(110462, 1.930850028991699218, 1.65000009536743164, 0, 46801),
(104133, 0.819302201271057128, 1, 0, 46801),
(107285, 2.526702404022216796, 0, 0, 46801),
(102140, 1.05910801887512207, 0, 0, 46801),
(104044, 0.280000001192092895, 0.800000011920928955, 0, 46801),
(104135, 0.819302201271057128, 1, 0, 46801),
(104138, 0.655441761016845703, 0.800000011920928955, 0, 46801),
(100271, 0.229125797748565673, 1, 0, 46801),
(104134, 0.819302201271057128, 1, 0, 46801),
(104137, 0.655441761016845703, 0.800000011920928955, 0, 46801),
(107055, 0.800000011920928955, 8, 0, 46801),
(107040, 1.60000002384185791, 2.40000009536743164, 0, 46801),
(108032, 0.305999994277954101, 1.5, 0, 46801),
(110315, 0.347000002861022949, 1.5, 0, 46801),
(107175, 1, 1.5, 0, 46801),
(104581, 4.417510032653808593, 4, 0, 46801),
(107780, 3.731421232223510742, 1, 0, 46801);

INSERT INTO `creature_model_info` (`DisplayID`, `BoundingRadius`, `CombatReach`, `DisplayID_Other_Gender`, `VerifiedBuild`) VALUES
(108034, 0.373142123222351074, 0.100000001490116119, 0, 46801),
(103904, 0.060000002384185791, 0.75, 0, 46801),
(102678, 1.746612310409545898, 5.232499599456787109, 0, 46801),
(107777, 3.814303159713745117, 9, 0, 46801),
(110331, 0.690244972705841064, 1.5, 0, 46801),
(104527, 0.298513710498809814, 0.080000005662441253, 0, 46801),
(108252, 0.300000011920928955, 9, 0, 46801),
(104526, 0.298513710498809814, 0.080000005662441253, 0, 46801),
(106997, 1.25, 1.875, 0, 46801),
(108033, 0.373142123222351074, 0.100000001490116119, 0, 46801),
(102503, 1.492568492889404296, 0.400000005960464477, 0, 46801),
(108050, 0.100000001490116119, 0.300000011920928955, 0, 46801),
(108077, 0.305999994277954101, 1.5, 0, 46801),
(104039, 0.25, 0.75, 0, 46801),
(108456, 0.347000002861022949, 1.5, 0, 46801),
(102508, 2.330963134765625, 5.5, 0, 46801),
(107880, 0.305999994277954101, 1.5, 0, 46801),
(102657, 1.132115364074707031, 1.5, 0, 46801),
(110225, 0.347222000360488891, 1.5, 0, 46801),
(102668, 1.132115364074707031, 1.5, 0, 46801),
(102669, 1.132115364074707031, 1.5, 0, 46801),
(108182, 1.343548059463500976, 4.02500009536743164, 0, 46801),
(107717, 0.347222000360488891, 1.5, 0, 46801),
(102749, 1.930850028991699218, 1.65000009536743164, 0, 46801),
(102580, 0.741670072078704833, 1.75, 0, 46801),
(108808, 0.690244972705841064, 1.5, 0, 46801),
(102744, 1.930850028991699218, 1.65000009536743164, 0, 46801),
(107915, 1, 1.5, 0, 46801),
(107167, 0.305999994277954101, 1.5, 0, 46801),
(107162, 0.382999986410140991, 1.5, 0, 46801),
(107696, 0.347000002861022949, 1.5, 0, 46801),
(107714, 0.347222000360488891, 1.5, 0, 46801),
(108264, 0.347000002861022949, 1.5, 0, 46801),
(107922, 0.388999998569488525, 1.5, 0, 46801),
(110330, 0.347222000360488891, 1.5, 0, 46801),
(107918, 0.347000002861022949, 1.5, 0, 46801),
(107697, 0.305999994277954101, 1.5, 0, 46801),
(110233, 0.305999994277954101, 1.5, 0, 46801),
(106843, 0.347222000360488891, 1.5, 0, 46801),
(110051, 0.382999986410140991, 1.5, 0, 46801),
(105505, 0.305999994277954101, 1.5, 0, 46801),
(109009, 0.305999994277954101, 1.5, 0, 46801),
(109008, 0.208000004291534423, 1.5, 0, 46801),
(102656, 1.132115364074707031, 1.5, 0, 46801),
(108339, 1.132115364074707031, 1.5, 0, 46801),
(105506, 0.305999994277954101, 1.5, 0, 46801),
(108321, 0.236000001430511474, 1.5, 0, 46801),
(106418, 0.305999994277954101, 1.5, 0, 46801),
(110329, 0.347222000360488891, 1.5, 0, 46801),
(107909, 0.347222000360488891, 1.5, 0, 46801),
(108777, 0.347222000360488891, 1.5, 0, 46801),
(108856, 0.347222000360488891, 1.5, 0, 46801),
(110194, 0.382999986410140991, 1.5, 0, 46801),
(108269, 1.549999952316284179, 5, 0, 46801),
(109010, 0.236000001430511474, 1.5, 0, 46801),
(102666, 1.132115364074707031, 1.5, 0, 46801),
(109011, 0.236000001430511474, 1.5, 0, 46801),
(105870, 0.347000002861022949, 1.5, 0, 46801),
(110248, 0.305999994277954101, 1.5, 0, 46801),
(105918, 0.347000002861022949, 1.5, 0, 46801),
(106061, 0.305999994277954101, 1.5, 0, 46801),
(107673, 1.404254555702209472, 1.20000004768371582, 0, 46801),
(106060, 0.305999994277954101, 1.5, 0, 46801),
(105878, 0.347000002861022949, 1.5, 0, 46801),
(103530, 1.441807508468627929, 0.625, 0, 46801),
(107033, 0.305999994277954101, 1.5, 0, 46801),
(108340, 1.755318164825439453, 1.5, 0, 46801),
(107034, 0.305999994277954101, 5, 0, 46801),
(104034, 1.314786672592163085, 1.875, 0, 46801),
(107011, 0.722000002861022949, 3, 0, 46801),
(103584, 3.781630516052246093, 5, 0, 46801),
(104033, 1.314786672592163085, 1.875, 0, 46801),
(107012, 0.722000002861022949, 10, 0, 46801),
(108234, 0.350609779357910156, 0.5, 0, 46801),
(106594, 0.229125797748565673, 1, 0, 46801),
(110327, 0.347222000360488891, 1.5, 0, 46801),
(103575, 1.441807508468627929, 0.625, 0, 46801),
(103529, 1.441807508468627929, 0.625, 0, 46801),
(110311, 0.305999994277954101, 1.5, 0, 46801),
(106742, 0.347222000360488891, 1.5, 0, 46801),
(107177, 1, 1.5, 0, 46801),
(104142, 1, 1.5, 0, 46801),
(107174, 1, 1.5, 0, 46801),
(106595, 0.229125797748565673, 1, 0, 46801),
(104139, 0.804161131381988525, 0, 0, 46801),
(109962, 0.382999986410140991, 1.5, 0, 46801),
(106361, 0.865555882453918457, 0, 0, 46801),
(105871, 0.382999986410140991, 1.5, 0, 46801),
(103576, 1.441807508468627929, 0.625, 0, 46801),
(105842, 0.382999986410140991, 1.5, 0, 46801),
(107350, 4.840981960296630859, 0, 0, 46801),
(108867, 0.388999998569488525, 1.5, 0, 46801),
(104004, 0.352449685335159301, 0.5, 0, 46801),
(104009, 0.059500001370906829, 0.136000007390975952, 0, 46801),
(103930, 0.252000004053115844, 0.576000034809112548, 0, 46801),
(103366, 1.535885572433471679, 1, 0, 46801),
(110326, 0.347222000360488891, 1.5, 0, 46801),
(107152, 4.840981960296630859, 0, 0, 46801),
(107151, 0.382999986410140991, 1.5, 0, 46801),
(104465, 0.865555882453918457, 0, 0, 46801),
(103956, 1.181931972503662109, 1.80000007152557373, 0, 46801),
(103564, 2.571508646011352539, 3.40000009536743164, 0, 46801),
(104505, 1.173103570938110351, 1.25, 0, 46801),
(103968, 1.305864214897155761, 0.280000001192092895, 0, 46801),
(104503, 1.173103570938110351, 1.25, 0, 46801),
(103972, 5.585465431213378906, 3.60000014305114746, 0, 46801),
(103954, 1.181931972503662109, 1.80000007152557373, 0, 46801),
(107180, 0.400000005960464477, 0.60000002384185791, 0, 46801),
(103955, 1.181931972503662109, 1.80000007152557373, 0, 46801),
(107172, 1, 1.5, 0, 46801),
(103583, 1.210121750831604003, 1.60000002384185791, 0, 46801),
(107182, 0.400000005960464477, 0.60000002384185791, 0, 46801),
(107184, 0.400000005960464477, 0.60000002384185791, 0, 46801),
(107187, 0.400000005960464477, 0.60000002384185791, 0, 46801),
(107181, 0.400000005960464477, 0.60000002384185791, 0, 46801),
(107173, 1, 1.5, 0, 46801),
(107186, 0.400000005960464477, 0.60000002384185791, 0, 46801),
(107185, 0.400000005960464477, 0.60000002384185791, 0, 46801),
(107179, 0.400000005960464477, 0.60000002384185791, 0, 46801),
(104140, 0.400000005960464477, 0.60000002384185791, 0, 46801),
(103974, 5.585465431213378906, 3.60000014305114746, 0, 46801),
(103970, 5.585465431213378906, 3.60000014305114746, 0, 46801),
(103971, 5.585465431213378906, 3.60000014305114746, 0, 46801),
(103973, 5.585465431213378906, 3.60000014305114746, 0, 46801),
(107183, 0.400000005960464477, 0.60000002384185791, 0, 46801),
(107171, 1, 1.5, 0, 46801),
(108858, 0.372000008821487426, 1.5, 0, 46801),
(110219, 0.236000001430511474, 1.5, 0, 46801),
(108392, 0.382999986410140991, 1.5, 0, 46801),
(108628, 0.382999986410140991, 1.5, 0, 46801),
(108394, 0.347222000360488891, 1.5, 0, 46801),
(108379, 0.698000013828277587, 3, 0, 46801),
(108388, 0.305999994277954101, 1.5, 0, 46801),
(108389, 0.305999994277954101, 1.5, 0, 46801),
(108632, 0.372000008821487426, 1.5, 0, 46801),
(108631, 0.236000001430511474, 1.5, 0, 46801),
(108375, 0.347222000360488891, 1.5, 0, 46801),
(108625, 0.382999986410140991, 1.5, 0, 46801),
(108626, 0.305999994277954101, 1.5, 0, 46801),
(108483, 0.722000002861022949, 2, 0, 46801),
(108634, 0.305999994277954101, 1.5, 0, 46801),
(108624, 0.382999986410140991, 1.5, 0, 46801),
(108386, 0.305999994277954101, 1.5, 0, 46801),
(108779, 0.305999994277954101, 1.5, 0, 46801),
(108376, 0.722000002861022949, 3, 0, 46801),
(108390, 0.382999986410140991, 1.5, 0, 46801),
(108391, 0.382999986410140991, 1.5, 0, 46801),
(108387, 0.305999994277954101, 1.5, 0, 46801),
(108629, 0.305999994277954101, 1.5, 0, 46801),
(108393, 0.382999986410140991, 1.5, 0, 46801),
(106884, 0.388999998569488525, 1.5, 0, 46801),
(108799, 0.305999994277954101, 1.5, 0, 46801),
(110305, 0.347222000360488891, 1.5, 0, 46801),
(104198, 1.132115364074707031, 1.5, 0, 46801),
(104187, 1.132115364074707031, 1.5, 0, 46801);

UPDATE `creature_model_info` SET `VerifiedBuild`=46801 WHERE `DisplayID` IN (16946, 102298, 78846, 2176, 82954, 107146, 38548, 42373, 110338, 85039, 110209, 108853, 85065, 107861, 64313, 110227, 90051, 34635, 107015, 108842, 89548, 94013, 89465, 106766, 106741, 110237, 105170, 102032, 47166, 81921, 32789, 23767, 38551, 73371, 24995, 32791, 77686, 45880, 108804, 82141, 110166, 82142, 32790, 4878, 3752, 31370, 1206, 2487, 1987, 1959, 28118, 28120, 26064, 108775, 108780, 110303, 93574, 108862, 104843, 104844, 104845, 100727, 93309, 92325, 91243, 103903, 36583, 109493, 92324, 91373, 999, 108876, 110214, 108868, 32529, 99812, 106349, 106352, 108885, 110229, 32173, 108869, 108791, 108801, 110307, 102304, 63703, 32172, 108796, 30272, 105247, 105169, 72325, 108870, 110387, 63690, 102033, 110304, 104821, 110272, 102031, 104846, 67345, 17122, 193, 46940, 1560, 2732, 1986, 240, 4190, 4515, 1132, 4191, 4193, 4192, 32170, 46132, 32171, 90129, 83764, 90130, 25423, 25436, 1313, 4356, 5706, 42722, 42720, 5205, 61024, 61023, 7137, 3605, 3604, 8001, 15468, 3609, 3608, 3606, 8000, 34157, 34155, 34154, 304, 34156, 9133, 99507, 11686, 38804, 36585, 110138, 38800, 47231, 49770, 110187, 39809, 14413, 99811, 42389, 42386, 1329, 110184, 99815, 1381, 99808, 99814, 14499, 99807, 20545, 110186, 35237, 1390, 14616, 99820, 99818, 7136, 99821, 99822, 33303, 38047, 10472, 87564, 110191, 110183, 36584, 4386, 22769, 1394, 99810, 99809, 6839, 35241, 35242, 1393, 99459, 86393, 32937, 15467, 64307, 1311, 81476, 34049, 4368, 38631, 30501, 34046, 99403, 9392, 34045, 82820, 99823, 8848, 100150, 99457, 71669, 101523, 99452, 99455, 61026, 30413, 15469, 62531, 34932, 36598, 33698, 2141, 7511, 17699, 17701, 99451, 17721, 17720, 34059, 4260, 35244, 64259, 87513, 33700, 12229, 4449, 10589, 100158, 100157, 5705, 4545, 34047, 99427, 34185, 99461, 33699, 44816, 37328, 99454, 72817, 4601, 1330, 15470, 27823, 21342, 901, 17722, 2956, 17719, 61027, 37330, 17700, 37020, 31988, 62532, 31737, 99449, 99456, 91667, 99453, 8572, 21072, 37331, 99462, 37437, 33701, 8971, 9391, 64332, 1366, 31760, 4259, 37329, 14589, 34184);
UPDATE `creature_model_info` SET `BoundingRadius`=0.451296567916870117, `VerifiedBuild`=46801 WHERE `DisplayID`=91096;
UPDATE `creature_model_info` SET `BoundingRadius`=0.236000001430511474, `CombatReach`=1.5, `VerifiedBuild`=46801 WHERE `DisplayID`=51337;
UPDATE `creature_model_info` SET `BoundingRadius`=0.208000004291534423, `CombatReach`=1.5, `VerifiedBuild`=46801 WHERE `DisplayID`=51336;
UPDATE `creature_model_info` SET `BoundingRadius`=0.956761419773101806, `CombatReach`=1.75, `VerifiedBuild`=46801 WHERE `DisplayID`=58875;
UPDATE `creature_model_info` SET `BoundingRadius`=0.360000014305114746, `VerifiedBuild`=46801 WHERE `DisplayID`=47711;
UPDATE `creature_model_info` SET `BoundingRadius`=0.899999976158142089, `CombatReach`=1.349999904632568359, `VerifiedBuild`=46801 WHERE `DisplayID`=56334;
UPDATE `creature_model_info` SET `BoundingRadius`=1.210245490074157714, `VerifiedBuild`=46801 WHERE `DisplayID`=22966;
UPDATE `creature_model_info` SET `BoundingRadius`=0.388999998569488525, `CombatReach`=1.5, `VerifiedBuild`=46801 WHERE `DisplayID` IN (83031, 83049);
UPDATE `creature_model_info` SET `BoundingRadius`=0.305999994277954101, `CombatReach`=1.5, `VerifiedBuild`=46801 WHERE `DisplayID` IN (83025, 83042, 83251, 86940);
UPDATE `creature_model_info` SET `BoundingRadius`=0.722000002861022949, `CombatReach`=3, `VerifiedBuild`=46801 WHERE `DisplayID`=106919;
UPDATE `creature_model_info` SET `BoundingRadius`=1.210245490074157714, `CombatReach`=0, `VerifiedBuild`=46801 WHERE `DisplayID`=22992;

DELETE FROM `trainer` WHERE `Id` IN (1085, 1076, 1084, 1086, 1081, 1075, 1080, 1079);
INSERT INTO `trainer` (`Id`, `Type`, `Greeting`, `VerifiedBuild`) VALUES
(1085, 2, 'Hello, friend!', 46801),
(1076, 2, 'Hello, friend!', 46801),
(1084, 2, 'Greetings!', 46801),
(1086, 2, 'Hello, friend!', 46801),
(1081, 2, 'Hello, friend!', 46801),
(1075, 2, 'Hello, friend!', 46801),
(1080, 2, 'Greetings, friend.', 46801),
(1079, 2, 'Hello, friend!', 46801);


DELETE FROM `trainer_spell` WHERE (`TrainerId`=1085 AND `SpellId` IN (366263,265856)) OR (`TrainerId`=1076 AND `SpellId` IN (375183,375184,395844,395851,395847,395839,395845,395863,395868,395867,395864,395865,389195,375188,375187,375185,375182,375181,375179,375178,375174,375173,375168,375164,375108,375106,375105,375103,375102,366239,264578)) OR (`TrainerId`=1084 AND `SpellId` IN (366246,381381,381382,381368,381386,381411,381389,381371,381370,381369,381367,381365,264633)) OR (`TrainerId`=1086 AND `SpellId` IN (366264,265838)) OR (`TrainerId`=1081 AND `SpellId` IN (391811,391810,391809,391806,391197,389542,389543,389537,389540,389546,390951,389295,389294,389293,389292,390823,389400,389398,389397,389300,389298,389297,389136,389135,388930,391176,389191,366245,264457)) OR (`TrainerId`=1075 AND `SpellId` IN (395815,395814,395807,395813,395809,392396,389196,376545,376553,376551,376549,376547,376555,376528,376543,376558,376538,376560,376506,376508,376507,376509,376535,376533,366262,264617)) OR (`TrainerId`=1080 AND `SpellId` IN (396777,384314,382407,382346,382348,382387,389192,382402,382401,382330,382398,382397,382396,382395,382394,382393,382392,382391,382390,382389,382388,382386,382385,382384,382383,382380,382379,382378,382377,382376,382375,366244,264478)) OR (`TrainerId`=1079 AND `SpellId` IN (366243,271617));
INSERT INTO `trainer_spell` (`TrainerId`, `SpellId`, `MoneyCost`, `ReqSkillLine`, `ReqSkillRank`, `ReqAbility1`, `ReqAbility2`, `ReqAbility3`, `ReqLevel`, `VerifiedBuild`) VALUES
(1085, 366263, 1000000, 393, 1, 0, 0, 0, 58, 46801), -- No Faction found! MoneyCost not recalculated!
(1085, 265856, 10, 0, 0, 0, 0, 0, 5, 46801), -- No Faction found! MoneyCost not recalculated!
(1076, 375183, 600000, 2830, 5, 0, 0, 0, 0, 46801), -- No Faction found! MoneyCost not recalculated!
(1076, 375184, 1400000, 2830, 30, 0, 0, 0, 0, 46801), -- No Faction found! MoneyCost not recalculated!
(1076, 395844, 1100000, 2830, 20, 0, 0, 0, 0, 46801), -- No Faction found! MoneyCost not recalculated!
(1076, 395851, 1600000, 2830, 40, 0, 0, 0, 0, 46801), -- No Faction found! MoneyCost not recalculated!
(1076, 395847, 1700000, 2830, 45, 0, 0, 0, 0, 46801), -- No Faction found! MoneyCost not recalculated!
(1076, 395839, 1800000, 2830, 50, 0, 0, 0, 0, 46801), -- No Faction found! MoneyCost not recalculated!
(1076, 395845, 1300000, 2830, 25, 0, 0, 0, 0, 46801), -- No Faction found! MoneyCost not recalculated!
(1076, 395863, 1100000, 2830, 20, 0, 0, 0, 0, 46801), -- No Faction found! MoneyCost not recalculated!
(1076, 395868, 1600000, 2830, 40, 0, 0, 0, 0, 46801), -- No Faction found! MoneyCost not recalculated!
(1076, 395867, 1700000, 2830, 45, 0, 0, 0, 0, 46801), -- No Faction found! MoneyCost not recalculated!
(1076, 395864, 1800000, 2830, 50, 0, 0, 0, 0, 46801), -- No Faction found! MoneyCost not recalculated!
(1076, 395865, 1300000, 2830, 25, 0, 0, 0, 0, 46801), -- No Faction found! MoneyCost not recalculated!
(1076, 389195, 1000000, 2830, 15, 0, 0, 0, 0, 46801), -- No Faction found! MoneyCost not recalculated!
(1076, 375188, 1500000, 2830, 35, 0, 0, 0, 0, 46801), -- No Faction found! MoneyCost not recalculated!
(1076, 375187, 1500000, 2830, 35, 0, 0, 0, 0, 46801), -- No Faction found! MoneyCost not recalculated!
(1076, 375185, 1400000, 2830, 30, 0, 0, 0, 0, 46801), -- No Faction found! MoneyCost not recalculated!
(1076, 375182, 1000000, 2830, 15, 0, 0, 0, 0, 46801), -- No Faction found! MoneyCost not recalculated!
(1076, 375181, 800000, 2830, 10, 0, 0, 0, 0, 46801), -- No Faction found! MoneyCost not recalculated!
(1076, 375179, 1300000, 2830, 25, 0, 0, 0, 0, 46801), -- No Faction found! MoneyCost not recalculated!
(1076, 375178, 1300000, 2830, 25, 0, 0, 0, 0, 46801), -- No Faction found! MoneyCost not recalculated!
(1076, 375174, 1300000, 2830, 25, 0, 0, 0, 0, 46801), -- No Faction found! MoneyCost not recalculated!
(1076, 375173, 1300000, 2830, 25, 0, 0, 0, 0, 46801), -- No Faction found! MoneyCost not recalculated!
(1076, 375168, 1000000, 2830, 15, 0, 0, 0, 0, 46801), -- No Faction found! MoneyCost not recalculated!
(1076, 375164, 800000, 2830, 10, 0, 0, 0, 0, 46801), -- No Faction found! MoneyCost not recalculated!
(1076, 375108, 800000, 2830, 10, 0, 0, 0, 0, 46801), -- No Faction found! MoneyCost not recalculated!
(1076, 375106, 600000, 2830, 5, 0, 0, 0, 0, 46801), -- No Faction found! MoneyCost not recalculated!
(1076, 375105, 800000, 2830, 10, 0, 0, 0, 0, 46801), -- No Faction found! MoneyCost not recalculated!
(1076, 375103, 600000, 2830, 5, 0, 0, 0, 0, 46801), -- No Faction found! MoneyCost not recalculated!
(1076, 375102, 1500000, 2830, 35, 0, 0, 0, 0, 46801), -- No Faction found! MoneyCost not recalculated!
(1076, 366239, 1000000, 165, 1, 0, 0, 0, 58, 46801), -- No Faction found! MoneyCost not recalculated!
(1076, 264578, 10, 0, 0, 0, 0, 0, 5, 46801), -- No Faction found! MoneyCost not recalculated!
(1084, 366246, 1000000, 185, 1, 0, 0, 0, 58, 46801), -- No Faction found! MoneyCost not recalculated!
(1084, 381381, 800000, 2824, 10, 0, 0, 0, 0, 46801), -- No Faction found! MoneyCost not recalculated!
(1084, 381382, 1300000, 2824, 25, 0, 0, 0, 0, 46801), -- No Faction found! MoneyCost not recalculated!
(1084, 381368, 1000000, 2824, 15, 0, 0, 0, 0, 46801), -- No Faction found! MoneyCost not recalculated!
(1084, 381386, 1400000, 2824, 30, 0, 0, 0, 0, 46801), -- No Faction found! MoneyCost not recalculated!
(1084, 381411, 1600000, 2824, 40, 0, 0, 0, 0, 46801), -- No Faction found! MoneyCost not recalculated!
(1084, 381389, 1100000, 2824, 20, 0, 0, 0, 0, 46801), -- No Faction found! MoneyCost not recalculated!
(1084, 381371, 1700000, 2824, 45, 0, 0, 0, 0, 46801), -- No Faction found! MoneyCost not recalculated!
(1084, 381370, 1500000, 2824, 35, 0, 0, 0, 0, 46801), -- No Faction found! MoneyCost not recalculated!
(1084, 381369, 600000, 2824, 5, 0, 0, 0, 0, 46801), -- No Faction found! MoneyCost not recalculated!
(1084, 381367, 800000, 2824, 10, 0, 0, 0, 0, 46801), -- No Faction found! MoneyCost not recalculated!
(1084, 381365, 500000, 2824, 1, 0, 0, 0, 0, 46801), -- No Faction found! MoneyCost not recalculated!
(1084, 264633, 10, 0, 0, 0, 0, 0, 5, 46801), -- No Faction found! MoneyCost not recalculated!
(1086, 366264, 1000000, 186, 1, 0, 0, 0, 58, 46801), -- No Faction found! MoneyCost not recalculated!
(1086, 265838, 10, 0, 0, 0, 0, 0, 5, 46801), -- No Faction found! MoneyCost not recalculated!
(1081, 391811, 1600000, 2825, 40, 0, 0, 0, 0, 46801), -- No Faction found! MoneyCost not recalculated!
(1081, 391810, 1600000, 2825, 40, 0, 0, 0, 0, 46801), -- No Faction found! MoneyCost not recalculated!
(1081, 391809, 1600000, 2825, 40, 0, 0, 0, 0, 46801), -- No Faction found! MoneyCost not recalculated!
(1081, 391806, 1100000, 2825, 20, 0, 0, 0, 0, 46801), -- No Faction found! MoneyCost not recalculated!
(1081, 391197, 1100000, 2825, 20, 0, 0, 0, 0, 46801), -- No Faction found! MoneyCost not recalculated!
(1081, 389542, 1800000, 2825, 50, 0, 0, 0, 0, 46801), -- No Faction found! MoneyCost not recalculated!
(1081, 389543, 1800000, 2825, 50, 0, 0, 0, 0, 46801), -- No Faction found! MoneyCost not recalculated!
(1081, 389537, 1800000, 2825, 50, 0, 0, 0, 0, 46801), -- No Faction found! MoneyCost not recalculated!
(1081, 389540, 1800000, 2825, 50, 0, 0, 0, 0, 46801), -- No Faction found! MoneyCost not recalculated!
(1081, 389546, 1800000, 2825, 50, 0, 0, 0, 0, 46801), -- No Faction found! MoneyCost not recalculated!
(1081, 390951, 1600000, 2825, 40, 0, 0, 0, 0, 46801), -- No Faction found! MoneyCost not recalculated!
(1081, 389295, 1400000, 2825, 30, 0, 0, 0, 0, 46801), -- No Faction found! MoneyCost not recalculated!
(1081, 389294, 1500000, 2825, 35, 0, 0, 0, 0, 46801), -- No Faction found! MoneyCost not recalculated!
(1081, 389293, 1500000, 2825, 35, 0, 0, 0, 0, 46801), -- No Faction found! MoneyCost not recalculated!
(1081, 389292, 1500000, 2825, 35, 0, 0, 0, 0, 46801), -- No Faction found! MoneyCost not recalculated!
(1081, 390823, 800000, 2825, 10, 0, 0, 0, 0, 46801), -- No Faction found! MoneyCost not recalculated!
(1081, 389400, 1300000, 2825, 25, 0, 0, 0, 0, 46801), -- No Faction found! MoneyCost not recalculated!
(1081, 389398, 1300000, 2825, 25, 0, 0, 0, 0, 46801), -- No Faction found! MoneyCost not recalculated!
(1081, 389397, 1300000, 2825, 25, 0, 0, 0, 0, 46801), -- No Faction found! MoneyCost not recalculated!
(1081, 389300, 1000000, 2825, 15, 0, 0, 0, 0, 46801), -- No Faction found! MoneyCost not recalculated!
(1081, 389298, 1000000, 2825, 15, 0, 0, 0, 0, 46801), -- No Faction found! MoneyCost not recalculated!
(1081, 389297, 1000000, 2825, 15, 0, 0, 0, 0, 46801), -- No Faction found! MoneyCost not recalculated!
(1081, 389136, 600000, 2825, 5, 0, 0, 0, 0, 46801), -- No Faction found! MoneyCost not recalculated!
(1081, 389135, 600000, 2825, 5, 0, 0, 0, 0, 46801), -- No Faction found! MoneyCost not recalculated!
(1081, 388930, 600000, 2825, 5, 0, 0, 0, 0, 46801), -- No Faction found! MoneyCost not recalculated!
(1081, 391176, 600000, 2825, 5, 0, 0, 0, 0, 46801), -- No Faction found! MoneyCost not recalculated!
(1081, 389191, 1000000, 2825, 15, 0, 0, 0, 0, 46801), -- No Faction found! MoneyCost not recalculated!
(1081, 366245, 1000000, 333, 1, 0, 0, 0, 58, 46801), -- No Faction found! MoneyCost not recalculated!
(1081, 264457, 10, 0, 0, 0, 0, 0, 5, 46801), -- No Faction found! MoneyCost not recalculated!
(1075, 395815, 1600000, 2831, 40, 0, 0, 0, 0, 46801), -- No Faction found! MoneyCost not recalculated!
(1075, 395814, 1700000, 2831, 45, 0, 0, 0, 0, 46801), -- No Faction found! MoneyCost not recalculated!
(1075, 395807, 1800000, 2831, 50, 0, 0, 0, 0, 46801), -- No Faction found! MoneyCost not recalculated!
(1075, 395813, 1500000, 2831, 35, 0, 0, 0, 0, 46801), -- No Faction found! MoneyCost not recalculated!
(1075, 395809, 1400000, 2831, 30, 0, 0, 0, 0, 46801), -- No Faction found! MoneyCost not recalculated!
(1075, 392396, 50000, 2831, 1, 0, 0, 0, 0, 46801), -- No Faction found! MoneyCost not recalculated!
(1075, 389196, 1000000, 2831, 15, 0, 0, 0, 0, 46801), -- No Faction found! MoneyCost not recalculated!
(1075, 376545, 600000, 2831, 5, 0, 0, 0, 0, 46801), -- No Faction found! MoneyCost not recalculated!
(1075, 376553, 1000000, 2831, 15, 0, 0, 0, 0, 46801), -- No Faction found! MoneyCost not recalculated!
(1075, 376551, 1300000, 2831, 25, 0, 0, 0, 0, 46801), -- No Faction found! MoneyCost not recalculated!
(1075, 376549, 1500000, 2831, 35, 0, 0, 0, 0, 46801), -- No Faction found! MoneyCost not recalculated!
(1075, 376547, 1100000, 2831, 20, 0, 0, 0, 0, 46801), -- No Faction found! MoneyCost not recalculated!
(1075, 376555, 800000, 2831, 10, 0, 0, 0, 0, 46801), -- No Faction found! MoneyCost not recalculated!
(1075, 376528, 1600000, 2831, 40, 0, 0, 0, 0, 46801), -- No Faction found! MoneyCost not recalculated!
(1075, 376543, 1400000, 2831, 30, 0, 0, 0, 0, 46801), -- No Faction found! MoneyCost not recalculated!
(1075, 376558, 1300000, 2831, 25, 0, 0, 0, 0, 46801), -- No Faction found! MoneyCost not recalculated!
(1075, 376538, 1800000, 2831, 50, 0, 0, 0, 0, 46801), -- No Faction found! MoneyCost not recalculated!
(1075, 376560, 800000, 2831, 10, 0, 0, 0, 0, 46801), -- No Faction found! MoneyCost not recalculated!
(1075, 376506, 1100000, 2831, 20, 0, 0, 0, 0, 46801), -- No Faction found! MoneyCost not recalculated!
(1075, 376508, 800000, 2831, 10, 0, 0, 0, 0, 46801), -- No Faction found! MoneyCost not recalculated!
(1075, 376507, 1000000, 2831, 15, 0, 0, 0, 0, 46801), -- No Faction found! MoneyCost not recalculated!
(1075, 376509, 600000, 2831, 5, 0, 0, 0, 0, 46801), -- No Faction found! MoneyCost not recalculated!
(1075, 376535, 1300000, 2831, 25, 0, 0, 0, 0, 46801), -- No Faction found! MoneyCost not recalculated!
(1075, 376533, 1700000, 2831, 45, 0, 0, 0, 0, 46801), -- No Faction found! MoneyCost not recalculated!
(1075, 366262, 1000000, 197, 1, 0, 0, 0, 58, 46801), -- No Faction found! MoneyCost not recalculated!
(1075, 264617, 10, 0, 0, 0, 0, 0, 5, 46801), -- No Faction found! MoneyCost not recalculated!
(1080, 396777, 1600000, 2827, 40, 0, 0, 0, 0, 46801), -- No Faction found! MoneyCost not recalculated!
(1080, 384314, 1000000, 2827, 15, 0, 0, 0, 0, 46801), -- No Faction found! MoneyCost not recalculated!
(1080, 382407, 1000000, 2827, 15, 0, 0, 0, 0, 46801), -- No Faction found! MoneyCost not recalculated!
(1080, 382346, 1300000, 2827, 25, 0, 0, 0, 0, 46801), -- No Faction found! MoneyCost not recalculated!
(1080, 382348, 1600000, 2827, 40, 0, 0, 0, 0, 46801), -- No Faction found! MoneyCost not recalculated!
(1080, 382387, 1700000, 2827, 45, 0, 0, 0, 0, 46801), -- No Faction found! MoneyCost not recalculated!
(1080, 389192, 1000000, 2827, 15, 0, 0, 0, 0, 46801), -- No Faction found! MoneyCost not recalculated!
(1080, 382402, 1400000, 2827, 30, 0, 0, 0, 0, 46801), -- No Faction found! MoneyCost not recalculated!
(1080, 382401, 1000000, 2827, 25, 0, 0, 0, 0, 46801), -- No Faction found! MoneyCost not recalculated!
(1080, 382330, 1300000, 2827, 25, 0, 0, 0, 0, 46801), -- No Faction found! MoneyCost not recalculated!
(1080, 382398, 1300000, 2827, 25, 0, 0, 0, 0, 46801), -- No Faction found! MoneyCost not recalculated!
(1080, 382397, 1100000, 2827, 20, 0, 0, 0, 0, 46801), -- No Faction found! MoneyCost not recalculated!
(1080, 382396, 1300000, 2827, 25, 0, 0, 0, 0, 46801), -- No Faction found! MoneyCost not recalculated!
(1080, 382395, 1100000, 2827, 20, 0, 0, 0, 0, 46801), -- No Faction found! MoneyCost not recalculated!
(1080, 382394, 1500000, 2827, 35, 0, 0, 0, 0, 46801), -- No Faction found! MoneyCost not recalculated!
(1080, 382393, 1000000, 2827, 20, 0, 0, 0, 0, 46801), -- No Faction found! MoneyCost not recalculated!
(1080, 382392, 1100000, 2827, 20, 0, 0, 0, 0, 46801), -- No Faction found! MoneyCost not recalculated!
(1080, 382391, 1800000, 2827, 50, 0, 0, 0, 0, 46801), -- No Faction found! MoneyCost not recalculated!
(1080, 382390, 1800000, 2827, 50, 0, 0, 0, 0, 46801), -- No Faction found! MoneyCost not recalculated!
(1080, 382389, 1800000, 2827, 50, 0, 0, 0, 0, 46801), -- No Faction found! MoneyCost not recalculated!
(1080, 382388, 1800000, 2827, 50, 0, 0, 0, 0, 46801), -- No Faction found! MoneyCost not recalculated!
(1080, 382386, 800000, 2827, 15, 0, 0, 0, 0, 46801), -- No Faction found! MoneyCost not recalculated!
(1080, 382385, 800000, 2827, 15, 0, 0, 0, 0, 46801), -- No Faction found! MoneyCost not recalculated!
(1080, 382384, 800000, 2827, 15, 0, 0, 0, 0, 46801), -- No Faction found! MoneyCost not recalculated!
(1080, 382383, 800000, 2827, 15, 0, 0, 0, 0, 46801), -- No Faction found! MoneyCost not recalculated!
(1080, 382380, 1000000, 2827, 20, 0, 0, 0, 0, 46801), -- No Faction found! MoneyCost not recalculated!
(1080, 382379, 1100000, 2827, 20, 0, 0, 0, 0, 46801), -- No Faction found! MoneyCost not recalculated!
(1080, 382378, 800000, 2827, 10, 0, 0, 0, 0, 46801), -- No Faction found! MoneyCost not recalculated!
(1080, 382377, 1000000, 2827, 15, 0, 0, 0, 0, 46801), -- No Faction found! MoneyCost not recalculated!
(1080, 382376, 600000, 2827, 5, 0, 0, 0, 0, 46801), -- No Faction found! MoneyCost not recalculated!
(1080, 382375, 500000, 2827, 1, 0, 0, 0, 0, 46801), -- No Faction found! MoneyCost not recalculated!
(1080, 366244, 1000000, 202, 1, 0, 0, 0, 58, 46801), -- No Faction found! MoneyCost not recalculated!
(1080, 264478, 10, 0, 0, 0, 0, 0, 5, 46801), -- No Faction found! MoneyCost not recalculated!
(1079, 366243, 1000000, 356, 1, 0, 0, 0, 58, 46801), -- No Faction found! MoneyCost not recalculated!
(1079, 271617, 10, 0, 0, 0, 0, 0, 5, 46801); -- No Faction found! MoneyCost not recalculated!


DELETE FROM `creature_trainer` WHERE (`CreatureID`=192048 AND `MenuID`=0 AND `OptionID`=0) OR (`CreatureID`=198094 AND `MenuID`=30046 AND `OptionID`=107418) OR (`CreatureID`=187261 AND `MenuID`=29958 AND `OptionID`=107293) OR (`CreatureID`=192055 AND `MenuID`=8518 AND `OptionID`=35961) OR (`CreatureID`=192565 AND `MenuID`=29959 AND `OptionID`=107294) OR (`CreatureID`=190524 AND `MenuID`=30050 AND `OptionID`=107426);
INSERT INTO `creature_trainer` (`CreatureID`, `TrainerID`, `MenuID`, `OptionID`) VALUES
(192048, 1076, 0, 0),
(198094, 1084, 30046, 107418),
(187261, 1086, 29958, 107293),
(192055, 1081, 8518, 35961),
(192565, 1075, 29959, 107294),
(190524, 1079, 30050, 107426);


DELETE FROM `gossip_menu` WHERE (`TextID`=1 AND `MenuID` IN (28097,29582,29579,28276,28282,28284,29178,27741,29347,28754,28739,28679,29958,28420,30084,28862,30034,28716,28715,28714,28713,30046,28697,28174,8518,29959,30030,30011,30159,30050,29010,29017,29018,29014,29016));
INSERT INTO `gossip_menu` (`MenuID`, `TextID`, `VerifiedBuild`) VALUES
(28097, 1, 46801), -- 187406 (Sendrax)
(29582, 1, 46801), -- 186767 (Majordomo Selistra)
(29579, 1, 46801), -- 186767 (Majordomo Selistra)
(28276, 1, 46801), -- 188299 (Talonstalker Kavia)
(28282, 1, 46801), -- 190563 (Left)
(28284, 1, 46801), -- 190564 (Right)
(29178, 1, 46801), -- 186428 (Ecologist Tharu)
(27741, 1, 46801), -- 186410 (Ecologist Iskha)
(29347, 1, 46801), -- 186584 (Commander Lethanak)
(28754, 1, 46801), -- 193363 (Sendrax)
(28739, 1, 46801), -- 193372 (Majordomo Selistra)
(28679, 1, 46801), -- 193362 (Sendrax)
(29958, 1, 46801), -- 187261 (Grun Ashbeard)
(28420, 1, 46801), -- 192438 (Haephesta)
(30084, 1, 46801), -- 380853 (Leatherworker's Tool Bench)
(28862, 1, 46801), -- 192558 (Toninaar)
(30034, 1, 46801), -- 198380 (Journalist Jessamine Spitz)
(28716, 1, 46801), -- 378435 (Embassy Visitor Log)
(28715, 1, 46801), -- 378435 (Embassy Visitor Log)
(28714, 1, 46801), -- 378435 (Embassy Visitor Log)
(28713, 1, 46801), -- 378435 (Embassy Visitor Log)
(30046, 1, 46801), -- 198094 (Head Chef Stacks)
(28697, 1, 46801), -- 193393 (Ambassador Fastrasz)
(28174, 1, 46801), -- 190571 (Xelendus Felwatcher)
(8518, 1, 46801), -- 192055 (Veeno)
(29959, 1, 46801), -- 192565 (Zayn Starmaker)
(30030, 1, 46801), -- 190535 (Quizla Blastcaps)
(30011, 1, 46801), -- 187236 (Boss Magor)
(30159, 1, 46801), -- 198846 (Cataloger Jakes)
(30050, 1, 46801), -- 190524 (Mora Cloudwalker)
(29010, 1, 46801), -- 194065 (Ketuna Skyflame)
(29017, 1, 46801), -- 194116 (Shin Summerhill)
(29018, 1, 46801), -- 194050 (Zalanti)
(29014, 1, 46801), -- 194583 (Krakz Cloudgrease)
(29016, 1, 46801); -- 194577 (Rinka)

DELETE FROM `gossip_menu_option` WHERE (`OptionID`=3 AND `MenuID` IN (28697,28716,28679,28715)) OR (`OptionID`=9 AND `MenuID` IN (28716,28714)) OR (`OptionID`=2 AND `MenuID` IN (28097,28679,28697,28739,28714,28715,28716,28754)) OR (`OptionID`=1 AND `MenuID` IN (28716,28420,28715,28739,30159,29347,28754,28282,28679,28714,28097,27741)) OR (`OptionID`=5 AND `MenuID` IN (28716,28715)) OR (`OptionID`=0 AND `MenuID` IN (30084,30046,28714,29579,30011,30159,28739,28697,28420,28715,30034,30030,28284,27741,29958,28716,29347,28679,30050,29178,28097,28276,28174,8518,28754,28713,29959,28862)) OR (`OptionID`=11 AND `MenuID` IN (28714,28716)) OR (`OptionID`=6 AND `MenuID` IN (28715,28714,28716)) OR (`OptionID`=4 AND `MenuID` IN (28716,28697,28714,28715)) OR (`OptionID`=7 AND `MenuID` IN (28714,28715,28716)) OR (`OptionID`=8 AND `MenuID` IN (28716,28714,28715)) OR (`OptionID`=12 AND `MenuID` IN (28716,28714)) OR (`OptionID`=13 AND `MenuID` IN (28716,28714)) OR (`OptionID`=10 AND `MenuID` IN (28716,28714));
INSERT INTO `gossip_menu_option` (`MenuID`, `OptionID`, `OptionNpc`, `OptionText`, `OptionBroadcastTextId`, `Language`, `ActionMenuID`, `ActionPoiID`, `BoxCoded`, `BoxMoney`, `BoxText`, `BoxBroadcastTextID`, `VerifiedBuild`) VALUES
(28697, 3, 0, 'Why is the embassy in ruins?', 0, 0, 0, 0, 0, 0, NULL, 0, 46801),
(28716, 9, 0, 'To help those in need', 0, 0, 0, 0, 0, 0, NULL, 0, 46801),
(28097, 2, 0, '|cFF0000FF(Quest)|r What is happening here?', 0, 0, 0, 0, 0, 0, NULL, 0, 46801),
(28716, 1, 0, 'Accompanying the Dragonscale Expedition', 0, 0, 0, 0, 0, 0, NULL, 0, 46801),
(28716, 5, 0, 'For Azeroth!', 135754, 0, 0, 0, 0, 0, NULL, 0, 46801), -- OptionBroadcastTextID: 135754 - 135754 - 199356 - 209889
(30084, 0, 49, '<Take up your tools and practice leatherworking.>', 0, 0, 0, 0, 0, 0, NULL, 0, 46801),
(28714, 11, 0, 'Dreamy-Eyes Kalecgos', 0, 0, 0, 0, 0, 0, NULL, 0, 46801),
(28715, 6, 0, 'After everyone\'s done setting up.', 0, 0, 0, 0, 0, 0, NULL, 0, 46801),
(30046, 0, 3, 'Can you, um... teach me how to cook?', 0, 0, 0, 0, 0, 0, NULL, 0, 46801),
(28714, 0, 0, '$p', 0, 0, 28715, 0, 0, 0, NULL, 0, 46801),
(29579, 0, 0, 'Why do the djaradin hate dragons?', 0, 0, 29582, 0, 0, 0, NULL, 0, 46801),
(30011, 0, 1, 'Show me your wares.', 58437, 0, 0, 0, 0, 0, NULL, 0, 46801), -- OptionBroadcastTextID: 58437 - 58437 - 90189 - 90189 - 180077 - 180077
(28716, 4, 0, 'For the Alliance!', 23351, 0, 0, 0, 0, 0, NULL, 0, 46801), -- OptionBroadcastTextID: 23351 - 23351 - 41981 - 41981 - 45042 - 45042 - 60929 - 60929 - 65834 - 65834 - 68597 - 68597 - 70902 - 70902 - 81073 - 81073 - 84768 - 84768 - 85083 - 85083 - 87296 - 87296 - 88567 - 88567 - 89126 - 89126 - 91856 - 91856 - 97246 - 97246 - 99191 - 99191 - 101606 - 101606 - 101952 - 101952 - 108614 - 108614 - 108780 - 108780 - 109297 - 109297 - 109740 - 109740 - 112900 - 112900 - 113099 - 113099 - 114470 - 114470 - 114884 - 114884 - 117268 - 117268 - 119538 - 119538 - 127510 - 127510 - 133069 - 133069 - 134007 - 134007 - 138422 - 138422 - 140044 - 140044 - 141897 - 141897 - 141898 - 141898 - 143179 - 143179 - 143249 - 143249 - 145298 - 145298 - 146212 - 146212 - 146442 - 146442 - 147658 - 147658 - 151495 - 151495 - 152456 - 152456 - 156223 - 156223 - 156269 - 156269 - 156449 - 156449 - 156548 - 156548 - 157095 - 157095 - 158123 - 158123 - 159875 - 159875 - 160851 - 160851 - 164444 - 164444 - 166655 - 166655 - 167586 - 167586 - 167974 - 167974 - 168091 - 168091 - 168107 - 168107 - 168282 - 168282 - 168653 - 168653 - 169426 - 169426 - 170352 - 170352 - 181500 - 181500 - 184478 - 184478 - 198796 - 198796 - 199549 - 199549
(28714, 7, 0, '$p, the Life-Binder', 0, 0, 0, 0, 0, 0, NULL, 0, 46801),
(28679, 2, 0, 'Have you not seen |5$pr before?', 0, 0, 0, 0, 0, 0, NULL, 0, 46801),
(30159, 0, 1, 'Can I see the Renown items you have for sale?', 0, 0, 0, 0, 0, 0, NULL, 0, 46801),
(28420, 1, 0, 'What is the Artisan\'s Consortium?', 0, 0, 0, 0, 0, 0, NULL, 0, 46801),
(28739, 0, 0, 'I\'m confused. Are you a dragon or a vulpera?', 0, 0, 0, 0, 0, 0, NULL, 0, 46801),
(28697, 0, 5, 'Make this inn your home.', 2822, 0, 0, 0, 0, 0, NULL, 0, 46801), -- OptionBroadcastTextID: 2822 - 2822 - 162070 - 162070
(28697, 2, 0, '|cFF0000FF(Quest)|r I\'m a new arrival with the Dragonscale Expedition.', 0, 0, 0, 0, 0, 0, NULL, 0, 46801),
(28420, 0, 0, 'Why did you join the Artisan\'s Consortium?', 0, 0, 0, 0, 0, 0, NULL, 0, 46801),
(28716, 11, 0, 'Why does anyone do anything? Epic loot.', 0, 0, 0, 0, 0, 0, NULL, 0, 46801),
(28715, 1, 0, '<Write today\'s date, hour, minute, and second.>', 0, 0, 0, 0, 0, 0, NULL, 0, 46801),
(28697, 4, 0, 'Why do dragons have an embassy for mortals?', 0, 0, 0, 0, 0, 0, NULL, 0, 46801),
(28739, 1, 0, 'What does a \"majordomo\" do?', 0, 0, 0, 0, 0, 0, NULL, 0, 46801),
(30159, 1, 53, 'I wish to know where I stand with the Dragonscale Expedition?', 0, 0, 0, 0, 0, 0, NULL, 0, 46801),
(28715, 0, 0, '<Write today\'s date.>', 0, 0, 28716, 0, 0, 0, NULL, 0, 46801),
(29347, 1, 0, 'Why did the djaradin attack the outpost?', 0, 0, 0, 0, 0, 0, NULL, 0, 46801),
(28716, 8, 0, 'To save the world... again', 0, 0, 0, 0, 0, 0, NULL, 0, 46801),
(30034, 0, 3, 'Teach me about inscription.', 0, 0, 0, 0, 0, 0, NULL, 0, 46801),
(28715, 7, 0, 'Last call, I hope.', 0, 0, 0, 0, 0, 0, NULL, 0, 46801),
(28714, 8, 0, '$p, the King of Dragons', 0, 0, 0, 0, 0, 0, NULL, 0, 46801),
(30030, 0, 3, 'Train me in engineering.', 0, 0, 0, 0, 0, 0, NULL, 0, 46801),
(28284, 0, 0, '|cFF0000FF(Quest)|r What have you observed about the djaradin?', 0, 0, 0, 0, 0, 0, NULL, 0, 46801),
(28739, 2, 0, '|cFF0000FF(Quest)|r How can I help defend against the djaradin?', 0, 0, 0, 0, 0, 0, NULL, 0, 46801),
(28716, 12, 0, 'I was dragged here by someone I care about', 0, 0, 0, 0, 0, 0, NULL, 0, 46801),
(27741, 0, 0, 'Why are there so many deceased animals here?', 0, 0, 0, 0, 0, 0, NULL, 0, 46801),
(28716, 13, 0, 'You tell me. I don\'t read quests, I just complete them!', 0, 0, 0, 0, 0, 0, NULL, 0, 46801),
(29958, 0, 3, 'Train me in Mining.', 47116, 0, 0, 0, 0, 0, NULL, 0, 46801), -- OptionBroadcastTextID: 47116 - 47116
(28716, 10, 0, 'To best mighty foes in glorious battle', 0, 0, 0, 0, 0, 0, NULL, 0, 46801),
(28716, 3, 0, 'For the Horde!', 4921, 0, 0, 0, 0, 0, NULL, 0, 46801), -- OptionBroadcastTextID: 4921 - 4921 - 8283 - 8283 - 10002 - 10002 - 11288 - 11288 - 23357 - 23357 - 25796 - 25796 - 31690 - 32561 - 32561 - 33420 - 33420 - 34656 - 34656 - 34903 - 34903 - 40795 - 40795 - 41607 - 41607 - 41838 - 41838 - 41868 - 41868 - 41982 - 41982 - 43716 - 43716 - 45043 - 45043 - 46160 - 46160 - 46161 - 46161 - 51118 - 51118 - 55682 - 55682 - 57809 - 57809 - 61251 - 61251 - 65831 - 65831 - 67561 - 67561 - 67768 - 67768 - 68807 - 68807 - 69201 - 69201 - 70907 - 70907 - 71178 - 71178 - 73019 - 73019 - 73340 - 73340 - 82366 - 82366 - 84811 - 84811 - 85086 - 85086 - 87272 - 87272 - 87298 - 87298 - 91853 - 91853 - 94957 - 94957 - 97178 - 97178 - 98883 - 98883 - 100790 - 100790 - 102270 - 102270 - 106235 - 106235 - 106910 - 106910 - 106966 - 106966 - 107068 - 107068 - 113529 - 113529 - 114629 - 114629 - 121526 - 121526 - 127480 - 127480 - 136345 - 136345 - 140042 - 140042 - 140046 - 140046 - 140505 - 140505 - 143414 - 143414 - 143433 - 143433 - 144349 - 144349 - 149408 - 149408 - 150979 - 150979 - 151156 - 151156 - 151540 - 151540 - 151766 - 151766 - 152058 - 152058 - 152098 - 152098 - 155222 - 155222 - 155438 - 155438 - 156620 - 156620 - 160807 - 160807 - 160832 - 160832 - 167223 - 167223 - 167678 - 167678 - 167810 - 167810 - 168194 - 168194 - 168231 - 168231 - 168281 - 168281 - 172298 - 172298 - 178531 - 178531 - 181906 - 181906 - 197016 - 197016 - 199505 - 199505
(28714, 2, 0, '$ct $p', 0, 0, 0, 0, 0, 0, NULL, 0, 46801),
(28715, 2, 0, 'Tomorrow', 0, 0, 0, 0, 0, 0, NULL, 0, 46801),
(28679, 3, 0, 'So this used to be an Embassy for mortals?', 0, 0, 0, 0, 0, 0, NULL, 0, 46801),
(28754, 1, 0, 'Have you not seen |5$pr before?', 0, 0, 0, 0, 0, 0, NULL, 0, 46801),
(28282, 1, 0, '|cFF0000FF(Quest)|r What have you observed about the djaradin?', 0, 0, 0, 0, 0, 0, NULL, 0, 46801),
(28714, 10, 0, 'Chromie', 0, 0, 0, 0, 0, 0, NULL, 0, 46801),
(28716, 7, 0, 'My purpose is my own', 0, 0, 0, 0, 0, 0, NULL, 0, 46801),
(28714, 9, 0, 'Wrathion\'s BFF', 0, 0, 0, 0, 0, 0, NULL, 0, 46801),
(28716, 0, 0, 'To aid the Dragonflights', 0, 0, 0, 0, 0, 0, NULL, 0, 46801),
(28679, 1, 0, '|cFF0000FF(Quest)|r Send the signal flare to alert the dragons of our arrival.', 0, 0, 0, 0, 0, 0, NULL, 0, 46801),
(28714, 6, 0, 'Alexstrasza the Life-Binder, Queen of the Dragons', 0, 0, 0, 0, 0, 0, NULL, 0, 46801),
(29347, 0, 0, 'What can you tell me about the djaradin?', 0, 0, 0, 0, 0, 0, NULL, 0, 46801),
(28715, 3, 0, 'The not-too-distant-future', 0, 0, 0, 0, 0, 0, NULL, 0, 46801),
(28714, 12, 0, 'The Angry Ghost of Ysera', 0, 0, 0, 0, 0, 0, NULL, 0, 46801),
(28714, 1, 0, '$p, $rl $c', 0, 0, 0, 0, 0, 0, NULL, 0, 46801),
(28679, 0, 0, '|cFF0000FF(Quest)|r Why aren\'t the dragons here to meet us?', 0, 0, 0, 0, 0, 0, NULL, 0, 46801),
(30050, 0, 3, 'Train me in Fishing', 0, 0, 0, 0, 0, 0, NULL, 0, 46801),
(28714, 4, 0, '$vn', 0, 0, 0, 0, 0, 0, NULL, 0, 46801),
(29178, 0, 0, 'Aren\'t you concerned about the attack on Dragonheart Outpost?', 0, 0, 0, 0, 0, 0, NULL, 0, 46801),
(28714, 13, 0, 'Stonehead', 0, 0, 0, 0, 0, 0, NULL, 0, 46801),
(28097, 0, 0, 'Why do the Primalists want dragon eggs?', 0, 0, 0, 0, 0, 0, NULL, 0, 46801),
(28715, 5, 0, 'Precisely when I meant to.', 0, 0, 0, 0, 0, 0, NULL, 0, 46801),
(28715, 8, 0, 'I don\'t believe in time.', 0, 0, 0, 0, 0, 0, NULL, 0, 46801),
(28276, 0, 0, '|cFF0000FF(Quest)|r What have you observed about the djaradin?', 0, 0, 0, 0, 0, 0, NULL, 0, 46801),
(28174, 0, 0, 'Why are you wearing sunglasses if you\'re blindfolded?', 0, 0, 0, 0, 0, 0, NULL, 0, 46801),
(28097, 1, 0, 'Who are the Primalists?', 0, 0, 0, 0, 0, 0, NULL, 0, 46801),
(8518, 0, 3, 'Train me.', 3266, 0, 0, 0, 0, 0, NULL, 0, 46801), -- OptionBroadcastTextID: 3266 - 3266
(28715, 4, 0, 'As quickly as I could. Sorry, I\'m late. I\'m always late.', 0, 0, 0, 0, 0, 0, NULL, 0, 46801),
(28716, 2, 0, 'Personally invited by Alexstrasza', 0, 0, 0, 0, 0, 0, NULL, 0, 46801),
(28754, 0, 0, 'So this used to be an Embassy for mortals?', 0, 0, 0, 0, 0, 0, NULL, 0, 46801),
(27741, 1, 0, 'What can you tell me about these wetlands?', 0, 0, 0, 0, 0, 0, NULL, 0, 46801),
(28713, 0, 0, '<Begin filling out the form.>', 0, 0, 28714, 0, 0, 0, NULL, 0, 46801),
(28754, 2, 0, '|cFF0000FF(Quest)|r Lead me to Dragonheart Outpost.', 0, 0, 0, 0, 0, 0, NULL, 0, 46801),
(29959, 0, 3, 'Train me in Tailoring.', 47118, 0, 0, 0, 0, 0, NULL, 0, 46801), -- OptionBroadcastTextID: 47118 - 47118
(28862, 0, 3, 'Train me.', 3266, 0, 0, 0, 0, 0, NULL, 0, 46801), -- OptionBroadcastTextID: 3266 - 3266
(28716, 6, 0, 'For the cute baby ducks!', 0, 0, 0, 0, 0, 0, NULL, 0, 46801);



DELETE FROM `creature_template` WHERE `entry` IN (190013 /*Ruby Dragon Egg*/, 190171 /*Ruby Egg Guardian*/, 191886 /*Primalist Lava Conduit*/, 186823 /*Lavacaller Primalist*/, 186829 /*Spiteful Slug*/, 188667 /*Swelling Fire Elemental*/, 191904 /*Ruby Dragon Eggs*/, 198619 /*Tracker Dragon Glyph*/, 194820 /*Dragon Glyph*/, 188372 /*Primal Tarasek*/, 190080 /*Tarasek Elementalist*/, 186833 /*Spiteful Snail*/, 195915 /*Firava the Rekindler*/, 188666 /*Unleashed Lavaburst*/, 187406 /*Sendrax*/, 186825 /*Molten Primalist*/, 186836 /*Lava Burster*/, 195917 /*Primal Revenant*/, 192181 /*Wild Rockfang*/, 192182 /*Rockfang Hunter*/, 186834 /*Stubborn Hornswog*/, 191625 /*Vorquin Foal*/, 191817 /*Shores Snake*/, 190211 /*Egg Returned to Safety Kill Credit [DNT]*/, 194525 /*Apprentice Caretaker Zefren*/, 190155 /*Caretaker Azkra*/, 194517 /*Crushing Elemental*/, 199439 /*Flopping Tilapia*/, 191797 /*Steam Drip*/, 188698 /*Dreadsquall Feaster*/, 190151 /*Ruby Culler*/, 188699 /*Carrion Phoenix*/, 191792 /*Frog*/, 191975 /*Rocan the Mountain*/, 191917 /*Erupting Magma*/, 192054 /*Bottled Water Elemental*/, 191677 /*Magmammoth Calf*/, 191517 /*Erupting Droplet*/, 192136 /*Flame Flick*/, 191983 /*Erupting Droplet*/, 188297 /*Caretaker Ventraz*/, 190093 /*Ruby Culler*/, 191945 /*Cracked Elemental*/, 191944 /*Erupting Lasher*/, 190771 /*Injured Ruby Culler*/, 186697 /*Ruby Culler*/, 193925 /*Obsidian Swoglet*/, 193926 /*Elder Obsidian Hornswog*/, 186767 /*Majordomo Selistra*/, 194772 /*Wrathion*/, 191678 /*Magmammoth Crusher*/, 194941 /*Sotok's Cache*/, 193923 /*Mature Obsidian Hornswog*/, 190563 /*Left*/, 192341 /*Qalashi Drakeflayer*/, 186727 /*Qalashi Rampager*/, 186683 /*Restless Rocks*/, 192135 /*Phoenix Hatchling*/, 186724 /*Qalashi Flamemaster*/, 191899 /*Qalashi Marauder*/, 191898 /*Qalashi Ragetamer*/, 190564 /*Right*/, 191902 /*Qalashi Magmatamer*/, 186682 /*Raging Tremors*/, 186573 /*Restless Lava*/, 186777 /*Meatgrinder Sotok*/, 188299 /*Talonstalker Kavia*/, 187043 /*Hardened Lava*/, 186728 /*Magmammoth Bull*/, 191901 /*Blazing Dreadsquall*/, 197869 /*Shattered Orb*/, 186570 /*Lava Elemental*/, 194804 /*Qalashi Rampager*/, 192134 /*Lava Snail*/, 194222 /*Qalashi Flamemuzzler*/, 191611 /*Dragonhunter Igordan*/, 191513 /*Captured Raven*/, 197260 /*Flameshaper Lorak*/, 195678 /*Qalashi Marauder*/, 194693 /*Dragon Target [DNT]*/, 191136 /*Qalashi Flameshatter*/, 191509 /*Blazing Dreadsquall*/, 192138 /*Lava Pincer*/, 186800 /*Seera Flametamed*/, 191672 /*Lava Tarantula*/, 191819 /*Prairie Dog*/, 195672 /*Qalashi Scoundrel*/, 186640 /*Wrathion*/, 194774 /*Majordomo Selistra*/, 186792 /*Qalashi Skirmisher*/, 180705 /*Magmammoth Calf*/, 186965 /*Smoldering Feather*/, 191798 /*Stray Gust*/, 191647 /*Young Wind Serpent*/, 191903 /*Magmammoth Bull*/, 191645 /*Wind Serpent*/, 191446 /*Qalashi Scoundrel*/, 191628 /*Lava Snail*/, 191629 /*Lava Slug*/, 190766 /*Qalashi Ragetamer*/, 191637 /*Lava Phoenix*/, 186687 /*Arbalest*/, 190767 /*Qalashi Metalshaper*/, 189064 /*Waddles the Rescued Duckling*/, 184853 /*Primal Scythid Queen*/, 190600 /*Bubbled Duckling*/, 188860 /*Whirglgurgl*/, 187439 /*Bubbled Duckling*/, 187432 /*Windyfin Windbringer*/, 188205 /*Whirling Updraft*/, 187543 /*Summoned Zephyr*/, 187414 /*Summoned Typhoon*/, 187410 /*Summoned Tsunami*/, 188859 /*Sogglmoggl*/, 187433 /*Windyfin Squallstalker*/, 187431 /*Windyfin Skybasher*/, 189984 /*Grateful Gull*/, 187883 /*Windyfin Gorloc Corpse*/, 187882 /*Soggymaw Gorloc Corpse*/, 189983 /*Grateful Basilisk*/, 189757 /*Snoozing Basilisk Bull*/, 190193 /*Bound Shoresnapper*/, 187542 /*Summoned Ripple*/, 187971 /*Soggymaw Crabtrapper*/, 190133 /*Conscripted Crab*/, 187263 /*Soggymaw Wavebringer*/, 187320 /*Soggymaw Seabasher*/, 189737 /*Kelp Nibbler*/, 190249 /*Frazzled Basilisk*/, 193217 /*Drakewing*/, 189992 /*Restless Wildfowl*/, 188266 /*Cowering Crab*/, 189756 /*Lazy Basilisk*/, 187493 /*Rampaging Water*/, 187468 /*Helpless Waterfowl*/, 180673 /*Turbulent Waters*/, 187462 /*Distressed Riverbeast Calf*/, 189703 /*Sunning Salamanther*/, 189619 /*Tragically Deceased Crab*/, 187494 /*Rampaging Wind*/, 189688 /*Bemused Axebeak*/, 189659 /*Tragically Deceased Waterfowl*/, 189613 /*Tragically Deceased Riverbeast*/, 186410 /*Ecologist Iskha*/, 192095 /*Ironbeak Duck*/, 187620 /*Disgruntled Riverbeast Matriarch*/, 195309 /*Bolstered Whelpling*/, 191639 /*Vibrant Butterfly*/, 191620 /*River Swoglet*/, 191618 /*River Hornswog*/, 195853 /*Qalashi Trainee*/, 189122 /*Palamanther*/, 191616 /*Young Ottuk*/, 191624 /*Tranquil Vorquin*/, 191615 /*River Ottuk*/, 190301 /*Fretful Riverbeast Calf*/, 186576 /*Ruby Watcher*/, 191812 /*Crumbling Pebbles*/, 194231 /*Whimpering Whelpling*/, 187467 /*Distressed Riverbeast*/, 186684 /*Lava Phoenix*/, 188296 /*Qalashi Djaradin*/, 192059 /*Palamanther*/, 191833 /*Qalashi Scavenger*/, 191475 /*Amella*/, 194129 /*Sendrax*/, 195037 /*Ruby Watcher*/, 190144 /*Fretful Riverbeast Elder*/, 189307 /*Skitterfly*/, 195032 /*Qalashi Djaradin*/, 186593 /*Ruby Watcher*/, 191809 /*Tiny Butterfly*/, 186577 /*Ruby Searer*/, 187442 /*Waking Duck*/, 186584 /*Commander Lethanak*/, 195303 /*Mender Eskros*/, 191721 /*Ruby Fallen*/, 186582 /*Ruby Warden*/, 198618 /*Tracker Dragon Glyph*/, 194972 /*Dragon Glyph*/, 194235 /*Ruby Wagon*/, 193023 /*Wounded Swarmer*/, 195174 /*Ruby Packhorse*/, 199414 /*Isles Butterfly*/, 191818 /*Shaggy Rabbit*/, 191553 /*Wild Argali*/, 191554 /*Argali Lamb*/, 191807 /*Sendrax*/, 194126 /*Naleidea Rivergleam*/, 194127 /*Toddy Whiskers*/, 193371 /*Wrathion*/, 193372 /*Majordomo Selistra*/, 193365 /*Toddy Whiskers*/, 193363 /*Sendrax*/, 193366 /*Naleidea Rivergleam*/, 195577 /*Primal Proto-Whelp*/, 193876 /*Primal Proto-Whelp*/, 191830 /*Dreadsquall Hatchling*/, 194526 /*Magma Droplet*/, 192274 /*Baron Ashflow*/, 193001 /*Kindlet*/, 188267 /*Unsettled Seagull*/, 186428 /*Ecologist Tharu*/, 192266 /*Baron Crustcore*/, 193671 /*Volcanic Geode*/, 187322 /*Primal Earth Elemental*/, 192137 /*Lava Flick*/, 189801 /*Ancient Proto-Dragon*/, 189798 /*Ancient Proto-Dragon*/, 193712 /*Surveyor's Disc*/, 193000 /*Kindlet*/, 193026 /*Emberling*/, 187326 /*Encroaching Lava*/, 187321 /*Primal Lava Elemental*/, 193024 /*Emberling*/, 198392 /*An'timon*/, 198095 /*Sous-Chef Butterfingers*/, 198094 /*Head Chef Stacks*/, 192227 /*Encroaching Lava*/, 198380 /*Journalist Jessamine Spitz*/, 191946 /*Cracked Elemental*/, 193915 /*Emilia Bellocq*/, 192490 /*Tixxa Mixxa*/, 193914 /*Toht Twofingers*/, 192438 /*Haephesta*/, 193928 /*Brave Researcher*/, 193393 /*Ambassador Fastrasz*/, 192210 /*Mia Pyke*/, 192407 /*Cracked Elemental*/, 187257 /*Aster Cloudgaze*/, 194238 /*Ruby Drakonid*/, 192558 /*Toninaar*/, 190577 /*Tellywin Sharpfizzle*/, 190571 /*Xelendus Felwatcher*/, 192048 /*Deirdre Flemmin*/, 192207 /*Sihua*/, 187261 /*Grun Ashbeard*/, 192565 /*Zayn Starmaker*/, 193838 /*Vish the Sneak*/, 192563 /*Kholmar Sunrunner*/, 192055 /*Veeno*/, 198846 /*Cataloger Jakes*/, 198398 /*Misty Catseye*/, 185773 /*Elia Bladeleaf*/, 184450 /*Henry Garrick*/, 184449 /*Captain Garrick*/, 189058 /*Thaelin Darkanvil*/, 189061 /*Archivist Rellid*/, 193913 /*Ruby Dragonspawn*/, 190535 /*Quizla Blastcaps*/, 185774 /*Dallio Morelli*/, 193858 /*Expedition Surveyor*/, 189062 /*Professor Cogcatcher*/, 189063 /*Spelunker Lockeye*/, 189060 /*Cataloger Wulferd*/, 198848 /*Rae'ana*/, 189059 /*Pathfinder Jeb*/, 192549 /*Feilin Kuan*/, 187194 /*Restless Explorer*/, 193707 /*Surveyor's Disc*/, 187251 /*Toddy Whiskers*/, 184452 /*Warlord Breka Grimaxe*/, 194236 /*Ruby Dragonspawn*/, 187252 /*Scalecommander Azurathel*/, 184451 /*Shuja Grimaxe*/, 187135 /*Expedition Guardian*/, 197285 /*Wildfeather*/, 193362 /*Sendrax*/, 187125 /*Expedition Guardian*/, 187123 /*Expedition Guardian*/, 187121 /*Expedition Guarantor*/, 187253 /*Spelunker Lazee*/, 193917 /*Ruby Drakonid*/, 194695 /*Dragon Glyph*/, 198622 /*Tracker Dragon Glyph*/, 189093 /*Pricklefury Hare*/, 192103 /*Pricklefury Hare*/, 184867 /*Fussy Swoglet*/, 187151 /*Spelunker Lazee*/, 189094 /*Magma Slug*/, 197503 /*The Rugged Dragonscale*/, 187254 /*Archivist Spearblossom*/, 187111 /*Ancient Hornswog*/, 184851 /*Lava Snail*/, 198608 /*Tracker Dragon Glyph*/, 194982 /*Dragon Glyph*/, 187255 /*Pathfinder Poppy*/, 187157 /*Archivist Spearblossom*/, 192104 /*Magma Slug*/, 190565 /*Distressed Marmoni*/, 188028 /*Salty Salamander*/, 195241 /*Primal Proto-Drake*/, 194681 /*Maoli*/, 184855 /*Salty Skitterfly*/, 187235 /*Scalecommander Cindrethresh*/, 187234 /*Pathfinder Tacha*/, 187236 /*Boss Magor*/, 187229 /*Cataloger Coralie*/, 184870 /*Naleidea Rivergleam*/, 187143 /*Pathfinder Poppy*/, 187120 /*Hungry Proto-Dragon*/, 193806 /*Primal Proto-Drake*/, 195502 /*Pricklefury Hare*/, 195597 /*Primal Proto-Whelp*/, 195242 /*Distressed Marmoni*/, 195260 /*Fire Beetle*/, 187061 /*Expedition Guarantor*/, 184862 /*Primal Proto-Whelp*/, 187403 /*Sil'nori Crestshade*/, 188057 /*Curious Marmoni*/, 193811 /*Primal Proto-Drake*/, 184859 /*Scalecommander Cindrethresh*/, 184842 /*Cataloger Coralie*/, 184841 /*Naleidea Rivergleam*/, 184845 /*Pathfinder Tacha*/, 184844 /*Boss Magor*/, 184856 /*Salty Skitterbug*/, 195884 /*Expedition Guarantor*/, 191148 /*Kite*/, 190524 /*Mora Cloudwalker*/, 192153 /*Baby Octopus*/, 192143 /*Baby Sea Turtle*/, 193816 /*Primal Proto-Drake*/, 192142 /*Sea Turtle*/, 188027 /*Salty Salamander*/, 190526 /*Jaffe Cloudwalker*/, 187062 /*Expedition Guarantor*/, 191060 /*Fussy Swoglet*/, 190532 /*Kite*/, 190516 /*Ephra Breezewood*/, 184861 /*Distressed Marmoni*/, 195639 /*Primal Proto-Drake*/, 187140 /*Cantankerous Hornswog*/, 192149 /*River Frillfish*/, 192132 /*Depths Eel*/, 192148 /*Tranquil Tideskipper*/, 184857 /*Rambunctious Tideskipper*/, 196954 /*Guff Runetotem*/, 198299 /*Happy Swoglet*/, 190587 /*Ancient Proto-Dragon*/, 190056 /*Primal Proto-Drake*/, 184869 /*Primal Proto-Drake*/, 192151 /*Smoothfin Mantacorn*/, 195796 /*Primal Proto-Drake*/, 195795 /*Ancient Proto-Dragon*/, 189333 /*Naleidea Rivergleam*/, 189351 /*Pathfinder Tacha*/, 189350 /*Boss Magor*/, 189347 /*Cataloger Coralie*/, 189346 /*Scalecommander Cindrethresh*/, 194576 /*Vernell Bartlett*/, 194116 /*Shin Summerhill*/, 194065 /*Ketuna Skyflame*/, 189609 /*Quartermaster Furlein*/, 194582 /*Mathog Hideflayer*/, 194581 /*Trauga Bloodhelm*/, 194050 /*Zalanti*/, 194563 /*Arandil Featherdawn*/, 194569 /*Si'va*/, 194361 /*Rathamaresh*/, 194583 /*Krakz Cloudgrease*/, 194561 /*Talanath Goldcrest*/, 194073 /*Lux Fizzlegig*/, 198368 /*(Bunny) Crow's Nest*/, 198367 /*(Bunny) Crow's Nest [DNT]*/, 194056 /*Dragon Kite*/, 194055 /*Dahanu Highwing*/, 194577 /*Rinka*/, 194115 /*Airship Worker*/, 198750 /*Expedition Escort*/, 184286 /*Captain Caspartine*/, 184807 /*The Defiant Dragonscale*/, 198096 /*Valdrakken Flightmage*/);
INSERT INTO `creature_template` (`entry`, `gossip_menu_id`, `minlevel`, `maxlevel`, `faction`, `npcflag`, `speed_walk`, `speed_run`, `BaseAttackTime`, `RangeAttackTime`, `unit_flags`, `unit_flags2`, `unit_flags3`, `dynamicflags`, `VehicleId`, `HoverHeight`) VALUES
(190013, 0, 62, 62, 3276, 0, 1, 1, 2000, 0, 768, 67110912, 0, 0, 0, 1), -- Ruby Dragon Egg
(190171, 0, 61, 61, 35, 3, 1, 1.142857193946838378, 2000, 0, 33088, 33556480, 1048576, 0, 0, 1), -- Ruby Egg Guardian
(191886, 0, 62, 62, 14, 0, 1, 1, 2000, 0, 768, 67143680, 16777216, 0, 0, 1), -- Primalist Lava Conduit
(186823, 0, 62, 62, 3320, 0, 1, 1.142857193946838378, 2000, 0, 32768, 2048, 0, 0, 0, 1), -- Lavacaller Primalist
(186829, 0, 62, 62, 190, 0, 1.399999976158142089, 0.5, 2000, 0, 32768, 16779264, 0, 0, 0, 1), -- Spiteful Slug
(188667, 0, 62, 62, 3320, 0, 1, 1.142857193946838378, 2000, 0, 32832, 2048, 0, 0, 0, 1), -- Swelling Fire Elemental
(191904, 0, 70, 70, 35, 0, 1, 1.142857193946838378, 2000, 0, 33555200, 100665344, 1, 0, 0, 1), -- Ruby Dragon Eggs
(198619, 0, 70, 70, 35, 0, 1, 1.142857193946838378, 2000, 0, 33555200, 73402368, 16777216, 0, 0, 1), -- Tracker Dragon Glyph
(194820, 0, 70, 70, 35, 0, 1, 1.142857193946838378, 2000, 0, 33555200, 73402368, 16777216, 0, 0, 1), -- Dragon Glyph
(188372, 0, 62, 62, 3320, 0, 1, 1.142857193946838378, 2000, 0, 32768, 2048, 0, 0, 0, 1), -- Primal Tarasek
(190080, 0, 62, 62, 3320, 0, 1, 1.142857193946838378, 2000, 0, 32768, 2048, 0, 0, 0, 1), -- Tarasek Elementalist
(186833, 0, 62, 62, 190, 0, 1, 0.357142865657806396, 2000, 0, 32768, 16779264, 0, 0, 0, 1), -- Spiteful Snail
(195915, 0, 63, 63, 3331, 0, 1, 1.142857193946838378, 2000, 0, 64, 2048, 0, 0, 0, 1), -- Firava the Rekindler
(188666, 0, 62, 62, 3320, 0, 1, 1.142857193946838378, 2000, 0, 32768, 2048, 0, 0, 0, 1), -- Unleashed Lavaburst
(187406, 28097, 62, 62, 3276, 3, 1, 1.142857193946838378, 2000, 0, 33600, 2048, 0, 0, 0, 1), -- Sendrax
(186825, 0, 62, 62, 3320, 0, 1, 1.142857193946838378, 2000, 0, 32768, 2048, 0, 0, 0, 1), -- Molten Primalist
(186836, 0, 62, 62, 14, 0, 1, 1, 2000, 0, 32832, 2048, 0, 0, 0, 1), -- Lava Burster
(195917, 0, 62, 62, 3331, 0, 1, 1.142857193946838378, 2000, 0, 32832, 2048, 0, 0, 0, 1), -- Primal Revenant
(192181, 0, 62, 62, 190, 0, 1, 0.992062866687774658, 2000, 0, 32768, 2048, 0, 0, 0, 1), -- Wild Rockfang
(192182, 0, 62, 62, 16, 0, 1, 0.992062866687774658, 2000, 0, 32832, 2048, 0, 0, 0, 1), -- Rockfang Hunter
(186834, 0, 62, 62, 190, 0, 1, 1.142857193946838378, 2000, 0, 32832, 2048, 0, 0, 0, 1), -- Stubborn Hornswog
(191625, 0, 62, 62, 190, 0, 1, 1.142857193946838378, 2000, 0, 32768, 2048, 0, 0, 0, 1), -- Vorquin Foal
(191817, 0, 1, 1, 188, 0, 1, 1.142857193946838378, 2000, 0, 32768, 2048, 0, 0, 0, 1), -- Shores Snake
(190211, 0, 62, 62, 35, 0, 1, 1.142857193946838378, 2000, 0, 33555200, 2048, 16777216, 0, 0, 1), -- Egg Returned to Safety Kill Credit [DNT]
(194525, 0, 62, 62, 3276, 3, 1, 1.142857193946838378, 2000, 0, 33600, 2048, 0, 0, 0, 1), -- Apprentice Caretaker Zefren
(190155, 0, 62, 62, 3276, 3, 1, 1.142857193946838378, 2000, 0, 33600, 2048, 0, 0, 0, 1), -- Caretaker Azkra
(194517, 0, 62, 62, 16, 0, 1, 1.142857193946838378, 2000, 0, 32768, 2048, 0, 0, 0, 1), -- Crushing Elemental
(199439, 0, 70, 70, 190, 16777216, 1, 1, 2000, 0, 768, 67110912, 16809984, 0, 0, 1), -- Flopping Tilapia
(191797, 0, 1, 1, 188, 0, 1, 1.142857193946838378, 2000, 0, 32768, 2048, 0, 0, 0, 1), -- Steam Drip
(188698, 0, 62, 62, 16, 0, 1, 1.142857193946838378, 2000, 0, 32768, 2048, 0, 0, 0, 1), -- Dreadsquall Feaster
(190151, 0, 62, 62, 3277, 1, 1, 1.142857193946838378, 2000, 0, 32832, 2048, 0, 0, 0, 1), -- Ruby Culler
(188699, 0, 62, 62, 14, 0, 1, 1.142857193946838378, 2000, 0, 32768, 2048, 0, 0, 0, 1), -- Carrion Phoenix
(191792, 0, 1, 1, 188, 0, 1, 1.142857193946838378, 2000, 0, 32768, 2048, 0, 0, 0, 1), -- Frog
(191975, 0, 62, 62, 35, 0, 1, 1.142857193946838378, 2000, 0, 33600, 0, 0, 0, 0, 1), -- Rocan the Mountain
(191917, 0, 62, 62, 3307, 0, 1, 1.142857193946838378, 2000, 0, 32832, 2048, 0, 0, 0, 1), -- Erupting Magma
(192054, 0, 62, 62, 3308, 0, 1, 1.142857193946838378, 2000, 0, 33024, 2048, 524288, 0, 0, 1), -- Bottled Water Elemental
(191677, 0, 62, 62, 16, 0, 1, 1.142857193946838378, 2000, 0, 32768, 2048, 0, 0, 0, 1), -- Magmammoth Calf
(191517, 0, 62, 62, 3310, 0, 1, 1.142857193946838378, 2000, 0, 32768, 16779264, 0, 0, 0, 1), -- Erupting Droplet
(192136, 0, 1, 1, 188, 0, 1, 1.142857193946838378, 2000, 0, 32768, 2048, 0, 0, 0, 1), -- Flame Flick
(191983, 0, 62, 62, 3307, 0, 1, 1.714285731315612792, 2000, 0, 32768, 16779264, 0, 0, 0, 1), -- Erupting Droplet
(188297, 0, 62, 62, 3278, 2, 1, 1.142857193946838378, 2000, 0, 33536, 2048, 0, 0, 0, 1), -- Caretaker Ventraz
(190093, 0, 62, 62, 3278, 1, 1, 1.142857193946838378, 2000, 0, 32768, 2048, 1048576, 0, 0, 1), -- Ruby Culler
(191945, 0, 62, 62, 3309, 0, 1, 1.142857193946838378, 2000, 0, 536904448, 2049, 8192, 0, 0, 1), -- Cracked Elemental
(191944, 0, 62, 62, 3307, 0, 1, 1.142857193946838378, 2000, 0, 32768, 2048, 0, 0, 0, 1), -- Erupting Lasher
(190771, 0, 62, 62, 3276, 16777216, 1, 1.142857193946838378, 2000, 0, 33344, 2048, 0, 0, 0, 1), -- Injured Ruby Culler
(186697, 0, 62, 62, 3276, 0, 1, 1.142857193946838378, 2000, 0, 33344, 2048, 0, 0, 0, 1), -- Ruby Culler
(193925, 0, 62, 62, 190, 0, 1, 1.142857193946838378, 2000, 0, 32768, 2048, 0, 0, 0, 1), -- Obsidian Swoglet
(193926, 0, 62, 62, 16, 0, 1, 1.142857193946838378, 2000, 0, 32832, 2048, 0, 0, 0, 1), -- Elder Obsidian Hornswog
(186767, 29579, 62, 62, 3276, 3, 1, 1, 2000, 0, 33600, 2048, 0, 0, 0, 1), -- Majordomo Selistra
(194772, 0, 62, 62, 3276, 2, 1, 1.142857193946838378, 2000, 0, 32768, 2048, 0, 0, 0, 1), -- Wrathion
(191678, 0, 62, 62, 16, 0, 1, 1.142857193946838378, 2000, 0, 32832, 2048, 0, 0, 0, 1), -- Magmammoth Crusher
(194941, 0, 62, 62, 35, 2, 1, 1, 2000, 0, 768, 67143680, 16777216, 0, 0, 1), -- Sotok's Cache
(193923, 0, 62, 62, 16, 0, 1, 1.142857193946838378, 2000, 0, 32832, 2048, 0, 0, 0, 1), -- Mature Obsidian Hornswog
(190563, 28282, 70, 70, 35, 1, 1, 1.142857193946838378, 2000, 0, 832, 2048, 0, 0, 0, 1), -- Left
(192341, 0, 70, 70, 16, 0, 1, 1.142857193946838378, 2000, 0, 32832, 2048, 0, 0, 0, 1), -- Qalashi Drakeflayer
(186727, 0, 70, 70, 3295, 0, 1, 1.142857193946838378, 2000, 0, 32832, 2048, 0, 0, 0, 1), -- Qalashi Rampager
(186683, 0, 62, 62, 3309, 0, 1, 1.142857193946838378, 2000, 0, 32768, 2048, 0, 0, 0, 1), -- Restless Rocks
(192135, 0, 1, 1, 188, 0, 1, 1.142857193946838378, 2000, 0, 32768, 2048, 0, 0, 0, 1), -- Phoenix Hatchling
(186724, 0, 70, 70, 3295, 0, 1, 1.142857193946838378, 2000, 0, 32832, 2048, 0, 0, 0, 1), -- Qalashi Flamemaster
(191899, 0, 70, 70, 3295, 0, 1, 1.142857193946838378, 2000, 0, 32832, 2048, 0, 0, 0, 1), -- Qalashi Marauder
(191898, 0, 70, 70, 3295, 0, 1, 1.142857193946838378, 2000, 0, 32832, 2048, 0, 0, 0, 1), -- Qalashi Ragetamer
(190564, 28284, 70, 70, 35, 1, 1, 1.142857193946838378, 2000, 0, 832, 2048, 0, 128, 0, 1), -- Right
(191902, 0, 70, 70, 3295, 0, 1, 1.142857193946838378, 2000, 0, 32832, 2048, 0, 0, 0, 1), -- Qalashi Magmatamer
(186682, 0, 62, 62, 3309, 0, 1, 1.142857193946838378, 2000, 0, 32768, 2048, 0, 0, 0, 1), -- Raging Tremors
(186573, 0, 62, 62, 3295, 0, 1, 1.142857193946838378, 2000, 0, 32768, 2048, 0, 0, 0, 1), -- Restless Lava
(186777, 0, 62, 62, 3295, 0, 1, 1.142857193946838378, 2000, 0, 32832, 2048, 0, 128, 0, 1), -- Meatgrinder Sotok
(188299, 28276, 62, 62, 3285, 1, 1, 1.142857193946838378, 2000, 0, 33600, 2048, 0, 128, 0, 1), -- Talonstalker Kavia
(187043, 0, 62, 62, 3295, 0, 1, 1.142857193946838378, 2000, 0, 32768, 0, 1, 0, 0, 1), -- Hardened Lava
(186728, 0, 70, 70, 16, 0, 1, 1.142857193946838378, 2000, 0, 32832, 2048, 0, 0, 0, 1), -- Magmammoth Bull
(191901, 0, 70, 70, 16, 0, 1, 1.142857193946838378, 2000, 0, 32832, 2048, 0, 0, 0, 1), -- Blazing Dreadsquall
(197869, 0, 68, 68, 35, 0, 1, 1, 2000, 0, 570458880, 34817, 17309696, 0, 0, 1), -- Shattered Orb
(186570, 0, 62, 62, 3295, 0, 1, 1.142857193946838378, 2000, 0, 32768, 2048, 0, 0, 0, 1), -- Lava Elemental
(194804, 0, 70, 70, 3295, 0, 1, 1.142857193946838378, 2000, 0, 536904512, 2049, 16785408, 0, 0, 1), -- Qalashi Rampager
(192134, 0, 1, 1, 188, 0, 1, 1.142857193946838378, 2000, 0, 32768, 16779264, 0, 0, 0, 1), -- Lava Snail
(194222, 0, 62, 62, 3295, 0, 1, 1.142857193946838378, 2000, 0, 32832, 2048, 0, 0, 0, 1), -- Qalashi Flamemuzzler
(191611, 0, 62, 62, 3295, 0, 1, 1.142857193946838378, 2000, 0, 32832, 2048, 0, 0, 0, 1), -- Dragonhunter Igordan
(191513, 0, 70, 70, 190, 0, 1, 1.142857193946838378, 2000, 0, 33024, 2048, 0, 0, 0, 1), -- Captured Raven
(197260, 0, 62, 62, 3295, 0, 1, 1.142857193946838378, 2000, 0, 32832, 2048, 0, 0, 0, 1), -- Flameshaper Lorak
(195678, 0, 70, 70, 3295, 0, 1, 1.142857193946838378, 2000, 0, 32832, 2048, 0, 128, 0, 1), -- Qalashi Marauder
(194693, 0, 62, 62, 35, 0, 1, 1.142857193946838378, 2000, 0, 33554432, 100665344, 0, 0, 0, 1), -- Dragon Target [DNT]
(191136, 0, 62, 62, 3295, 0, 1, 1.142857193946838378, 2000, 0, 32832, 2048, 0, 0, 0, 1), -- Qalashi Flameshatter
(191509, 0, 62, 62, 16, 0, 1, 1.142857193946838378, 2000, 0, 32832, 2048, 0, 0, 0, 1), -- Blazing Dreadsquall
(192138, 0, 1, 1, 188, 0, 1, 1.142857193946838378, 2000, 0, 32768, 2048, 0, 0, 0, 1), -- Lava Pincer
(186800, 0, 62, 62, 3295, 0, 1, 1.142857193946838378, 2000, 0, 33600, 2048, 0, 0, 0, 1), -- Seera Flametamed
(191672, 0, 62, 62, 16, 0, 1, 1.142857193946838378, 2000, 0, 32768, 2048, 0, 0, 0, 1), -- Lava Tarantula
(191819, 0, 1, 1, 188, 0, 1, 1.142857193946838378, 2000, 0, 32768, 2048, 0, 0, 0, 1), -- Prairie Dog
(195672, 0, 62, 62, 3295, 0, 1, 1.142857193946838378, 2000, 0, 32832, 2048, 0, 0, 0, 1), -- Qalashi Scoundrel
(186640, 0, 62, 62, 3276, 2, 1, 3.142857074737548828, 2000, 0, 32768, 2048, 0, 0, 0, 1), -- Wrathion
(194774, 0, 62, 62, 3276, 1, 1, 2.75, 2000, 0, 33600, 2048, 0, 0, 0, 1), -- Majordomo Selistra
(186792, 0, 62, 62, 3295, 0, 1, 1.142857193946838378, 2000, 0, 32832, 2048, 0, 0, 0, 1), -- Qalashi Skirmisher
(180705, 0, 62, 62, 16, 0, 1, 1.142857193946838378, 2000, 0, 67108864, 2048, 0, 64, 0, 1), -- Magmammoth Calf
(186965, 0, 70, 70, 14, 0, 1, 1, 2000, 0, 32768, 0, 524289, 0, 0, 1), -- Smoldering Feather
(191798, 0, 1, 1, 188, 0, 1, 1.142857193946838378, 2000, 0, 32768, 2048, 0, 0, 0, 1), -- Stray Gust
(191647, 0, 62, 62, 190, 0, 1, 1.142857193946838378, 2000, 0, 67141632, 2048, 0, 64, 0, 1), -- Young Wind Serpent
(191903, 0, 62, 62, 3295, 0, 1, 1.142857193946838378, 2000, 0, 64, 2048, 0, 0, 0, 1), -- Magmammoth Bull
(191645, 0, 62, 62, 16, 0, 1, 1.142857193946838378, 2000, 0, 32832, 2048, 0, 0, 0, 1), -- Wind Serpent
(191446, 0, 62, 62, 3295, 0, 1, 1.142857193946838378, 2000, 0, 32832, 2048, 0, 0, 0, 1), -- Qalashi Scoundrel
(191628, 0, 62, 62, 190, 0, 1, 0.357142865657806396, 2000, 0, 32768, 16779264, 0, 0, 0, 1), -- Lava Snail
(191629, 0, 62, 62, 190, 0, 1.399999976158142089, 0.5, 2000, 0, 32768, 16779264, 0, 0, 0, 1), -- Lava Slug
(190766, 0, 62, 62, 3295, 0, 1, 1.142857193946838378, 2000, 0, 32832, 2048, 0, 0, 0, 1), -- Qalashi Ragetamer
(191637, 0, 62, 62, 16, 0, 1, 1.142857193946838378, 2000, 0, 32768, 2048, 0, 0, 0, 1), -- Lava Phoenix
(186687, 0, 62, 62, 190, 0, 1, 1.142857193946838378, 2000, 0, 33555200, 34816, 0, 128, 0, 1), -- Arbalest
(190767, 0, 62, 62, 3295, 0, 1, 1.142857193946838378, 2000, 0, 32832, 2048, 0, 0, 0, 1), -- Qalashi Metalshaper
(189064, 0, 1, 1, 35, 0, 1, 1.142857193946838378, 2000, 0, 33536, 2048, 0, 0, 0, 1), -- Waddles the Rescued Duckling
(184853, 0, 62, 62, 16, 0, 1, 1.142857193946838378, 2000, 0, 32832, 2048, 0, 0, 0, 1), -- Primal Scythid Queen
(190600, 0, 60, 60, 35, 0, 1, 1.142857193946838378, 2000, 0, 33536, 2048, 0, 0, 0, 3), -- Bubbled Duckling
(188860, 0, 62, 62, 16, 0, 1, 1.142857193946838378, 2000, 0, 32832, 2048, 0, 0, 0, 1), -- Whirglgurgl
(187439, 0, 1, 1, 188, 2, 1, 1.142857193946838378, 2000, 0, 33536, 2048, 0, 0, 0, 1), -- Bubbled Duckling
(187432, 0, 62, 62, 16, 0, 1, 1.142857193946838378, 2000, 0, 32768, 2048, 0, 0, 0, 1), -- Windyfin Windbringer
(188205, 0, 70, 70, 2757, 0, 1, 1.142857193946838378, 2000, 0, 33536, 67110912, 0, 0, 0, 1), -- Whirling Updraft
(187543, 0, 62, 62, 3305, 0, 1, 1.142857193946838378, 2000, 0, 32768, 2048, 0, 0, 0, 1), -- Summoned Zephyr
(187414, 0, 62, 62, 3305, 0, 1, 1.142857193946838378, 2000, 0, 32768, 2048, 0, 0, 7636, 1), -- Summoned Typhoon
(187410, 0, 62, 62, 3308, 0, 1, 1.142857193946838378, 2000, 0, 32768, 2048, 0, 0, 7634, 1), -- Summoned Tsunami
(188859, 0, 62, 62, 16, 0, 1, 1.142857193946838378, 2000, 0, 32832, 2048, 0, 0, 0, 1), -- Sogglmoggl
(187433, 0, 62, 62, 16, 0, 1, 1.142857193946838378, 2000, 0, 32768, 2048, 0, 0, 0, 1), -- Windyfin Squallstalker
(187431, 0, 62, 62, 16, 0, 1, 1.142857193946838378, 2000, 0, 32768, 2048, 0, 0, 0, 1), -- Windyfin Skybasher
(189984, 0, 1, 1, 188, 0, 1, 1.142857193946838378, 2000, 0, 32768, 2048, 0, 0, 0, 1), -- Grateful Gull
(187883, 0, 62, 62, 35, 0, 1, 1.142857193946838378, 2000, 0, 536871680, 67110913, 8192, 128, 0, 1), -- Windyfin Gorloc Corpse
(187882, 0, 62, 62, 35, 0, 1, 1.142857193946838378, 2000, 0, 536871680, 67110913, 8192, 128, 0, 1), -- Soggymaw Gorloc Corpse
(189983, 0, 62, 62, 190, 0, 1, 1.142857193946838378, 2000, 0, 32768, 2048, 0, 0, 0, 1), -- Grateful Basilisk
(189757, 0, 62, 62, 16, 0, 1, 1.142857193946838378, 2000, 0, 32832, 2048, 0, 0, 0, 1), -- Snoozing Basilisk Bull
(190193, 0, 62, 62, 16, 0, 1, 1.142857193946838378, 2000, 0, 32768, 2048, 0, 0, 0, 1), -- Bound Shoresnapper
(187542, 0, 62, 62, 3308, 0, 1, 1.142857193946838378, 2000, 0, 32768, 2048, 0, 0, 0, 1), -- Summoned Ripple
(187971, 0, 62, 62, 16, 0, 1, 1.142857193946838378, 2000, 0, 32768, 2048, 0, 0, 0, 1), -- Soggymaw Crabtrapper
(190133, 0, 62, 62, 16, 0, 1, 1.142857193946838378, 2000, 0, 32768, 16779264, 0, 0, 0, 1), -- Conscripted Crab
(187263, 0, 62, 62, 16, 0, 1, 1.142857193946838378, 2000, 0, 32768, 2048, 0, 0, 0, 1), -- Soggymaw Wavebringer
(187320, 0, 62, 62, 16, 0, 1, 1.142857193946838378, 2000, 0, 32768, 2048, 0, 0, 0, 1), -- Soggymaw Seabasher
(189737, 0, 1, 1, 188, 0, 1, 1.142857193946838378, 2000, 0, 32768, 16779264, 0, 0, 0, 1), -- Kelp Nibbler
(190249, 0, 62, 62, 35, 0, 1, 1.142857193946838378, 2000, 0, 32768, 2048, 0, 0, 0, 1), -- Frazzled Basilisk
(193217, 0, 63, 63, 190, 0, 1, 1.142857193946838378, 2000, 0, 32832, 2048, 0, 0, 0, 1.60000002384185791), -- Drakewing
(189992, 0, 62, 62, 2136, 0, 1, 1.142857193946838378, 2000, 0, 32768, 2048, 0, 0, 0, 1), -- Restless Wildfowl
(188266, 0, 62, 62, 35, 0, 1, 1.142857193946838378, 2000, 0, 33024, 16779264, 0, 0, 0, 1), -- Cowering Crab
(189756, 0, 62, 62, 16, 0, 1, 1.142857193946838378, 2000, 0, 32768, 2048, 0, 0, 0, 1), -- Lazy Basilisk
(187493, 0, 62, 62, 3308, 0, 1, 1.142857193946838378, 2000, 0, 32768, 2048, 0, 0, 0, 1), -- Rampaging Water
(187468, 0, 62, 62, 35, 0, 1, 1.142857193946838378, 2000, 0, 33536, 2048, 0, 0, 0, 1), -- Helpless Waterfowl
(180673, 0, 70, 70, 2757, 0, 1, 1.142857193946838378, 2000, 0, 33536, 67110912, 0, 0, 7582, 1), -- Turbulent Waters
(187462, 0, 62, 62, 35, 0, 1, 1.142857193946838378, 2000, 0, 33536, 2048, 0, 0, 0, 1), -- Distressed Riverbeast Calf
(189703, 0, 1, 1, 188, 0, 1, 1.142857193946838378, 2000, 0, 32768, 2048, 0, 0, 0, 1), -- Sunning Salamanther
(189619, 0, 1, 1, 35, 0, 1, 1.142857193946838378, 2000, 0, 536904448, 83888129, 16785408, 0, 0, 1), -- Tragically Deceased Crab
(187494, 0, 62, 62, 3305, 0, 1, 1.142857193946838378, 2000, 0, 32768, 2048, 0, 4, 0, 1), -- Rampaging Wind
(189688, 0, 62, 62, 190, 0, 1, 1.142857193946838378, 2000, 0, 32768, 2048, 0, 0, 0, 1), -- Bemused Axebeak
(189659, 0, 62, 62, 2136, 0, 1, 1.142857193946838378, 2000, 0, 536904448, 67110913, 16785408, 0, 0, 1), -- Tragically Deceased Waterfowl
(189613, 0, 62, 62, 35, 0, 1, 1.142857193946838378, 2000, 0, 536904512, 67110913, 16785408, 0, 0, 1), -- Tragically Deceased Riverbeast
(186410, 27741, 62, 62, 3276, 3, 1, 1.142857193946838378, 2000, 0, 33536, 2048, 0, 0, 0, 1), -- Ecologist Iskha
(192095, 0, 1, 1, 188, 0, 0.400000005960464477, 0.285714298486709594, 2000, 0, 33280, 2048, 0, 0, 0, 1), -- Ironbeak Duck
(187620, 0, 62, 62, 35, 0, 1, 1.142857193946838378, 2000, 0, 33600, 2048, 0, 128, 0, 1), -- Disgruntled Riverbeast Matriarch
(195309, 0, 62, 62, 3276, 0, 1, 1.142857193946838378, 2000, 0, 33536, 2048, 0, 0, 0, 1), -- Bolstered Whelpling
(191639, 0, 62, 62, 190, 0, 1, 1.142857193946838378, 2000, 0, 32768, 2048, 0, 0, 0, 1), -- Vibrant Butterfly
(191620, 0, 62, 62, 190, 0, 1, 1.142857193946838378, 2000, 0, 32768, 2048, 0, 0, 0, 1), -- River Swoglet
(191618, 0, 62, 62, 16, 0, 1, 1.142857193946838378, 2000, 0, 32768, 2048, 0, 0, 0, 1), -- River Hornswog
(195853, 0, 62, 62, 3295, 0, 1, 1.142857193946838378, 2000, 0, 32768, 2048, 0, 0, 0, 1), -- Qalashi Trainee
(189122, 0, 1, 1, 188, 1073741824, 0.400000005960464477, 0.285714298486709594, 2000, 0, 33280, 2048, 0, 0, 0, 1), -- Palamanther
(191616, 0, 62, 62, 190, 0, 1, 1.142857193946838378, 2000, 0, 32768, 2048, 0, 0, 0, 1), -- Young Ottuk
(191624, 0, 62, 62, 190, 0, 1, 1.142857193946838378, 2000, 0, 32768, 2048, 0, 0, 0, 1), -- Tranquil Vorquin
(191615, 0, 62, 62, 190, 0, 1, 1.142857193946838378, 2000, 0, 32768, 2048, 0, 0, 0, 1), -- River Ottuk
(190301, 0, 62, 62, 2136, 0, 1, 1.142857193946838378, 2000, 0, 33536, 2048, 0, 0, 0, 1), -- Fretful Riverbeast Calf
(186576, 0, 62, 62, 3277, 0, 1, 1.142857193946838378, 2000, 0, 32768, 2048, 0, 0, 0, 1), -- Ruby Watcher
(191812, 0, 1, 1, 188, 0, 1, 1.142857193946838378, 2000, 0, 32768, 2048, 0, 0, 0, 1), -- Crumbling Pebbles
(194231, 0, 62, 62, 3276, 16777216, 1, 1.142857193946838378, 2000, 0, 33536, 2048, 0, 0, 0, 1), -- Whimpering Whelpling
(187467, 0, 62, 62, 35, 0, 1, 1.142857193946838378, 2000, 0, 33600, 2048, 0, 0, 0, 1), -- Distressed Riverbeast
(186684, 0, 62, 62, 16, 0, 1, 1.142857193946838378, 2000, 0, 32768, 2048, 0, 0, 0, 1), -- Lava Phoenix
(188296, 0, 62, 62, 3295, 0, 1, 1.485714197158813476, 2000, 0, 32832, 2048, 0, 0, 0, 1), -- Qalashi Djaradin
(192059, 0, 1, 1, 188, 0, 0.400000005960464477, 0.285714298486709594, 2000, 0, 33280, 2048, 0, 0, 0, 1), -- Palamanther
(191833, 0, 62, 62, 3295, 0, 1, 1.142857193946838378, 2000, 0, 32768, 2048, 0, 0, 0, 1), -- Qalashi Scavenger
(191475, 0, 62, 62, 3276, 0, 1, 1.142857193946838378, 2000, 0, 33600, 2048, 0, 0, 0, 1), -- Amella
(194129, 0, 62, 62, 3276, 1, 1, 1.142857193946838378, 2000, 0, 33600, 2048, 0, 0, 0, 1), -- Sendrax
(195037, 0, 62, 62, 3277, 0, 1, 1.142857193946838378, 2000, 0, 32768, 2048, 0, 0, 0, 1), -- Ruby Watcher
(190144, 0, 62, 62, 190, 0, 1, 1.142857193946838378, 2000, 0, 32832, 2048, 0, 0, 0, 1), -- Fretful Riverbeast Elder
(189307, 0, 1, 1, 188, 0, 1, 1.142857193946838378, 2000, 0, 32768, 2048, 0, 0, 0, 1), -- Skitterfly
(195032, 0, 62, 62, 3295, 0, 0.5, 0.571428596973419189, 2000, 0, 32832, 2048, 0, 0, 0, 1), -- Qalashi Djaradin
(186593, 0, 62, 62, 3277, 0, 1, 1.142857193946838378, 2000, 0, 570720256, 2049, 8192, 0, 0, 1), -- Ruby Watcher
(191809, 0, 1, 1, 188, 0, 1, 1.142857193946838378, 2000, 0, 32768, 2048, 0, 0, 0, 1), -- Tiny Butterfly
(186577, 0, 62, 62, 3277, 0, 1, 1.142857193946838378, 2000, 0, 33280, 2048, 0, 0, 0, 1), -- Ruby Searer
(187442, 0, 62, 62, 2136, 0, 1, 1.142857193946838378, 2000, 0, 32768, 2048, 0, 0, 0, 1), -- Waking Duck
(186584, 29347, 62, 62, 3276, 3, 1, 1.142857193946838378, 2000, 0, 32832, 2048, 0, 0, 0, 1), -- Commander Lethanak
(195303, 0, 62, 62, 3277, 2, 1, 1.142857193946838378, 2000, 0, 32832, 2048, 0, 0, 0, 1), -- Mender Eskros
(191721, 0, 62, 62, 3276, 0, 1, 1.142857193946838378, 2000, 0, 33344, 2048, 0, 0, 0, 1), -- Ruby Fallen
(186582, 0, 62, 62, 3277, 0, 1, 1.142857193946838378, 2000, 0, 33344, 2048, 0, 0, 0, 1), -- Ruby Warden
(198618, 0, 70, 70, 35, 0, 1, 1.142857193946838378, 2000, 0, 33555200, 73402368, 16777216, 0, 0, 1), -- Tracker Dragon Glyph
(194972, 0, 70, 70, 35, 0, 1, 1.142857193946838378, 2000, 0, 33555200, 73402368, 16777216, 0, 0, 1), -- Dragon Glyph
(194235, 0, 62, 62, 2028, 0, 1, 1, 2000, 0, 768, 67635200, 16777216, 0, 7885, 1), -- Ruby Wagon
(193023, 0, 62, 62, 3276, 0, 1, 1.142857193946838378, 2000, 0, 33536, 2048, 16777216, 0, 0, 1), -- Wounded Swarmer
(195174, 0, 70, 70, 3276, 0, 1, 1.142857193946838378, 2000, 0, 33280, 2048, 0, 0, 0, 1), -- Ruby Packhorse
(199414, 0, 62, 62, 35, 0, 1, 0.428571432828903198, 1765, 0, 32768, 2048, 0, 0, 0, 1), -- Isles Butterfly
(191818, 0, 1, 1, 190, 0, 1, 1.142857193946838378, 2000, 0, 32768, 2048, 0, 0, 0, 1), -- Shaggy Rabbit
(191553, 0, 62, 62, 2575, 0, 1, 1.142857193946838378, 2000, 0, 32768, 2048, 0, 0, 0, 1), -- Wild Argali
(191554, 0, 62, 62, 188, 0, 1, 1.142857193946838378, 2000, 0, 32768, 2048, 0, 0, 0, 1), -- Argali Lamb
(191807, 0, 62, 62, 3276, 0, 1, 1.142857193946838378, 2000, 0, 33536, 34816, 524288, 0, 0, 1), -- Sendrax
(194126, 0, 62, 62, 3270, 1, 1, 1.142857193946838378, 2000, 0, 33536, 2048, 0, 0, 0, 1), -- Naleidea Rivergleam
(194127, 0, 62, 62, 3270, 1, 1, 1.142857193946838378, 2000, 0, 33536, 2048, 0, 0, 0, 1), -- Toddy Whiskers
(193371, 0, 62, 62, 3276, 0, 1, 1.142857193946838378, 2000, 0, 33536, 2048, 0, 0, 0, 1), -- Wrathion
(193372, 28739, 62, 62, 3276, 0, 1, 1, 2000, 0, 33600, 2048, 0, 0, 0, 1), -- Majordomo Selistra
(193365, 0, 62, 62, 3270, 0, 1, 1.142857193946838378, 2000, 0, 33536, 2048, 0, 0, 0, 1), -- Toddy Whiskers
(193363, 28754, 62, 62, 3276, 3, 1, 1.142857193946838378, 2000, 0, 33600, 2048, 0, 0, 0, 1), -- Sendrax
(193366, 0, 62, 62, 3270, 0, 1, 1.142857193946838378, 2000, 0, 33536, 2048, 0, 0, 0, 1), -- Naleidea Rivergleam
(195577, 0, 62, 62, 16, 0, 1, 1.142857193946838378, 2000, 0, 32768, 2048, 0, 0, 0, 1), -- Primal Proto-Whelp
(193876, 0, 62, 62, 16, 0, 1, 1.142857193946838378, 2000, 0, 32768, 2048, 0, 0, 0, 1), -- Primal Proto-Whelp
(191830, 0, 62, 62, 190, 0, 1, 1.142857193946838378, 2000, 0, 32768, 2048, 0, 0, 0, 1), -- Dreadsquall Hatchling
(194526, 0, 62, 62, 3307, 0, 1, 1.142857193946838378, 2000, 0, 32768, 16779264, 0, 0, 0, 1), -- Magma Droplet
(192274, 0, 62, 62, 3307, 0, 1, 1.142857193946838378, 2000, 0, 32832, 2048, 0, 0, 0, 1), -- Baron Ashflow
(193001, 0, 1, 1, 188, 0, 1, 0.857142865657806396, 2000, 0, 33280, 2048, 0, 0, 0, 1), -- Kindlet
(188267, 0, 1, 1, 188, 0, 1, 1.142857193946838378, 2000, 0, 32768, 2048, 0, 0, 0, 1), -- Unsettled Seagull
(186428, 29178, 62, 62, 3276, 3, 1, 1.142857193946838378, 2000, 0, 33536, 2048, 0, 0, 0, 1), -- Ecologist Tharu
(192266, 0, 62, 62, 3306, 0, 1, 1.142857193946838378, 2000, 0, 32832, 2048, 0, 0, 0, 1), -- Baron Crustcore
(193671, 0, 62, 62, 35, 16777216, 1, 1, 2000, 0, 768, 67143680, 16777216, 128, 0, 1), -- Volcanic Geode
(187322, 0, 62, 62, 3309, 0, 1, 1.142857193946838378, 2000, 0, 32832, 2048, 0, 0, 0, 1), -- Primal Earth Elemental
(192137, 0, 1, 1, 188, 0, 1, 1.142857193946838378, 2000, 0, 32768, 2048, 0, 0, 0, 1), -- Lava Flick
(189801, 0, 70, 70, 14, 0, 1, 1, 2000, 0, 32832, 2048, 0, 0, 0, 1), -- Ancient Proto-Dragon
(189798, 0, 70, 70, 14, 0, 1, 1, 2000, 0, 32832, 2048, 0, 0, 0, 1), -- Ancient Proto-Dragon
(193712, 0, 60, 60, 35, 0, 1, 1.142857193946838378, 2000, 0, 768, 67143680, 16777216, 0, 7866, 1), -- Surveyor's Disc
(193000, 0, 1, 1, 188, 1073741824, 1, 0.857142865657806396, 2000, 0, 33280, 2048, 0, 0, 0, 1), -- Kindlet
(193026, 0, 1, 1, 188, 0, 1, 0.857142865657806396, 2000, 0, 33280, 2048, 0, 0, 0, 1), -- Emberling
(187326, 0, 62, 62, 3307, 0, 1, 1.142857193946838378, 2000, 0, 32768, 2048, 0, 0, 0, 1), -- Encroaching Lava
(187321, 0, 62, 62, 3307, 0, 1, 1.142857193946838378, 2000, 0, 32768, 2048, 0, 0, 0, 1), -- Primal Lava Elemental
(193024, 0, 1, 1, 188, 1073741824, 1, 0.857142865657806396, 2000, 0, 33280, 2048, 0, 0, 0, 1), -- Emberling
(198392, 0, 62, 62, 3270, 83, 1, 1.142857193946838378, 2000, 0, 768, 2048, 0, 0, 0, 1), -- An'timon
(198095, 0, 62, 62, 3270, 0, 1, 1.142857193946838378, 2000, 0, 33536, 2048, 0, 0, 0, 1), -- Sous-Chef Butterfingers
(198094, 30046, 62, 62, 3270, 83, 1, 1.142857193946838378, 2000, 0, 33536, 2048, 0, 0, 0, 1), -- Head Chef Stacks
(192227, 0, 62, 62, 3307, 0, 1, 1.142857193946838378, 2000, 0, 32768, 2048, 0, 0, 0, 1), -- Encroaching Lava
(198380, 30034, 62, 62, 3270, 83, 1, 1.142857193946838378, 2000, 0, 768, 2048, 0, 0, 0, 1), -- Journalist Jessamine Spitz
(191946, 0, 62, 62, 3309, 0, 1, 1.142857193946838378, 2000, 0, 536904448, 2049, 8192, 0, 0, 1), -- Cracked Elemental
(193915, 0, 62, 62, 3270, 131, 1, 1.142857193946838378, 2000, 0, 33536, 2048, 0, 0, 0, 1), -- Emilia Bellocq
(192490, 0, 62, 62, 3270, 8193, 1, 1.142857193946838378, 2000, 0, 33536, 2048, 0, 0, 0, 1), -- Tixxa Mixxa
(193914, 0, 62, 62, 3270, 0, 1, 1.142857193946838378, 2000, 0, 33536, 2048, 0, 0, 0, 1), -- Toht Twofingers
(192438, 28420, 62, 62, 3270, 3, 1, 1.142857193946838378, 2000, 0, 33536, 2048, 0, 0, 0, 1), -- Haephesta
(193928, 0, 62, 62, 3270, 0, 1, 1.142857193946838378, 2000, 0, 33536, 2048, 0, 0, 0, 1), -- Brave Researcher
(193393, 28697, 62, 62, 3276, 65537, 1, 1.142857193946838378, 2000, 0, 33536, 2048, 0, 0, 0, 1), -- Ambassador Fastrasz
(192210, 0, 62, 62, 3270, 128, 1, 1.142857193946838378, 2000, 0, 33536, 2048, 0, 0, 0, 1), -- Mia Pyke
(192407, 0, 62, 62, 3309, 0, 1, 1.142857193946838378, 2000, 0, 536904448, 2049, 8192, 0, 0, 1), -- Cracked Elemental
(187257, 0, 62, 62, 3270, 3, 1, 1.142857193946838378, 2000, 0, 33536, 18432, 0, 0, 0, 1), -- Aster Cloudgaze
(194238, 0, 62, 62, 3276, 0, 1, 1.142857193946838378, 2000, 0, 32768, 2048, 0, 0, 0, 1), -- Ruby Drakonid
(192558, 28862, 62, 62, 3270, 83, 1, 1.142857193946838378, 2000, 0, 768, 2048, 0, 0, 0, 1), -- Toninaar
(190577, 0, 62, 62, 3270, 1, 1, 1.142857193946838378, 2000, 0, 33536, 2048, 0, 0, 0, 1), -- Tellywin Sharpfizzle
(190571, 28174, 62, 62, 3270, 1, 1, 1.142857193946838378, 2000, 0, 33536, 2048, 0, 0, 0, 1), -- Xelendus Felwatcher
(192048, 0, 62, 62, 3270, 82, 1, 1.142857193946838378, 2000, 0, 33536, 2048, 0, 0, 0, 1), -- Deirdre Flemmin
(192207, 0, 62, 62, 3270, 128, 1, 1.142857193946838378, 2000, 0, 33536, 2048, 0, 0, 0, 1), -- Sihua
(187261, 29958, 62, 62, 3270, 83, 1, 1.142857193946838378, 2000, 0, 33536, 18432, 0, 0, 0, 1), -- Grun Ashbeard
(192565, 29959, 62, 62, 3270, 83, 1, 1.142857193946838378, 2000, 0, 768, 2048, 0, 0, 0, 1), -- Zayn Starmaker
(193838, 0, 62, 62, 35, 3, 1, 1.142857193946838378, 2000, 0, 768, 18432, 0, 0, 0, 1), -- Vish the Sneak
(192563, 0, 62, 62, 3270, 83, 1, 1.142857193946838378, 2000, 0, 768, 34816, 0, 0, 0, 1), -- Kholmar Sunrunner
(192055, 8518, 62, 62, 3270, 83, 1, 1.142857193946838378, 2000, 0, 33536, 2048, 0, 0, 0, 1), -- Veeno
(198846, 30159, 62, 62, 3270, 131, 1, 1.142857193946838378, 2000, 0, 768, 34816, 0, 0, 0, 1), -- Cataloger Jakes
(198398, 0, 62, 62, 3270, 83, 1, 1.142857193946838378, 2000, 0, 768, 2048, 0, 0, 0, 1), -- Misty Catseye
(185773, 0, 62, 62, 1732, 0, 1, 1.142857193946838378, 2000, 0, 768, 2048, 0, 0, 0, 1), -- Elia Bladeleaf
(184450, 0, 62, 62, 3270, 0, 1, 1.142857193946838378, 2000, 0, 768, 2048, 0, 0, 0, 1), -- Henry Garrick
(184449, 0, 62, 62, 3270, 2, 1, 1.142857193946838378, 2000, 0, 768, 18432, 0, 0, 0, 1), -- Captain Garrick
(189058, 0, 62, 62, 3270, 3, 1, 1.142857193946838378, 2000, 0, 33536, 2048, 0, 0, 0, 1), -- Thaelin Darkanvil
(189061, 0, 62, 62, 3270, 0, 1, 1.142857193946838378, 2000, 0, 33536, 2048, 0, 0, 0, 1), -- Archivist Rellid
(193913, 0, 62, 62, 3276, 0, 1, 1.142857193946838378, 2000, 0, 33536, 2048, 0, 0, 0, 1), -- Ruby Dragonspawn
(190535, 30030, 62, 62, 3270, 83, 1, 1.142857193946838378, 2000, 0, 768, 2048, 0, 0, 0, 1); -- Quizla Blastcaps

INSERT INTO `creature_template` (`entry`, `gossip_menu_id`, `minlevel`, `maxlevel`, `faction`, `npcflag`, `speed_walk`, `speed_run`, `BaseAttackTime`, `RangeAttackTime`, `unit_flags`, `unit_flags2`, `unit_flags3`, `dynamicflags`, `VehicleId`, `HoverHeight`) VALUES
(185774, 0, 62, 62, 1732, 0, 1, 1.142857193946838378, 2000, 0, 768, 2048, 0, 0, 0, 1), -- Dallio Morelli
(193858, 0, 62, 62, 3270, 0, 1, 1.142857193946838378, 2000, 0, 33536, 2048, 0, 0, 0, 1), -- Expedition Surveyor
(189062, 0, 62, 62, 3270, 0, 1, 1.142857193946838378, 2000, 0, 33536, 2048, 0, 0, 0, 1), -- Professor Cogcatcher
(189063, 0, 62, 62, 3270, 0, 1, 1.142857193946838378, 2000, 0, 33536, 2048, 0, 0, 0, 1), -- Spelunker Lockeye
(189060, 0, 62, 62, 3270, 1, 1, 1.142857193946838378, 2000, 0, 33536, 2048, 0, 0, 0, 1), -- Cataloger Wulferd
(198848, 0, 62, 62, 3270, 129, 1, 1.142857193946838378, 2000, 0, 33536, 2048, 0, 0, 0, 1), -- Rae'ana
(189059, 0, 62, 62, 3270, 3, 1, 1.142857193946838378, 2000, 0, 33536, 2048, 0, 0, 0, 1), -- Pathfinder Jeb
(192549, 0, 62, 62, 3270, 82, 1, 1.142857193946838378, 2000, 0, 768, 2048, 0, 0, 0, 1), -- Feilin Kuan
(187194, 0, 62, 62, 3270, 0, 1, 1.142857193946838378, 2000, 0, 33536, 2048, 0, 0, 0, 1), -- Restless Explorer
(193707, 0, 62, 62, 3270, 0, 1, 1.142857193946838378, 2000, 0, 768, 67110912, 16777216, 0, 0, 1), -- Surveyor's Disc
(187251, 0, 62, 62, 3270, 2, 1, 1.142857193946838378, 2000, 0, 33536, 2048, 0, 0, 0, 1), -- Toddy Whiskers
(184452, 0, 62, 62, 3270, 2, 1, 1.142857193946838378, 2000, 0, 33536, 2048, 0, 0, 0, 1), -- Warlord Breka Grimaxe
(194236, 0, 62, 62, 3276, 0, 1, 1.142857193946838378, 2000, 0, 32768, 2048, 0, 0, 0, 1), -- Ruby Dragonspawn
(187252, 0, 62, 62, 3270, 3, 1, 1.142857193946838378, 2000, 0, 33536, 2048, 0, 0, 0, 1), -- Scalecommander Azurathel
(184451, 0, 62, 62, 3270, 0, 1, 1.142857193946838378, 2000, 0, 33536, 2048, 0, 0, 0, 1), -- Shuja Grimaxe
(187135, 0, 70, 70, 3272, 0, 1, 1.142857193946838378, 2000, 0, 32768, 2048, 8388608, 0, 0, 1), -- Expedition Guardian
(197285, 0, 62, 62, 3270, 0, 1, 1.385714292526245117, 2000, 0, 768, 2048, 0, 0, 0, 1), -- Wildfeather
(193362, 28679, 62, 62, 3276, 3, 1, 1.142857193946838378, 2000, 0, 33600, 2048, 0, 0, 0, 1), -- Sendrax
(187125, 0, 62, 62, 3270, 0, 1, 1.142857193946838378, 2000, 0, 33536, 2048, 0, 0, 0, 1), -- Expedition Guardian
(187123, 0, 70, 70, 3272, 0, 1, 1.142857193946838378, 2000, 0, 32768, 2048, 8388608, 0, 0, 1), -- Expedition Guardian
(187121, 0, 62, 62, 3270, 0, 1, 1.142857193946838378, 2000, 0, 33536, 2048, 0, 0, 0, 1), -- Expedition Guarantor
(187253, 0, 62, 62, 3270, 0, 1, 1.142857193946838378, 2000, 0, 33536, 2048, 0, 0, 0, 1), -- Spelunker Lazee
(193917, 0, 62, 62, 3276, 0, 1, 1.142857193946838378, 2000, 0, 33536, 2048, 0, 0, 0, 1), -- Ruby Drakonid
(194695, 0, 70, 70, 35, 0, 1, 1.142857193946838378, 2000, 0, 33555200, 73402368, 16777216, 0, 0, 1), -- Dragon Glyph
(198622, 0, 70, 70, 35, 0, 1, 1.142857193946838378, 2000, 0, 33555200, 73402368, 16777216, 0, 0, 1), -- Tracker Dragon Glyph
(189093, 0, 1, 1, 188, 1073741824, 1, 0.857142865657806396, 2000, 0, 33280, 2048, 0, 0, 0, 1), -- Pricklefury Hare
(192103, 0, 1, 1, 188, 0, 1, 0.857142865657806396, 2000, 0, 33280, 2048, 0, 0, 0, 1), -- Pricklefury Hare
(184867, 0, 62, 62, 2136, 0, 1, 1.142857193946838378, 2000, 0, 32768, 2048, 0, 0, 0, 1), -- Fussy Swoglet
(187151, 0, 62, 62, 3270, 16777216, 1, 1.142857193946838378, 2000, 0, 33536, 2048, 0, 0, 0, 1), -- Spelunker Lazee
(189094, 0, 1, 1, 188, 1073741824, 0.400000005960464477, 0.285714298486709594, 2000, 0, 33280, 2048, 0, 0, 0, 1), -- Magma Slug
(197503, 0, 62, 62, 35, 0, 1, 1.142857193946838378, 2000, 0, 33554432, 104859648, 1, 0, 0, 1), -- The Rugged Dragonscale
(187254, 0, 62, 62, 3270, 0, 1, 1.142857193946838378, 2000, 0, 33536, 2048, 0, 0, 0, 1), -- Archivist Spearblossom
(187111, 0, 62, 62, 16, 0, 1, 1.142857193946838378, 2000, 0, 32832, 2048, 0, 0, 0, 1), -- Ancient Hornswog
(184851, 0, 62, 62, 190, 0, 0.400000005960464477, 0.214285716414451599, 2000, 0, 32768, 16779264, 0, 0, 0, 1), -- Lava Snail
(198608, 0, 70, 70, 35, 0, 1, 1.142857193946838378, 2000, 0, 33555200, 73402368, 16777216, 0, 0, 1), -- Tracker Dragon Glyph
(194982, 0, 70, 70, 35, 0, 1, 1.142857193946838378, 2000, 0, 33555200, 73402368, 16777216, 0, 0, 1), -- Dragon Glyph
(187255, 0, 62, 62, 3270, 0, 1, 1.142857193946838378, 2000, 0, 33536, 2048, 0, 0, 0, 1), -- Pathfinder Poppy
(187157, 0, 62, 62, 3270, 16777216, 1, 1.142857193946838378, 2000, 0, 33536, 2048, 0, 0, 0, 1), -- Archivist Spearblossom
(192104, 0, 1, 1, 188, 0, 0.400000005960464477, 0.285714298486709594, 2000, 0, 33280, 2048, 0, 0, 0, 1), -- Magma Slug
(190565, 0, 62, 62, 190, 0, 1, 1.142857193946838378, 2000, 0, 536904448, 2049, 8192, 0, 0, 1), -- Distressed Marmoni
(188028, 0, 62, 62, 14, 0, 1, 1.142857193946838378, 2000, 0, 536904448, 2049, 8192, 0, 0, 1), -- Salty Salamander
(195241, 0, 62, 62, 2358, 0, 0.5, 0.5, 2000, 0, 67141632, 2048, 0, 64, 0, 1), -- Primal Proto-Drake
(194681, 0, 62, 62, 3270, 0, 1, 1.142857193946838378, 2000, 0, 33536, 2048, 0, 0, 0, 1), -- Maoli
(184855, 0, 62, 62, 190, 0, 1, 1.142857193946838378, 2000, 0, 32768, 2048, 0, 0, 0, 1), -- Salty Skitterfly
(187235, 0, 62, 62, 3270, 0, 1, 1.142857193946838378, 2000, 0, 33536, 2048, 0, 0, 0, 1), -- Scalecommander Cindrethresh
(187234, 0, 62, 62, 3270, 0, 1, 1.142857193946838378, 2000, 0, 33536, 2048, 0, 0, 0, 1), -- Pathfinder Tacha
(187236, 30011, 62, 62, 3270, 4224, 1, 1.142857193946838378, 2000, 0, 33536, 2048, 0, 0, 0, 1), -- Boss Magor
(187229, 0, 62, 62, 3270, 0, 1, 1.142857193946838378, 2000, 0, 33536, 2048, 0, 0, 0, 1), -- Cataloger Coralie
(184870, 0, 62, 62, 3270, 0, 1, 1.142857193946838378, 2000, 0, 33536, 2048, 0, 0, 0, 1), -- Naleidea Rivergleam
(187143, 0, 62, 62, 3270, 0, 1, 1.142857193946838378, 2000, 0, 33536, 2048, 0, 0, 0, 1), -- Pathfinder Poppy
(187120, 0, 62, 62, 14, 0, 1, 1, 2000, 0, 32832, 2048, 1, 0, 7695, 1), -- Hungry Proto-Dragon
(193806, 0, 62, 62, 2358, 0, 1, 1, 2000, 0, 32768, 2048, 0, 0, 0, 1), -- Primal Proto-Drake
(195502, 0, 1, 1, 35, 0, 1, 0.857142865657806396, 2000, 0, 33280, 2048, 0, 0, 0, 1), -- Pricklefury Hare
(195597, 0, 62, 62, 16, 0, 1, 1.142857193946838378, 2000, 0, 67141632, 2048, 0, 64, 0, 1), -- Primal Proto-Whelp
(195242, 0, 62, 62, 2136, 0, 1, 1.142857193946838378, 2000, 0, 33536, 2048, 0, 0, 0, 1), -- Distressed Marmoni
(195260, 0, 1, 1, 188, 0, 1, 0.714285731315612792, 2000, 0, 0, 2048, 0, 0, 0, 1), -- Fire Beetle
(187061, 0, 70, 70, 3272, 0, 1, 1.428571462631225585, 2000, 0, 32768, 2048, 8388608, 0, 0, 1), -- Expedition Guarantor
(184862, 0, 62, 62, 16, 0, 1, 1.142857193946838378, 2000, 0, 32768, 2048, 0, 0, 0, 1), -- Primal Proto-Whelp
(187403, 0, 62, 62, 2031, 65665, 1, 1.142857193946838378, 2000, 0, 32768, 2048, 0, 0, 0, 1), -- Sil'nori Crestshade
(188057, 0, 62, 62, 190, 0, 1, 1.142857193946838378, 2000, 0, 33536, 2048, 0, 0, 0, 1), -- Curious Marmoni
(193811, 0, 62, 62, 2358, 0, 1, 1, 2000, 0, 32768, 2048, 0, 0, 0, 1), -- Primal Proto-Drake
(184859, 0, 62, 62, 3270, 0, 1, 1.142857193946838378, 2000, 0, 33536, 2048, 0, 0, 0, 1), -- Scalecommander Cindrethresh
(184842, 0, 62, 62, 3270, 0, 1, 1.142857193946838378, 2000, 0, 33536, 2048, 0, 0, 0, 1), -- Cataloger Coralie
(184841, 0, 62, 62, 3270, 0, 1, 1.142857193946838378, 2000, 0, 33536, 2048, 0, 0, 0, 1), -- Naleidea Rivergleam
(184845, 0, 62, 62, 3270, 0, 1, 1.142857193946838378, 2000, 0, 33536, 2048, 0, 0, 0, 1), -- Pathfinder Tacha
(184844, 30011, 62, 62, 3270, 4224, 1, 1.142857193946838378, 2000, 0, 33536, 2048, 0, 0, 0, 1), -- Boss Magor
(184856, 0, 62, 62, 190, 0, 1, 1.142857193946838378, 2000, 0, 32768, 2048, 0, 0, 0, 1), -- Salty Skitterbug
(195884, 0, 70, 70, 3272, 0, 1, 1.428571462631225585, 2000, 0, 32784, 2048, 8388608, 0, 0, 1), -- Expedition Guarantor
(191148, 0, 62, 62, 3270, 0, 1, 1.142857193946838378, 2000, 0, 768, 67110912, 16777216, 0, 0, 1), -- Kite
(190524, 30050, 62, 62, 3270, 83, 1, 1.142857193946838378, 2000, 0, 33536, 2048, 0, 0, 0, 1), -- Mora Cloudwalker
(192153, 0, 1, 1, 188, 0, 1, 1.142857193946838378, 2000, 0, 32768, 2048, 0, 0, 0, 1), -- Baby Octopus
(192143, 0, 1, 1, 188, 0, 1, 1.142857193946838378, 2000, 0, 32768, 2048, 0, 0, 0, 1), -- Baby Sea Turtle
(193816, 0, 62, 62, 2358, 0, 1, 1, 2000, 0, 32768, 2048, 0, 0, 0, 1), -- Primal Proto-Drake
(192142, 0, 62, 62, 190, 0, 1, 1.142857193946838378, 2000, 0, 32768, 2048, 0, 0, 0, 1), -- Sea Turtle
(188027, 0, 62, 62, 2575, 0, 1, 1.142857193946838378, 2000, 0, 32768, 2048, 0, 0, 0, 1), -- Salty Salamander
(190526, 0, 62, 62, 3270, 128, 1, 1.142857193946838378, 2000, 0, 33536, 2048, 0, 0, 0, 1), -- Jaffe Cloudwalker
(187062, 0, 70, 70, 3272, 0, 1, 1.428571462631225585, 2000, 0, 32768, 2048, 8388608, 0, 0, 1), -- Expedition Guarantor
(191060, 0, 62, 62, 2575, 0, 1, 1.142857193946838378, 2000, 0, 32768, 2048, 0, 0, 0, 1), -- Fussy Swoglet
(190532, 0, 62, 62, 3270, 0, 1, 1.142857193946838378, 2000, 0, 768, 67110912, 16777216, 0, 0, 1), -- Kite
(190516, 0, 62, 62, 3270, 1, 1, 1.142857193946838378, 2000, 0, 33536, 2048, 0, 0, 0, 1), -- Ephra Breezewood
(184861, 0, 62, 62, 2136, 0, 1, 1.142857193946838378, 2000, 0, 33536, 2048, 0, 128, 0, 1), -- Distressed Marmoni
(195639, 0, 62, 62, 2358, 0, 1, 1, 2000, 0, 67141632, 2048, 0, 64, 0, 1), -- Primal Proto-Drake
(187140, 0, 62, 62, 2575, 0, 1, 1.142857193946838378, 2000, 0, 32832, 2048, 0, 0, 0, 1), -- Cantankerous Hornswog
(192149, 0, 62, 62, 190, 0, 1, 1.142857193946838378, 2000, 0, 32768, 2048, 0, 0, 0, 1), -- River Frillfish
(192132, 0, 62, 62, 190, 0, 1, 1.142857193946838378, 2000, 0, 32832, 2048, 0, 0, 0, 1), -- Depths Eel
(192148, 0, 62, 62, 190, 0, 1, 1.142857193946838378, 2000, 0, 32768, 2048, 0, 0, 0, 1), -- Tranquil Tideskipper
(184857, 0, 62, 62, 190, 0, 1, 1.142857193946838378, 2000, 0, 32768, 2048, 0, 0, 0, 1), -- Rambunctious Tideskipper
(196954, 0, 62, 62, 3270, 1, 1, 1.142857193946838378, 2000, 0, 33536, 2048, 0, 0, 8012, 1), -- Guff Runetotem
(198299, 0, 62, 62, 2136, 0, 1, 1.142857193946838378, 2000, 0, 33536, 2048, 16777216, 0, 0, 1), -- Happy Swoglet
(190587, 0, 70, 70, 14, 0, 1, 1, 2000, 0, 32832, 2048, 0, 0, 0, 1), -- Ancient Proto-Dragon
(190056, 0, 62, 62, 2358, 0, 1, 1, 2000, 0, 32768, 2048, 0, 0, 0, 1), -- Primal Proto-Drake
(184869, 0, 62, 62, 2358, 0, 1, 1, 2000, 0, 32768, 2048, 0, 0, 0, 1), -- Primal Proto-Drake
(192151, 0, 62, 62, 190, 0, 1, 1.142857193946838378, 2000, 0, 32832, 2048, 0, 0, 0, 1), -- Smoothfin Mantacorn
(195796, 0, 62, 62, 2358, 0, 1, 1, 2000, 0, 32768, 4196352, 1, 0, 0, 1), -- Primal Proto-Drake
(195795, 0, 70, 70, 14, 0, 1, 1, 2000, 0, 32832, 4196352, 1, 0, 0, 1), -- Ancient Proto-Dragon
(189333, 0, 62, 62, 3270, 0, 1, 1.142857193946838378, 2000, 0, 33536, 2048, 0, 0, 0, 1), -- Naleidea Rivergleam
(189351, 0, 62, 62, 3270, 0, 1, 1.142857193946838378, 2000, 0, 33536, 2048, 0, 0, 0, 1), -- Pathfinder Tacha
(189350, 0, 62, 62, 3270, 4224, 1, 1.142857193946838378, 2000, 0, 33536, 2048, 0, 0, 0, 1), -- Boss Magor
(189347, 0, 62, 62, 3270, 0, 1, 1.142857193946838378, 2000, 0, 33536, 2048, 0, 0, 0, 1), -- Cataloger Coralie
(189346, 0, 62, 62, 3270, 0, 1, 1.142857193946838378, 2000, 0, 33536, 2048, 0, 0, 0, 1), -- Scalecommander Cindrethresh
(194576, 0, 62, 62, 3270, 1, 1, 1.142857193946838378, 2000, 0, 32768, 2048, 0, 0, 0, 1), -- Vernell Bartlett
(194116, 29017, 62, 62, 3270, 1, 1, 1.142857193946838378, 2000, 0, 32768, 2048, 0, 0, 0, 1), -- Shin Summerhill
(194065, 29010, 62, 62, 3270, 1, 1, 1.142857193946838378, 2000, 0, 32768, 2048, 0, 0, 0, 1), -- Ketuna Skyflame
(189609, 0, 62, 62, 3270, 0, 1, 1.142857193946838378, 2000, 0, 32768, 2048, 0, 0, 0, 1), -- Quartermaster Furlein
(194582, 0, 62, 62, 3270, 1, 1, 1.142857193946838378, 2000, 0, 32768, 2048, 0, 0, 0, 1), -- Mathog Hideflayer
(194581, 0, 62, 62, 3270, 1, 1, 1.142857193946838378, 2000, 0, 32768, 2048, 0, 0, 0, 1), -- Trauga Bloodhelm
(194050, 29018, 62, 62, 3270, 1, 1, 1.142857193946838378, 2000, 0, 32768, 34816, 0, 0, 0, 1), -- Zalanti
(194563, 0, 62, 62, 3270, 1, 1, 1.142857193946838378, 2000, 0, 32768, 2048, 0, 0, 0, 1), -- Arandil Featherdawn
(194569, 0, 62, 62, 3270, 1, 1, 1.142857193946838378, 2000, 0, 32768, 2048, 0, 0, 0, 1), -- Si'va
(194361, 0, 62, 62, 3270, 0, 1, 1.142857193946838378, 2000, 0, 32768, 2048, 0, 0, 0, 1), -- Rathamaresh
(194583, 29014, 62, 62, 3270, 1, 1, 1.142857193946838378, 2000, 0, 32768, 2048, 0, 0, 0, 1), -- Krakz Cloudgrease
(194561, 0, 62, 62, 3270, 1, 1, 1.142857193946838378, 2000, 0, 32768, 2048, 0, 0, 0, 1), -- Talanath Goldcrest
(194073, 0, 62, 62, 3270, 640, 1, 1.142857193946838378, 2000, 0, 32768, 2048, 0, 0, 0, 1), -- Lux Fizzlegig
(198368, 0, 62, 62, 35, 0, 1, 1.142857193946838378, 2000, 0, 33554432, 100665344, 1, 0, 0, 1), -- (Bunny) Crow's Nest
(198367, 0, 62, 62, 35, 0, 1, 1.142857193946838378, 2000, 0, 33555200, 34816, 0, 0, 8014, 1), -- (Bunny) Crow's Nest [DNT]
(194056, 0, 62, 62, 35, 0, 1, 1.142857193946838378, 2000, 0, 33536, 67110912, 16777216, 0, 0, 1), -- Dragon Kite
(194055, 0, 62, 62, 3270, 1, 1, 1.142857193946838378, 2000, 0, 32768, 2048, 0, 0, 0, 1), -- Dahanu Highwing
(194577, 29016, 62, 62, 3270, 1, 1, 1.142857193946838378, 2000, 0, 32768, 2048, 0, 0, 0, 1), -- Rinka
(194115, 0, 62, 62, 3270, 0, 1, 1.142857193946838378, 2000, 0, 32768, 2048, 0, 0, 0, 1), -- Airship Worker
(198750, 0, 70, 70, 3272, 0, 1, 1.142857193946838378, 2000, 0, 33280, 2048, 8388608, 0, 0, 1), -- Expedition Escort
(184286, 0, 62, 62, 3270, 0, 1, 1.142857193946838378, 2000, 0, 32768, 4196352, 0, 0, 0, 1), -- Captain Caspartine
(184807, 0, 62, 62, 35, 0, 1, 1.142857193946838378, 2000, 0, 33554432, 104859648, 1, 0, 0, 1), -- The Defiant Dragonscale
(198096, 0, 70, 70, 3276, 0, 1, 1.142857193946838378, 1500, 0, 512, 2048, 0, 0, 0, 1); -- Valdrakken Flightmage

UPDATE `creature_template` SET `minlevel`=61, `maxlevel`=61 WHERE `entry`=181535; -- Murkastrasza
UPDATE `creature_template` SET `minlevel`=60, `maxlevel`=60, `speed_walk`=4.800000190734863281, `speed_run`=1.714285731315612792, `BaseAttackTime`=1756, `unit_flags2`=2048 WHERE `entry`=62005; -- Beast
UPDATE `creature_template` SET `minlevel`=70, `maxlevel`=70, `unit_flags3`=524288 WHERE `entry`=25212; -- Kite Sky Lightning Bunny
UPDATE `creature_template` SET `minlevel`=62, `maxlevel`=62, `faction`=3270, `BaseAttackTime`=2000, `unit_flags`=33536, `unit_flags2`=2048 WHERE `entry`=195830; -- Expedition Provisioner
UPDATE `creature_template` SET `minlevel`=60, `maxlevel`=60, `speed_run`=0.857142865657806396, `unit_flags`=33536, `HoverHeight`=5 WHERE `entry`=25110; -- Dragon Kite
UPDATE `creature_template` SET `minlevel`=62, `maxlevel`=62, `faction`=3270, `BaseAttackTime`=2000, `unit_flags`=33536, `unit_flags2`=2048 WHERE `entry`=187196; -- Rugged Artisan
UPDATE `creature_template` SET `minlevel`=62, `maxlevel`=62, `faction`=3270, `BaseAttackTime`=2000, `unit_flags`=33536, `unit_flags2`=2048 WHERE `entry`=187193; -- Brave Researcher
UPDATE `creature_template` SET `minlevel`=60, `maxlevel`=60 WHERE `entry`=43499; -- Consecration
UPDATE `creature_template` SET `BaseAttackTime`=2130 WHERE `entry`=69792; -- Earth Spirit
UPDATE `creature_template` SET `BaseAttackTime`=2130 WHERE `entry`=69791; -- Fire Spirit
UPDATE `creature_template` SET `BaseAttackTime`=2859 WHERE `entry`=27893; -- Rune Weapon
UPDATE `creature_template` SET `minlevel`=60, `BaseAttackTime`=1634 WHERE `entry`=26125; -- Risen Ghoul
UPDATE `creature_template` SET `unit_flags`=131840 WHERE `entry`=61158; -- Shore Crab
UPDATE `creature_template` SET `minlevel`=60, `maxlevel`=60, `BaseAttackTime`=1693 WHERE `entry`=417; -- Felhunter
UPDATE `creature_template` SET `minlevel`=70, `maxlevel`=70 WHERE `entry`=32642; -- Mojodishu
UPDATE `creature_template` SET `minlevel`=70, `maxlevel`=70 WHERE `entry`=32641; -- Drix Blackwrench
UPDATE `creature_template` SET `minlevel`=70, `maxlevel`=70 WHERE `entry`=158637; -- Guiding Orb
UPDATE `creature_template` SET `minlevel`=70, `maxlevel`=70, `faction`=35, `BaseAttackTime`=2000, `unit_flags`=33554432, `unit_flags2`=104859648, `unit_flags3`=1 WHERE `entry`=197611; -- (Bunny) Sessile + Gigantic AOI
UPDATE `creature_template` SET `minlevel`=70, `maxlevel`=70 WHERE `entry`=160530; -- Friend Pronk
UPDATE `creature_template` SET `minlevel`=70, `maxlevel`=70 WHERE `entry`=160528; -- Poen Gillbrack
UPDATE `creature_template` SET `minlevel`=70, `maxlevel`=70 WHERE `entry`=160527; -- Mak
UPDATE `creature_template` SET `minlevel`=70, `maxlevel`=70 WHERE `entry`=160529; -- Vim Brineheart
UPDATE `creature_template` SET `minlevel`=70, `maxlevel`=70 WHERE `entry`=160526; -- Neri Sharpfin
UPDATE `creature_template` SET `minlevel`=70, `maxlevel`=70 WHERE `entry`=41621; -- Commander Thorak
UPDATE `creature_template` SET `minlevel`=60, `maxlevel`=60 WHERE `entry`=181575; -- Drakks
UPDATE `creature_template` SET `minlevel`=60, `maxlevel`=62, `BaseAttackTime`=1639, `unit_flags`=131840 WHERE `entry`=1860; -- Voidwalker
UPDATE `creature_template` SET `gossip_menu_id`=0 WHERE `entry`=193450; -- Archmage Khadgar
UPDATE `creature_template` SET `minlevel`=70, `maxlevel`=70 WHERE `entry`=149522; -- Orgrimmar Peon
UPDATE `creature_template` SET `minlevel`=70, `maxlevel`=70 WHERE `entry`=3313; -- Trak'gen
UPDATE `creature_template` SET `minlevel`=70, `maxlevel`=70 WHERE `entry`=5817; -- Shimra
UPDATE `creature_template` SET `gossip_menu_id`=0, `minlevel`=70, `maxlevel`=70 WHERE `entry`=6929; -- Innkeeper Gryshka
UPDATE `creature_template` SET `minlevel`=70, `maxlevel`=70 WHERE `entry`=62822; -- Cousin Slowhands
UPDATE `creature_template` SET `minlevel`=70, `maxlevel`=70 WHERE `entry`=62821; -- Mystic Birdhat
UPDATE `creature_template` SET `minlevel`=70, `maxlevel`=70 WHERE `entry`=6466; -- Gamon
UPDATE `creature_template` SET `minlevel`=70, `maxlevel`=70 WHERE `entry`=88702; -- Grunt Nolo
UPDATE `creature_template` SET `minlevel`=70, `maxlevel`=70 WHERE `entry`=88701; -- Grunt Meena
UPDATE `creature_template` SET `minlevel`=70, `maxlevel`=70 WHERE `entry`=5610; -- Kozish
UPDATE `creature_template` SET `minlevel`=70, `maxlevel`=70 WHERE `entry`=5609; -- Zazo
UPDATE `creature_template` SET `minlevel`=70, `maxlevel`=70 WHERE `entry`=5606; -- Goma
UPDATE `creature_template` SET `minlevel`=70, `maxlevel`=70 WHERE `entry`=88703; -- Grunt Arhung
UPDATE `creature_template` SET `minlevel`=70, `maxlevel`=70 WHERE `entry`=5614; -- Sarok
UPDATE `creature_template` SET `minlevel`=70, `maxlevel`=70 WHERE `entry`=5613; -- Doyo'da
UPDATE `creature_template` SET `minlevel`=70, `maxlevel`=70 WHERE `entry`=5611; -- Barkeep Morag
UPDATE `creature_template` SET `minlevel`=70, `maxlevel`=70 WHERE `entry`=44872; -- Grunt Wabang
UPDATE `creature_template` SET `minlevel`=70, `maxlevel`=70 WHERE `entry`=44868; -- Auctioneer Xifa
UPDATE `creature_template` SET `minlevel`=70, `maxlevel`=70 WHERE `entry`=44866; -- Auctioneer Drezmit
UPDATE `creature_template` SET `minlevel`=70, `maxlevel`=70 WHERE `entry`=44865; -- Auctioneer Fazdran
UPDATE `creature_template` SET `minlevel`=47, `maxlevel`=62, `BaseAttackTime`=1818 WHERE `entry`=165189; -- Generic Hunter Pet
UPDATE `creature_template` SET `minlevel`=70, `maxlevel`=70 WHERE `entry`=44867; -- Auctioneer Ralinza
UPDATE `creature_template` SET `minlevel`=70, `maxlevel`=70 WHERE `entry`=44871; -- Grunt Grimful
UPDATE `creature_template` SET `minlevel`=70, `maxlevel`=70 WHERE `entry`=72654; -- General Purpose Stalker (RKS)
UPDATE `creature_template` SET `gossip_menu_id`=0, `minlevel`=70, `maxlevel`=70 WHERE `entry`=54473; -- Warpweaver Dushar
UPDATE `creature_template` SET `minlevel`=70, `maxlevel`=70 WHERE `entry`=28960; -- Totally Generic Bunny (JSB)
UPDATE `creature_template` SET `minlevel`=70, `maxlevel`=70 WHERE `entry`=198497; -- Nathenaseth
UPDATE `creature_template` SET `minlevel`=70, `maxlevel`=70 WHERE `entry`=54472; -- Vaultkeeper Jazra
UPDATE `creature_template` SET `minlevel`=70, `maxlevel`=70 WHERE `entry`=68979; -- Voidbinder Zorlan
UPDATE `creature_template` SET `npcflag`=1, `unit_flags`=33587456, `unit_flags3`=8388609 WHERE `entry`=72559; -- Thunder Bluff Protector
UPDATE `creature_template` SET `minlevel`=70, `maxlevel`=70 WHERE `entry`=198541; -- Zurenoth
UPDATE `creature_template` SET `minlevel`=70, `maxlevel`=70 WHERE `entry`=14375; -- Scout Stronghand
UPDATE `creature_template` SET `minlevel`=70, `maxlevel`=70 WHERE `entry`=3367; -- Felika
UPDATE `creature_template` SET `minlevel`=70, `maxlevel`=70 WHERE `entry`=62198; -- Omakka Wolfbrother
UPDATE `creature_template` SET `minlevel`=70, `maxlevel`=70 WHERE `entry`=62194; -- Ukos Bloodwhisper
UPDATE `creature_template` SET `minlevel`=70, `maxlevel`=70 WHERE `entry`=3329; -- Kor'jus
UPDATE `creature_template` SET `minlevel`=70, `maxlevel`=70 WHERE `entry`=198538; -- Krozuthar
UPDATE `creature_template` SET `minlevel`=70, `maxlevel`=70 WHERE `entry`=14498; -- Tosamina
UPDATE `creature_template` SET `minlevel`=70, `maxlevel`=70 WHERE `entry`=49737; -- Shazdar
UPDATE `creature_template` SET `minlevel`=70, `maxlevel`=70 WHERE `entry`=46708; -- Suja
UPDATE `creature_template` SET `minlevel`=70, `maxlevel`=70 WHERE `entry`=3369; -- Gotri
UPDATE `creature_template` SET `minlevel`=70, `maxlevel`=70 WHERE `entry`=14451; -- Orphan Matron Battlewail
UPDATE `creature_template` SET `minlevel`=70, `maxlevel`=70 WHERE `entry`=42506; -- Marogg
UPDATE `creature_template` SET `minlevel`=70, `maxlevel`=70, `faction`=3341, `BaseAttackTime`=2000, `unit_flags`=32768, `unit_flags2`=2048 WHERE `entry`=198540; -- Tharalash
UPDATE `creature_template` SET `minlevel`=70, `maxlevel`=70 WHERE `entry`=46709; -- Arugi
UPDATE `creature_template` SET `minlevel`=70, `maxlevel`=70 WHERE `entry`=3368; -- Borstan
UPDATE `creature_template` SET `minlevel`=70, `maxlevel`=70 WHERE `entry`=8659; -- Jes'rimon
UPDATE `creature_template` SET `minlevel`=70, `maxlevel`=70 WHERE `entry`=3412; -- Nogg
UPDATE `creature_template` SET `minlevel`=70, `maxlevel`=70 WHERE `entry`=3413; -- Sovik
UPDATE `creature_template` SET `minlevel`=70, `maxlevel`=70 WHERE `entry`=3348; -- Kor'geld
UPDATE `creature_template` SET `minlevel`=70, `maxlevel`=70 WHERE `entry`=47663; -- Scout Obrok
UPDATE `creature_template` SET `minlevel`=70, `maxlevel`=70 WHERE `entry`=52809; -- Blax Bottlerocket
UPDATE `creature_template` SET `minlevel`=70, `maxlevel`=70 WHERE `entry`=11017; -- Roxxik
UPDATE `creature_template` SET `minlevel`=70, `maxlevel`=70 WHERE `entry`=198553; -- Razmu
UPDATE `creature_template` SET `minlevel`=70, `maxlevel`=70 WHERE `entry`=198542; -- Destia
UPDATE `creature_template` SET `minlevel`=70, `maxlevel`=70 WHERE `entry`=2857; -- Thund
UPDATE `creature_template` SET `minlevel`=70, `maxlevel`=70 WHERE `entry`=3372; -- Sarlek
UPDATE `creature_template` SET `minlevel`=70, `maxlevel`=70 WHERE `entry`=46741; -- Muraga
UPDATE `creature_template` SET `minlevel`=70, `maxlevel`=70 WHERE `entry`=52032; -- Sinzi Sparkscribe
UPDATE `creature_template` SET `minlevel`=70, `maxlevel`=70 WHERE `entry`=7010; -- Zilzibin Drumlore
UPDATE `creature_template` SET `minlevel`=70, `maxlevel`=70 WHERE `entry`=46716; -- Nerog
UPDATE `creature_template` SET `minlevel`=70, `maxlevel`=70 WHERE `entry`=46718; -- Moraka
UPDATE `creature_template` SET `minlevel`=70, `maxlevel`=70 WHERE `entry`=3371; -- Tamaro
UPDATE `creature_template` SET `minlevel`=70, `maxlevel`=70 WHERE `entry`=3189; -- Kor'ghan
UPDATE `creature_template` SET `minlevel`=70, `maxlevel`=70 WHERE `entry`=42548; -- Muddy Crawfish
UPDATE `creature_template` SET `gossip_menu_id`=0, `minlevel`=70, `maxlevel`=70 WHERE `entry`=3310; -- Doras
UPDATE `creature_template` SET `minlevel`=70, `maxlevel`=70 WHERE `entry`=130911; -- Charles Gastly
UPDATE `creature_template` SET `minlevel`=70, `maxlevel`=70 WHERE `entry`=44735; -- Seer Liwatha
UPDATE `creature_template` SET `minlevel`=70, `maxlevel`=70 WHERE `entry`=54113; -- Spooks
UPDATE `creature_template` SET `minlevel`=70, `maxlevel`=70 WHERE `entry`=44745; -- Sunwalker Atohmo's Kodo
UPDATE `creature_template` SET `minlevel`=70, `maxlevel`=70 WHERE `entry`=44726; -- Shalla Whiteleaf
UPDATE `creature_template` SET `minlevel`=70, `maxlevel`=70 WHERE `entry`=44740; -- Sahi Cloudsinger
UPDATE `creature_template` SET `minlevel`=70, `maxlevel`=70 WHERE `entry`=44723; -- Nahu Ragehoof
UPDATE `creature_template` SET `minlevel`=70, `maxlevel`=70 WHERE `entry`=133271; -- Highmountain Pathfinder
UPDATE `creature_template` SET `minlevel`=70, `maxlevel`=70 WHERE `entry`=3346; -- Kithas
UPDATE `creature_template` SET `minlevel`=70, `maxlevel`=70 WHERE `entry`=176012; -- Ric Catstalker
UPDATE `creature_template` SET `minlevel`=70, `maxlevel`=70 WHERE `entry`=5816; -- Katis
UPDATE `creature_template` SET `BaseAttackTime`=1677 WHERE `entry`=180016; -- Spectral Feline
UPDATE `creature_template` SET `minlevel`=70, `maxlevel`=70 WHERE `entry`=88706; -- Murgul
UPDATE `creature_template` SET `minlevel`=70, `maxlevel`=70 WHERE `entry`=88704; -- Gran'dul
UPDATE `creature_template` SET `minlevel`=70, `maxlevel`=70 WHERE `entry`=44948; -- Wind Rider Cub
UPDATE `creature_template` SET `minlevel`=70, `maxlevel`=70 WHERE `entry`=46181; -- Enchanter Farendin
UPDATE `creature_template` SET `minlevel`=70, `maxlevel`=70 WHERE `entry`=32520; -- Totally Generic Bunny (All Phase)
UPDATE `creature_template` SET `minlevel`=70, `maxlevel`=70 WHERE `entry`=44743; -- Nohi Plainswalker
UPDATE `creature_template` SET `minlevel`=70, `maxlevel`=70 WHERE `entry`=46742; -- Brunda
UPDATE `creature_template` SET `minlevel`=70, `maxlevel`=70 WHERE `entry`=47254; -- Gizput
UPDATE `creature_template` SET `minlevel`=70, `maxlevel`=70 WHERE `entry`=11066; -- Jhag
UPDATE `creature_template` SET `minlevel`=70, `maxlevel`=70 WHERE `entry`=176095; -- Luke Catstalker
UPDATE `creature_template` SET `minlevel`=70, `maxlevel`=70 WHERE `entry`=176094; -- Max Catstalker
UPDATE `creature_template` SET `gossip_menu_id`=0, `minlevel`=70, `maxlevel`=70 WHERE `entry`=63626; -- Varzok
UPDATE `creature_template` SET `minlevel`=70, `maxlevel`=70 WHERE `entry`=5909; -- Cazul
UPDATE `creature_template` SET `minlevel`=70, `maxlevel`=70 WHERE `entry`=44725; -- Sunwalker Atohmo
UPDATE `creature_template` SET `minlevel`=70, `maxlevel`=70 WHERE `entry`=44919; -- Maztha
UPDATE `creature_template` SET `minlevel`=70, `maxlevel`=70 WHERE `entry`=5875; -- Mordak Darkfist
UPDATE `creature_template` SET `minlevel`=70, `maxlevel`=70 WHERE `entry`=3335; -- Hagrus
UPDATE `creature_template` SET `gossip_menu_id`=0 WHERE `entry`=109912; -- Captive Wyrmtongue
UPDATE `creature_template` SET `minlevel`=70, `maxlevel`=70 WHERE `entry`=3330; -- Muragus
UPDATE `creature_template` SET `minlevel`=70, `maxlevel`=70 WHERE `entry`=88705; -- Kranosh
UPDATE `creature_template` SET `minlevel`=70, `maxlevel`=70 WHERE `entry`=50488; -- Stone Guard Nargol
UPDATE `creature_template` SET `minlevel`=70, `maxlevel`=70 WHERE `entry`=3216; -- Arnak Fireblade
UPDATE `creature_template` SET `minlevel`=70, `maxlevel`=70 WHERE `entry`=5639; -- Craven Drok
UPDATE `creature_template` SET `minlevel`=70, `maxlevel`=70 WHERE `entry`=38821; -- Dave's Industrial Light and Magic Bunny (Medium)(Sessile)
UPDATE `creature_template` SET `gossip_menu_id`=0, `minlevel`=70, `maxlevel`=70 WHERE `entry`=74228; -- Darkspear Headhunter
UPDATE `creature_template` SET `minlevel`=70, `maxlevel`=70 WHERE `entry`=50323; -- Frizzo Villamar
UPDATE `creature_template` SET `minlevel`=70, `maxlevel`=70 WHERE `entry`=45230; -- Orgrimmar Brave
UPDATE `creature_template` SET `minlevel`=70, `maxlevel`=70 WHERE `entry`=3345; -- Godan
UPDATE `creature_template` SET `minlevel`=70, `maxlevel`=70 WHERE `entry`=50477; -- Champion Uru'zin
UPDATE `creature_template` SET `gossip_menu_id`=0, `minlevel`=70, `maxlevel`=70 WHERE `entry`=3296; -- Orgrimmar Grunt
UPDATE `creature_template` SET `minlevel`=70, `maxlevel`=70 WHERE `entry`=51346; -- Orgrimmar Wind Rider
UPDATE `creature_template` SET `minlevel`=70, `maxlevel`=70 WHERE `entry`=44918; -- Drakma


DELETE FROM `quest_template` WHERE `ID` IN (66000 /*-Unknown-*/, 65999 /*-Unknown-*/, 65998 /*-Unknown-*/, 65997 /*-Unknown-*/, 66998 /*-Unknown-*/, 65996 /*-Unknown-*/, 65995 /*-Unknown-*/, 66956 /*-Unknown-*/, 65992 /*-Unknown-*/, 65993 /*-Unknown-*/, 65994 /*-Unknown-*/, 66196 /*-Unknown-*/, 66106 /*-Unknown-*/, 66108 /*-Unknown-*/, 66104 /*-Unknown-*/, 66107 /*-Unknown-*/, 66105 /*-Unknown-*/, 72122 /*-Unknown-*/, 65991 /*-Unknown-*/, 65990 /*-Unknown-*/, 65989 /*-Unknown-*/, 70822 /*-Unknown-*/, 65760 /*-Unknown-*/, 69914 /*-Unknown-*/, 69912 /*-Unknown-*/, 70362 /*-Unknown-*/, 72250 /*-Unknown-*/, 66112 /*-Unknown-*/, 69965 /*-Unknown-*/, 66111 /*-Unknown-*/, 66101 /*-Unknown-*/, 66110 /*-Unknown-*/, 69911 /*-Unknown-*/, 72709 /*-Unknown-*/, 69910 /*-Unknown-*/, 72253 /*-Unknown-*/, 72708 /*-Unknown-*/, 65451 /*-Unknown-*/, 65453 /*-Unknown-*/, 65452 /*-Unknown-*/, 66595 /*-Unknown-*/, 65938 /*-Unknown-*/, 65444 /*-Unknown-*/, 70198 /*-Unknown-*/);
INSERT INTO `quest_template` (`ID`, `QuestType`, `QuestPackageID`, `ContentTuningID`, `QuestSortID`, `QuestInfoID`, `SuggestedGroupNum`, `RewardNextQuest`, `RewardXPDifficulty`, `RewardXPMultiplier`, `RewardMoneyDifficulty`, `RewardMoneyMultiplier`, `RewardBonusMoney`, `RewardSpell`, `RewardHonor`, `RewardKillHonor`, `StartItem`, `RewardArtifactXPDifficulty`, `RewardArtifactXPMultiplier`, `RewardArtifactCategoryID`, `Flags`, `FlagsEx`, `FlagsEx2`, `RewardSkillLineID`, `RewardNumSkillUps`, `PortraitGiver`, `PortraitGiverMount`, `PortraitGiverModelSceneID`, `PortraitTurnIn`, `RewardItem1`, `RewardItem2`, `RewardItem3`, `RewardItem4`, `RewardAmount1`, `RewardAmount2`, `RewardAmount3`, `RewardAmount4`, `ItemDrop1`, `ItemDrop2`, `ItemDrop3`, `ItemDrop4`, `ItemDropQuantity1`, `ItemDropQuantity2`, `ItemDropQuantity3`, `ItemDropQuantity4`, `RewardChoiceItemID1`, `RewardChoiceItemID2`, `RewardChoiceItemID3`, `RewardChoiceItemID4`, `RewardChoiceItemID5`, `RewardChoiceItemID6`, `RewardChoiceItemQuantity1`, `RewardChoiceItemQuantity2`, `RewardChoiceItemQuantity3`, `RewardChoiceItemQuantity4`, `RewardChoiceItemQuantity5`, `RewardChoiceItemQuantity6`, `RewardChoiceItemDisplayID1`, `RewardChoiceItemDisplayID2`, `RewardChoiceItemDisplayID3`, `RewardChoiceItemDisplayID4`, `RewardChoiceItemDisplayID5`, `RewardChoiceItemDisplayID6`, `POIContinent`, `POIx`, `POIy`, `POIPriority`, `RewardTitle`, `RewardArenaPoints`, `RewardFactionID1`, `RewardFactionID2`, `RewardFactionID3`, `RewardFactionID4`, `RewardFactionID5`, `RewardFactionValue1`, `RewardFactionValue2`, `RewardFactionValue3`, `RewardFactionValue4`, `RewardFactionValue5`, `RewardFactionCapIn1`, `RewardFactionCapIn2`, `RewardFactionCapIn3`, `RewardFactionCapIn4`, `RewardFactionCapIn5`, `RewardFactionOverride1`, `RewardFactionOverride2`, `RewardFactionOverride3`, `RewardFactionOverride4`, `RewardFactionOverride5`, `RewardFactionFlags`, `AreaGroupID`, `TimeAllowed`, `AllowableRaces`, `TreasurePickerID`, `Expansion`, `ManagedWorldStateID`, `QuestSessionBonus`, `LogTitle`, `LogDescription`, `QuestDescription`, `AreaDescription`, `QuestCompletionLog`, `RewardCurrencyID1`, `RewardCurrencyID2`, `RewardCurrencyID3`, `RewardCurrencyID4`, `RewardCurrencyQty1`, `RewardCurrencyQty2`, `RewardCurrencyQty3`, `RewardCurrencyQty4`, `PortraitGiverText`, `PortraitGiverName`, `PortraitTurnInText`, `PortraitTurnInName`, `AcceptedSoundKitID`, `CompleteSoundKitID`, `VerifiedBuild`) VALUES
(66000, 2, 0, 2285, 13644, 0, 0, 0, 5, 1, 5, 1, 7150, 0, 0, 0, 0, 0, 1, 0, 33554440, 0, 0, 0, 0, 0, 0, 0, 0, 0, 0, 0, 0, 0, 0, 0, 0, 0, 0, 0, 0, 0, 0, 0, 0, 0, 0, 0, 0, 0, 0, 0, 0, 0, 0, 0, 0, 0, 0, 0, 0, 0, 0, 0, 0, 0, 0, 0, 0, 2510, 0, 0, 0, 0, 0, 0, 0, 0, 0, 7, 7, 7, 7, 7, 10000, 0, 0, 0, 0, 0, 0, 0, 18446744073709551615, 0, 9, 0, 0, 'Library of Alexstrasza', 'Save $1oa works of cultural significance.', '<The pages on this book are charred.\n\nThe Primalists seem to be burning the ancient tomes found here, putting the dragonflights\' very history in peril. It\'s as if the Primalists want to erase the dragonflights from history.\n\nSave what you can.>', '', '', 0, 0, 0, 0, 0, 0, 0, 0, '', '', '', '', 890, 878, 46801), -- -Unknown-
(65999, 2, 0, 2285, 13644, 0, 0, 0, 5, 1, 5, 1, 7150, 0, 0, 0, 0, 0, 1, 0, 39845896, 8192, 0, 0, 0, 0, 0, 0, 0, 0, 0, 0, 0, 0, 0, 0, 0, 0, 0, 0, 0, 0, 0, 0, 0, 0, 0, 0, 0, 0, 0, 0, 0, 0, 0, 0, 0, 0, 0, 0, 0, 0, 0, 0, 0, 0, 0, 0, 0, 2510, 0, 0, 0, 0, 0, 0, 0, 0, 0, 7, 7, 7, 7, 7, 10000, 0, 0, 0, 0, 0, 0, 0, 18446744073709551615, 2078, 9, 0, 0, 'Red in Tooth and Claw', 'Kill $1oa Primalist invaders.', 'Commander Lethanak warned us recruits that he had received reports of the Storm-Eater, Raszageth, escaping her prison. It seems her servants have followed in her wake, threatening all we hold dear.\n\nThey move quickly. These ruins were reported to be abandoned during the last patrol.\n\nWe must stop the Primalists here.\n\nFor the Life-Binder, and for all of the dragonflights!', '', '', 0, 0, 0, 0, 0, 0, 0, 0, '', '', '', '', 890, 878, 46801), -- -Unknown-
(65998, 2, 0, 2285, 13644, 0, 0, 0, 5, 1, 5, 1, 7150, 0, 0, 0, 0, 0, 1, 0, 40894472, 8192, 0, 0, 0, 0, 0, 0, 0, 0, 0, 0, 0, 0, 0, 0, 0, 0, 0, 0, 0, 0, 0, 0, 0, 0, 0, 0, 0, 0, 0, 0, 0, 0, 0, 0, 0, 0, 0, 0, 0, 0, 0, 0, 0, 0, 0, 0, 0, 2510, 0, 0, 0, 0, 0, 0, 0, 0, 0, 7, 7, 7, 7, 7, 10000, 0, 0, 0, 0, 0, 0, 0, 18446744073709551615, 0, 9, 0, 0, 'Future of the Flights', 'Rescue the Ruby Dragon Eggs.', 'There is no higher charge given to a drakonid upon their graduation than to defend every single dragon egg with their lives.\n\nIt\'s why we train. Why we exist.\n\nI can no longer hide and observe, $p. By stealing and infusing these eggs, the Primalists threaten the entire future of the dragonflights!\n\nWe are vastly outnumbered, but will you stand by my side? Will you fight to save the dragonflights?', '', '', 0, 0, 0, 0, 0, 0, 0, 0, '', '', '', '', 890, 878, 46801), -- -Unknown-
(65997, 2, 0, 2285, 13644, 0, 0, 0, 1, 1, 1, 1, 900, 0, 0, 0, 0, 0, 1, 0, 37748744, 8192, 0, 0, 0, 0, 0, 0, 0, 0, 0, 0, 0, 0, 0, 0, 0, 0, 0, 0, 0, 0, 0, 0, 0, 0, 0, 0, 0, 0, 0, 0, 0, 0, 0, 0, 0, 0, 0, 0, 0, 0, 0, 0, 0, 0, 0, 0, 0, 0, 0, 0, 0, 0, 0, 0, 0, 0, 0, 7, 7, 7, 7, 7, 0, 0, 0, 0, 0, 0, 0, 0, 18446744073709551615, 0, 9, 0, 0, 'Chasing Sendrax', 'Find Sendrax in the Life-Binder Conservatory ruins.', 'Cadet Sendrax came through here not long ago.\n\nShe relayed Commander Lethanak\'s orders for all drakonid to rally back at the Life Pools. Our whole defensive regiment set off in that direction not long after.\n\nBut our scouts were out on patrol in the old ruins, so she headed in there to rally them too.', '', 'Meet Sendrax in the Life-Binder Conservatory.', 0, 0, 0, 0, 0, 0, 0, 0, '', '', '', '', 890, 878, 46801), -- -Unknown-
(66998, 2, 0, 2444, 13644, 0, 0, 0, 5, 1, 5, 1, 7150, 0, 0, 0, 194441, 0, 1, 0, 33685512, 0, 0, 0, 0, 0, 0, 0, 0, 0, 0, 0, 0, 0, 0, 0, 0, 194441, 0, 0, 0, 1, 0, 0, 0, 0, 0, 0, 0, 0, 0, 0, 0, 0, 0, 0, 0, 0, 0, 0, 0, 0, 0, 0, 0, 0, 0, 0, 0, 2510, 0, 0, 0, 0, 0, 0, 0, 0, 0, 7, 7, 7, 7, 7, 10000, 0, 0, 0, 0, 0, 0, 0, 18446744073709551615, 0, 9, 0, 0, 'Fighting Fire with... Water', 'Kill lava elementals in the Erupting Cavern.', 'In all my years of tending to the lava elementals, I have never seen them act like this! We can barely keep them contained to the cave.\n\nDo you have a minute to spare? We\'ll hold the exit while you thin their numbers inside.\n\nHere, take this bottled water elemental with you.\n\nI always carry a few spare bottled water elementals when I\'m looking after the lava elementals. Natural enemies make for good distractions!', '', '', 0, 0, 0, 0, 0, 0, 0, 0, '', '', '', '', 890, 878, 46801), -- -Unknown-
(65996, 2, 0, 2285, 13644, 0, 0, 0, 1, 1, 1, 1, 900, 0, 0, 0, 193917, 0, 1, 0, 33554440, 0, 0, 0, 0, 0, 0, 0, 0, 0, 0, 0, 0, 0, 0, 0, 0, 193917, 0, 0, 0, 1, 0, 0, 0, 0, 0, 0, 0, 0, 0, 0, 0, 0, 0, 0, 0, 0, 0, 0, 0, 0, 0, 0, 0, 0, 0, 0, 0, 0, 0, 0, 0, 0, 0, 0, 0, 0, 0, 7, 7, 7, 7, 7, 0, 0, 0, 0, 0, 0, 0, 0, 18446744073709551615, 0, 9, 0, 0, 'Veteran Reinforcements', 'Help the injured guards and find Sendrax.', 'Commander Lethanak was insightful, as always. We will need the help of our most veteran guards to stop their threat. Rallying them was the perfect task for a young cadet like Sendrax, but she may need support.\n\nSendrax\'s path will take her towards the west, which may have been overwhelmed by this rising threat. They will need aid as well. Take this concoction and give them your support.', '', 'Meet Sendrax at the Conservatory Outpost.', 0, 0, 0, 0, 0, 0, 0, 0, '', '', '', '', 890, 878, 46801), -- -Unknown-
(65995, 2, 0, 2297, 13644, 0, 0, 0, 5, 1, 5, 1, 7150, 375822, 0, 0, 193874, 0, 1, 0, 308281352, 0, 0, 0, 0, 0, 0, 0, 0, 0, 0, 0, 0, 0, 0, 0, 0, 193874, 0, 0, 0, 1, 0, 0, 0, 0, 0, 0, 0, 0, 0, 0, 0, 0, 0, 0, 0, 0, 0, 0, 0, 0, 0, 0, 0, 0, 0, 0, 0, 2510, 0, 0, 0, 0, 0, 0, 0, 0, 0, 7, 7, 7, 7, 7, 10000, 0, 0, 0, 0, 0, 0, 0, 18446744073709551615, 0, 9, 0, 0, 'The Obsidian Citadel', 'Give the Qalashi Plans to Wrathion.', '<At a glance, this seems to be internal communications between djaradin camps.\n\nThe words \'Obsidian Citadel\' leap out at you.\n\nPerhaps Wrathion would be interested in seeing this.>', '', '', 0, 0, 0, 0, 0, 0, 0, 0, '', '', '', '', 890, 878, 46801), -- -Unknown-
(66956, 3, 0, 2297, 13644, 0, 0, 0, 5, 1, 5, 1, 7150, 0, 0, 0, 0, 0, 1, 0, 34144256, 0, 0, 0, 0, 0, 0, 0, 0, 0, 0, 0, 0, 0, 0, 0, 0, 0, 0, 0, 0, 0, 0, 0, 0, 0, 0, 0, 0, 0, 0, 0, 0, 0, 0, 0, 0, 0, 0, 0, 0, 0, 0, 0, 0, 0, 0, 0, 0, 0, 0, 0, 0, 0, 0, 0, 0, 0, 0, 7, 7, 7, 7, 7, 0, 0, 0, 0, 0, 0, 0, 0, 18446744073709551615, 0, 9, 0, 0, 'Dragonhunter Igordan', '', '', '', '', 0, 0, 0, 0, 0, 0, 0, 0, '', '', '', '', 890, 878, 46801), -- -Unknown-
(65992, 2, 0, 2297, 13644, 0, 0, 0, 5, 1, 5, 1, 7150, 375822, 0, 0, 0, 0, 1, 0, 40894472, 0, 0, 0, 0, 0, 0, 0, 0, 0, 0, 0, 0, 0, 0, 0, 0, 0, 0, 0, 0, 0, 0, 0, 0, 0, 0, 0, 0, 0, 0, 0, 0, 0, 0, 0, 0, 0, 0, 0, 0, 0, 0, 0, 0, 0, 0, 0, 0, 2510, 0, 0, 0, 0, 0, 0, 0, 0, 0, 7, 7, 7, 7, 7, 10000, 0, 0, 0, 0, 0, 0, 0, 18446744073709551615, 0, 9, 0, 0, 'Blacktalon Intel', 'Speak to Wrathion\'s spies hidden around Scalecracker Keep.', 'While Selistra and I attracted their eyes above, shadows crept in through their defenses.\n\nMy agents, the Blacktalon, are keeping an eye and an ear throughout the keep. Meet them and let them know you\'re on our side. They\'ll give you some valuable information on our enemies.', '', 'Meet Wrathion inside Scalecracker Keep.', 0, 0, 0, 0, 0, 0, 0, 0, '', '', '', '', 890, 878, 46801), -- -Unknown-
(65993, 2, 0, 2297, 13644, 0, 0, 0, 3, 1, 3, 1, 3600, 375822, 0, 0, 0, 0, 1, 0, 40894472, 0, 0, 0, 0, 102482, 0, 0, 0, 0, 0, 0, 0, 0, 0, 0, 0, 0, 0, 0, 0, 0, 0, 0, 0, 0, 0, 0, 0, 0, 0, 0, 0, 0, 0, 0, 0, 0, 0, 0, 0, 0, 0, 0, 0, 0, 0, 0, 0, 2510, 0, 0, 0, 0, 0, 0, 0, 0, 0, 7, 7, 7, 7, 7, 5000, 0, 0, 0, 0, 0, 0, 0, 18446744073709551615, 2077, 9, 0, 0, 'Killjoy', 'Kill Meatgrinder Sotok at Scalecracker Keep.', 'Ah, yes.\n\nI saw the leader of these giants headed back from the raid shortly after I arrived. She\'s celebrating their victory somewhere within the camp. \n\nIt would be a shame if someone interrupted her revelries, don\'t you think?', '', 'Meet Wrathion inside Scalecracker Keep.', 0, 0, 0, 0, 0, 0, 0, 0, 'The ringleader of the Dragonheart Outpost attack.', 'Meatgrinder Sotok', '', '', 890, 878, 46801), -- -Unknown-
(65994, 3, 0, 2297, 13644, 0, 0, 0, 7, 1, 7, 1, 10600, 0, 0, 0, 0, 0, 1, 0, 34144256, 0, 0, 0, 0, 0, 0, 0, 0, 0, 0, 0, 0, 0, 0, 0, 0, 0, 0, 0, 0, 0, 0, 0, 0, 0, 0, 0, 0, 0, 0, 0, 0, 0, 0, 0, 0, 0, 0, 0, 0, 0, 0, 0, 0, 0, 0, 0, 0, 2510, 0, 0, 0, 0, 0, 0, 0, 0, 0, 7, 7, 7, 7, 7, 20000, 0, 0, 0, 0, 0, 7517, 0, 18446744073709551615, 0, 9, 0, 0, 'Djaradin Djustice', '', '', '', '', 0, 0, 0, 0, 0, 0, 0, 0, '', '', '', '', 890, 878, 46801), -- -Unknown-
(66196, 2, 0, 2151, 13644, 0, 0, 0, 3, 1, 3, 1, 3550, 390284, 0, 0, 0, 0, 1, 0, 4194312, 8192, 0, 0, 0, 0, 0, 0, 0, 0, 0, 0, 0, 0, 0, 0, 0, 0, 0, 0, 0, 0, 0, 0, 0, 0, 0, 0, 0, 0, 0, 0, 0, 0, 0, 0, 0, 0, 0, 0, 0, 0, 0, 0, 0, 0, 0, 0, 0, 2510, 0, 0, 0, 0, 0, 0, 0, 0, 0, 7, 7, 7, 7, 7, 10000, 0, 0, 0, 0, 0, 0, 0, 18446744073709551615, 0, 9, 0, 0, 'A Quack For Help', 'Bring the Bubbled Duckling back to the Ecologists\' Camp.', '<This duckling flails around frantically inside the bubble, quacking in fright.>\n\n<Maybe the ecologists would know how to help it?>', '', 'Bring the Bubbled Duckling back to the Ecologists\' Camp.', 0, 0, 0, 0, 0, 0, 0, 0, '', '', '', '', 890, 878, 46801), -- -Unknown-
(66106, 2, 0, 2151, 13644, 0, 0, 0, 5, 0.800000011920928955, 5, 1, 5650, 0, 0, 0, 0, 0, 1, 0, 33554440, 0, 0, 0, 0, 0, 0, 0, 0, 0, 0, 0, 0, 0, 0, 0, 0, 0, 0, 0, 0, 0, 0, 0, 0, 0, 0, 0, 0, 0, 0, 0, 0, 0, 0, 0, 0, 0, 0, 0, 0, 0, 0, 0, 0, 0, 0, 0, 0, 2510, 0, 0, 0, 0, 0, 0, 0, 0, 0, 7, 7, 7, 7, 7, 10000, 0, 0, 0, 0, 0, 0, 0, 18446744073709551615, 0, 9, 0, 0, 'Don\'t Be So Shellfish', 'Collect $1oa Water-Infused Shells and $1oa Wind-Infused Shells from Soggymaw and Windyfin Gorlocs.', 'I was a fool to doubt Iskha when he insisted there was more to this. He wouldn\'t be my mate if he wasn\'t always two steps ahead of me.\n\nWe can make it up to him--by taking action, of course. If it\'s shells that are causing all this elemental chaos, why don\'t you go into their camp and take those shells right out of their slimy hands?\n\nBring back piles of the wind and water shells, enough for Iskha to research to his heart\'s content.', '', '', 0, 0, 0, 0, 0, 0, 0, 0, '', '', '', '', 890, 878, 46801), -- -Unknown-
(66108, 2, 0, 2151, 13644, 0, 0, 0, 5, 0.800000011920928955, 5, 1, 5650, 0, 0, 0, 0, 0, 1, 0, 33554440, 0, 0, 0, 0, 0, 0, 0, 0, 0, 0, 0, 0, 0, 0, 0, 0, 0, 0, 0, 0, 0, 0, 0, 0, 0, 0, 0, 0, 0, 0, 0, 0, 0, 0, 0, 0, 0, 0, 0, 0, 0, 0, 0, 0, 0, 0, 0, 0, 2510, 0, 0, 0, 0, 0, 0, 0, 0, 0, 7, 7, 7, 7, 7, 10000, 0, 0, 0, 0, 0, 0, 0, 18446744073709551615, 2089, 9, 0, 0, 'A Sledgehammer of a Solution', 'Slay Sogglmoggl, King of the Soggymaw and Whirglgurgl, King of the Windyfin.', 'While I\'m glad Tharu now sees my point of view, I\'m also grateful he had you rescue wildlife while I was dawdling.\n\nThe situation is much more dire than anticipated; he was right to take action. With what we\'ve learned, I fear this elemental bombardment won\'t stop until we\'ve dealt with the gorlocs.\n\nIf I were Tharu and thinking actionably, I would go straight for their leaders. Without anyone to rally around, the fighting should dissipate and no longer threaten the wetlands.', '', '', 0, 0, 0, 0, 0, 0, 0, 0, '', '', '', '', 890, 878, 46801), -- -Unknown-
(66104, 2, 0, 2151, 13644, 0, 0, 0, 5, 0.800000011920928955, 5, 1, 5650, 0, 0, 0, 0, 0, 1, 0, 33554440, 0, 0, 0, 0, 0, 0, 0, 0, 0, 0, 0, 0, 0, 0, 0, 0, 0, 0, 0, 0, 0, 0, 0, 0, 0, 0, 0, 0, 0, 0, 0, 0, 0, 0, 0, 0, 0, 0, 0, 0, 0, 0, 0, 0, 0, 0, 0, 0, 2510, 0, 0, 0, 0, 0, 0, 0, 0, 0, 7, 7, 7, 7, 7, 10000, 0, 0, 0, 0, 0, 0, 0, 18446744073709551615, 0, 9, 0, 0, 'Forensic Ecology', 'Dissect the gorloc corpses.', 'I\'m at my wits end, $n. Tharu and I have made our way through nearly all the corpses only to stumble at the end because we cannot agree on a methodology. If only he would just listen to me!\n\n<Ecologist Iskha sighs.>\n\nThe stress of the situation is getting to us both. I don\'t even have a firm hypothesis yet.\n\nYou look like you have a strong stomach. Will you take over on these last two gorlocs? You can borrow my scalpel.', '', '', 0, 0, 0, 0, 0, 0, 0, 0, '', '', '', '', 890, 878, 46801), -- -Unknown-
(66107, 2, 0, 2151, 13644, 0, 0, 0, 5, 0.800000011920928955, 5, 1, 5650, 0, 0, 0, 0, 0, 1, 0, 33554440, 0, 0, 0, 0, 0, 0, 0, 0, 0, 0, 0, 0, 0, 0, 0, 0, 0, 0, 0, 0, 0, 0, 0, 0, 0, 0, 0, 0, 0, 0, 0, 0, 0, 0, 0, 0, 0, 0, 0, 0, 0, 0, 0, 0, 0, 0, 0, 0, 2510, 0, 0, 0, 0, 0, 0, 0, 0, 0, 7, 7, 7, 7, 7, 10000, 0, 0, 0, 0, 0, 0, 0, 18446744073709551615, 0, 9, 0, 0, 'Wildlife Rescue', 'Rescue the wildlife of the Restless Wetlands.', 'It doesn\'t take an ecologist to see that the wetlands are in real trouble.\n\nBut Iskha\'s got us stuck here examining dead creatures when we ought to be stopping them from dying in the first place! The red dragonflight is about preserving life--not dissecting it!\n\nI love Iskha, and he\'s good at what he does, but if we wait until he\'s done puttering, there won\'t be any wetlands left to save. \n\nI\'ll manage his overthinking. You get out there, get your boots muddy, and rescue some wildlife.', '', '', 0, 0, 0, 0, 0, 0, 0, 0, '', '', '', '', 890, 878, 46801), -- -Unknown-
(66105, 2, 0, 2151, 13644, 0, 0, 0, 5, 0.800000011920928955, 5, 1, 5650, 0, 0, 0, 0, 0, 1, 0, 33554440, 0, 0, 0, 0, 0, 0, 0, 0, 0, 0, 0, 0, 0, 0, 0, 0, 0, 0, 0, 0, 0, 0, 0, 0, 0, 0, 0, 0, 0, 0, 0, 0, 0, 0, 0, 0, 0, 0, 0, 0, 0, 0, 0, 0, 0, 0, 0, 0, 2510, 0, 0, 0, 0, 0, 0, 0, 0, 0, 7, 7, 7, 7, 7, 10000, 0, 0, 0, 0, 0, 0, 0, 18446744073709551615, 2088, 9, 0, 0, 'A Scalpel of a Solution', 'Kill $1oa Rampaging Water and $1oa Rampaging Wind.', 'I believe we are gathering enough data safely from here but... \n\nTharu is an exceptional ecologist and prefers we take action. Still, the ecosystem is fragile, and we may damage it if we are not careful. I do however agree we don\'t have much time. \n\nit might be worth indulging him. A little.\n\nCulling the rampaging elementals ought to buy us time without impeding our research. Be sure to cull them in equal numbers--we don\'t want to throw things further out of balance.', '', '', 0, 0, 0, 0, 0, 0, 0, 0, '', '', '', '', 890, 878, 46801), -- -Unknown-
(72122, 2, 0, 2151, 13644, 0, 0, 0, 1, 0.800000011920928955, 1, 1, 700, 0, 0, 0, 0, 0, 1, 0, 33554440, 0, 0, 0, 0, 0, 0, 0, 0, 0, 0, 0, 0, 0, 0, 0, 0, 0, 0, 0, 0, 0, 0, 0, 0, 0, 0, 0, 0, 0, 0, 0, 0, 0, 0, 0, 0, 0, 0, 0, 0, 0, 0, 0, 0, 0, 0, 0, 0, 2510, 0, 0, 0, 0, 0, 0, 0, 0, 0, 7, 7, 7, 7, 7, 2500, 0, 0, 0, 0, 0, 0, 0, 18446744073709551615, 0, 9, 0, 0, 'Erstwhile Ecologists', 'Check in on the wayward ecologists.', 'The wounded are stabilized, but something still troubles me, $n.\n\nA pair of dragonspawn ecologists had come to the outpost to study the wetlands. I haven\'t seen scale nor claw of them since the attack, and it\'s become worrisome.\n\nIf you\'re venturing out, would you mind keeping an eye out, and making sure they\'re safe?\n\nAnd do take care. Rumor has it those wetlands are gorloc-infested.', '', '', 0, 0, 0, 0, 0, 0, 0, 0, '', '', '', '', 890, 878, 46801), -- -Unknown-
(65991, 2, 0, 2297, 13644, 0, 0, 0, 5, 1, 5, 1, 7050, 0, 0, 0, 0, 0, 1, 0, 37748744, 0, 0, 0, 0, 0, 0, 0, 0, 0, 0, 0, 0, 0, 0, 0, 0, 0, 0, 0, 0, 0, 0, 0, 0, 0, 0, 0, 0, 0, 0, 0, 0, 0, 0, 0, 0, 0, 0, 0, 0, 0, 0, 0, 0, 0, 0, 0, 0, 2510, 0, 0, 0, 0, 0, 0, 0, 0, 0, 7, 7, 7, 7, 7, 10000, 0, 0, 0, 0, 0, 0, 0, 18446744073709551615, 0, 9, 0, 0, 'Time for a Reckoning', 'Meet Wrathion and Majordomo Selistra at Scalecracker Keep.', 'Cadet Sendrax has informed me of our majordomo\'s plans. Thank the Life-Binder that we have their help. Their interference gives us the reprieve we need to get our wounded back to the Life Pools to be treated.\n\nI wish I could reinforce Selistra but I must keep my guards near the wounded. Go to the enemy stronghold to meet them. \n\nIf there were another way of handling the djaradin, I would ask it. But, as it were...\n\nYou must do what you must.', '', '', 0, 0, 0, 0, 0, 0, 0, 0, '', '', '', '', 890, 878, 46801), -- -Unknown-
(65990, 2, 0, 2276, 13644, 0, 0, 0, 5, 1, 5, 1, 7050, 0, 0, 0, 0, 0, 1, 0, 37748744, 0, 0, 0, 0, 0, 0, 0, 0, 0, 0, 0, 0, 0, 0, 0, 0, 0, 0, 0, 0, 0, 0, 0, 0, 0, 0, 0, 0, 0, 0, 0, 0, 0, 0, 0, 0, 0, 0, 0, 0, 0, 0, 0, 0, 0, 0, 0, 0, 2510, 0, 0, 0, 0, 0, 0, 0, 0, 0, 7, 7, 7, 7, 7, 10000, 0, 0, 0, 0, 0, 0, 0, 18446744073709551615, 0, 9, 0, 0, 'Deliver Whelps From Evil', 'Save $1oa Whimpering Whelplings from Dragonheart Outpost.', 'They descended upon us before we could even respond. My guards held as long as they could as we evacuated the young and helpless, but I fear that there are more within the outpost.\n\nCross that bridge and search for survivors.', '', '', 0, 0, 0, 0, 0, 0, 0, 0, '', '', '', '', 890, 878, 46801), -- -Unknown-
(65989, 2, 0, 2276, 13644, 0, 0, 0, 5, 1, 5, 1, 7050, 0, 0, 0, 0, 0, 1, 0, 33554440, 0, 0, 0, 0, 0, 0, 0, 0, 0, 0, 0, 0, 0, 0, 0, 0, 0, 0, 0, 0, 0, 0, 0, 0, 0, 0, 0, 0, 0, 0, 0, 0, 0, 0, 0, 0, 0, 0, 0, 0, 0, 0, 0, 0, 0, 0, 0, 0, 2510, 0, 0, 0, 0, 0, 0, 0, 0, 0, 7, 7, 7, 7, 7, 10000, 0, 0, 0, 0, 0, 0, 0, 18446744073709551615, 2076, 9, 0, 0, 'Invader Djaradin', 'Kill $1oa djaradin at the Dragonheart Outpost.', 'We may not have the power to take back our outpost, but we do not have to surrender without a fight.\n\nShow them we still have teeth.', '', '', 0, 0, 0, 0, 0, 0, 0, 0, '', '', '', '', 890, 878, 46801), -- -Unknown-
(70822, 0, 0, 2424, -609, 0, 0, 0, 0, 1, 0, 1, 0, 392172, 0, 0, 0, 0, 1, 0, 35651584, 0, 0, 0, 0, 0, 0, 0, 0, 0, 0, 0, 0, 0, 0, 0, 0, 0, 0, 0, 0, 0, 0, 0, 0, 0, 0, 0, 0, 0, 0, 0, 0, 0, 0, 0, 0, 0, 0, 0, 0, 0, 0, 0, 0, 0, 0, 0, 0, 0, 0, 0, 0, 0, 0, 0, 0, 0, 0, 7, 7, 7, 7, 7, 0, 0, 0, 0, 0, 0, 0, 0, 18446744073709551615, 0, 9, 0, 0, 'Lost Expedition Scouts', '', '', '', '', 0, 0, 0, 0, 0, 0, 0, 0, '', '', '', '', 890, 878, 46801), -- -Unknown-
(65760, 2, 0, 2276, 13644, 0, 0, 0, 3, 1, 3, 1, 3550, 0, 0, 0, 0, 0, 1, 0, 4194304, 0, 0, 0, 0, 0, 0, 0, 0, 0, 0, 0, 0, 0, 0, 0, 0, 0, 0, 0, 0, 0, 0, 0, 0, 0, 0, 0, 0, 0, 0, 0, 0, 0, 0, 0, 0, 0, 0, 0, 0, 0, 0, 0, 0, 0, 0, 0, 0, 2510, 0, 0, 0, 0, 0, 0, 0, 0, 0, 7, 7, 7, 7, 7, 5000, 0, 0, 0, 0, 0, 0, 0, 18446744073709551615, 0, 9, 0, 0, 'Reporting for Duty', 'Follow Sendrax to the Dragonheart Outpost.', 'I\'ve only read of the djaradin in books.\n\nAncient rivals to the dragons, powerful giants with mastery over earth and lava... dedicated wholly to hunting dragons to extinction.\n\n<Sendrax furrows her brow at the distant volcano.>\n\nMy instructor said that they hadn\'t been seen since the dragons left as they slumbered deep in the earth.\n\nIf they\'ve awoken, every whelpling on the isles is in danger!\n\nFollow me, I\'ll take us to Commander Lethanak at the Dragonheart Outpost.', '', 'Speak with Commander Lethanak at Dragonheart Outpost.', 0, 0, 0, 0, 0, 0, 0, 0, '', '', '', '', 890, 878, 46801), -- -Unknown-
(69914, 2, 0, 2309, 13644, 0, 0, 0, 5, 1, 5, 1, 7050, 0, 0, 0, 0, 0, 1, 0, 542113792, 0, 0, 0, 0, 0, 0, 0, 0, 0, 0, 0, 0, 0, 0, 0, 0, 0, 0, 0, 0, 0, 0, 0, 0, 0, 0, 0, 0, 0, 0, 0, 0, 0, 0, 0, 0, 0, 0, 0, 0, 0, 0, 0, 0, 0, 0, 0, 0, 2507, 0, 0, 0, 0, 0, 0, 0, 0, 0, 7, 7, 7, 7, 7, 40000, 0, 0, 0, 0, 0, 0, 0, 18446744073709551615, 0, 9, 0, 0, 'The Djaradin Have Awoken', 'Receive your orders from Majordomo Selistra.', 'I wish we\'d time for more pleasant introductions, but we can\'t all be Chronormu, can we?\n\nI am Selistra, majordomo to Alexstrasza the Life-Binder, Queen of the Dragons.\n\nQueen Alexstrasza asked me to convey her kindest regards and escort you to her at the Life Pools.\n\nBut I\'m afraid I must ask for your assistance before we go meet her.\n\nOur ancient rivals, the djaradin, have awoken from their slumber under the earth and have already assaulted a nearby outpost!', '', 'Meet Sendrax in Wingrest Embassy.', 0, 0, 0, 0, 0, 0, 0, 0, '', '', '', '', 890, 878, 46801), -- -Unknown-
(69912, 2, 0, 2309, 13644, 0, 0, 0, 3, 1, 3, 1, 3550, 0, 0, 0, 0, 0, 1, 0, 5242880, 0, 0, 0, 0, 0, 0, 0, 0, 0, 0, 0, 0, 0, 0, 0, 0, 0, 0, 0, 0, 0, 0, 0, 0, 0, 0, 0, 0, 0, 0, 0, 0, 0, 0, 0, 0, 0, 0, 0, 0, 0, 0, 0, 0, 0, 0, 0, 0, 2507, 0, 0, 0, 0, 0, 0, 0, 0, 0, 7, 7, 7, 7, 7, 15000, 0, 0, 0, 0, 0, 0, 0, 18446744073709551615, 0, 9, 0, 0, 'My First Real Emergency!', 'Convince Sendrax to fire her emergency signal flare to alert the dragons of your arrival.', '<Sendrax looks puzzled.>\n\nI have never known the majordomo to be late to anything, much less THIS late to something THIS important.\n\nMost unusual...\n\n<Sendrax perks up at a thought.>\n\nI could use my emergency signal flare to alert them to your arrival. Then they would come rushing to greet you immediately!\n\nI\'ve never fired my emergency signal flare before, though...', '', 'Meet Wrathion in Wingrest Embassy.', 0, 0, 0, 0, 0, 0, 0, 0, '', '', '', '', 890, 878, 46801), -- -Unknown-
(70362, 0, 0, 2424, 13644, 267, 0, 0, 0, 1, 0, 1, 0, 0, 0, 0, 0, 0, 1, 0, 33554440, 0, 0, 0, 0, 0, 0, 0, 0, 0, 0, 0, 0, 0, 0, 0, 0, 0, 0, 0, 0, 0, 0, 0, 0, 0, 0, 0, 0, 0, 0, 0, 0, 0, 0, 0, 0, 0, 0, 0, 0, 0, 0, 0, 0, 0, 0, 0, 0, 0, 0, 0, 0, 0, 0, 0, 0, 0, 0, 7, 7, 7, 7, 7, 0, 0, 0, 0, 0, 0, 0, 0, 18446744073709551615, 0, 9, 0, 0, 'Dragon Isles Leatherworking', '', '', '', '', 0, 0, 0, 0, 0, 0, 0, 0, '', '', '', '', 890, 878, 46801), -- -Unknown-
(72250, 0, 0, 2424, 13644, 267, 0, 0, 0, 1, 0, 1, 0, 0, 0, 0, 0, 0, 1, 0, 33554440, 0, 0, 0, 0, 0, 0, 0, 0, 0, 0, 0, 0, 0, 0, 0, 0, 0, 0, 0, 0, 0, 0, 0, 0, 0, 0, 0, 0, 0, 0, 0, 0, 0, 0, 0, 0, 0, 0, 0, 0, 0, 0, 0, 0, 0, 0, 0, 0, 0, 0, 0, 0, 0, 0, 0, 0, 0, 0, 7, 7, 7, 7, 7, 0, 0, 0, 0, 0, 0, 0, 0, 18446744073709551615, 0, 9, 0, 0, 'Dragon Isles Cooking', '', '', '', '', 0, 0, 0, 0, 0, 0, 0, 0, '', '', '', '', 890, 878, 46801), -- -Unknown-
(66112, 2, 0, 2309, 13644, 0, 0, 0, 5, 1, 5, 1, 7050, 0, 0, 0, 0, 0, 1, 0, 0, 0, 0, 0, 0, 0, 0, 0, 0, 0, 0, 0, 0, 0, 0, 0, 0, 0, 0, 0, 0, 0, 0, 0, 0, 0, 0, 0, 0, 0, 0, 0, 0, 0, 0, 0, 0, 0, 0, 0, 0, 0, 0, 0, 0, 0, 0, 0, 0, 2507, 0, 0, 0, 0, 0, 0, 0, 0, 0, 7, 7, 7, 7, 7, 25000, 0, 0, 0, 0, 0, 0, 0, 18446744073709551615, 0, 9, 0, 0, 'Always Be Crafting', 'Collect a Primal Earthen Core and Primal Molten Core.', 'Have ye ever seen such powerful elementals?!\n\n<Grun cheers.>\n\nI hear the guards grumblin\' \'bout havin\' to fight \'em all the time, but they\'re missin\' the big picture... Bigger elementals means bigger craftin\' components!\n\nWhile you\'re out there clearin\' the elementals for our safety or whate\'er it is ye be doin\', be sure to pick up pieces of the biggest ones ye can find. I want tae try makin\' somethin\' out of \'em!', '', '', 0, 0, 0, 0, 0, 0, 0, 0, '', '', '', '', 890, 878, 46801), -- -Unknown-
(69965, 2, 0, 2309, -571, 267, 0, 0, 5, 1, 5, 1, 7050, 0, 0, 0, 0, 0, 1, 0, 8, 0, 0, 0, 0, 0, 0, 0, 0, 0, 0, 0, 0, 0, 0, 0, 0, 0, 0, 0, 0, 0, 0, 0, 0, 0, 0, 0, 0, 0, 0, 0, 0, 0, 0, 0, 0, 0, 0, 0, 0, 0, 0, 0, 0, 0, 0, 0, 0, 2544, 0, 0, 0, 0, 0, 0, 0, 0, 0, 4, 7, 7, 7, 7, 2500, 0, 0, 0, 0, 0, 0, 0, 18446744073709551615, 0, 9, 0, 0, 'Quality Assurance', 'Test Haephesta\'s Tools on nearby geodes for the Artisan\'s Consortium.', 'Are you looking for work, $c?\n\nI represent a new trade company, the Artisan\'s Consortium, which matches artisans and clients through our crafting orders network.\n\nThe Dragonscale Expedition placed an order for some enchanted mining tools. The tools are crafted, but we would like to test them before completing the order.\n\nWe will pay you for your services, of course.', '', '', 0, 0, 0, 0, 0, 0, 0, 0, '', '', '', '', 890, 878, 46801), -- -Unknown-
(66111, 2, 0, 2309, 13644, 0, 0, 0, 5, 1, 5, 1, 7050, 0, 0, 0, 0, 0, 1, 0, 0, 0, 0, 0, 0, 0, 0, 0, 0, 0, 0, 0, 0, 0, 0, 0, 0, 0, 0, 0, 0, 0, 0, 0, 0, 0, 0, 0, 0, 0, 0, 0, 0, 0, 0, 0, 0, 0, 0, 0, 0, 0, 0, 0, 0, 0, 0, 0, 0, 2507, 0, 0, 0, 0, 0, 0, 0, 0, 0, 7, 7, 7, 7, 7, 25000, 0, 0, 0, 0, 0, 0, 0, 12261800583900083122, 0, 9, 0, 0, 'Encroaching Elementals', 'Kill $1oa primal elementals in Wingrest Embassy.', 'The crafters, artisans, and explorers of the Dragonscale Expedition are ill-suited to the vigors of battle.\n\nBut not you and I, $p.\n\nHere in the Dragon Isles, let us use that strength to protect those who can\'t protect themselves.\n\nClear out the elementals encroaching from the north, so the expedition can focus on their noble pursuits.', '', '', 0, 0, 0, 0, 0, 0, 0, 0, '', '', '', '', 890, 878, 46801), -- -Unknown-
(66101, 2, 0, 2309, 13644, 0, 0, 0, 3, 1, 3, 1, 3550, 0, 0, 0, 0, 0, 1, 0, 8, 0, 0, 0, 0, 0, 0, 0, 0, 0, 0, 0, 0, 0, 0, 0, 0, 0, 0, 0, 0, 0, 0, 0, 0, 0, 0, 0, 0, 0, 0, 0, 0, 0, 0, 0, 0, 0, 0, 0, 0, 0, 0, 0, 0, 0, 0, 0, 0, 2507, 0, 0, 0, 0, 0, 0, 0, 0, 0, 7, 7, 7, 7, 7, 15000, 0, 0, 0, 0, 0, 0, 0, 18446744073709551615, 0, 9, 0, 0, 'From Such Great Heights', 'Use the Surveyor\'s Disc to bounce into the sky and scout the area.', 'Toddy and Naleidea have requested a survey report of the surrounding area immediately.\n\nLuckily, I have acquired an enchanted telescope and surveyor\'s disc that will help us scout out nearby areas from the safety of the clouds.\n\nUnluckily, I am deathly afraid of heights and cannot bring myself to set foot on the contraption.\n\nYou are not afraid of heights, are you?', '', '', 0, 0, 0, 0, 0, 0, 0, 0, '', '', '', '', 890, 878, 46801), -- -Unknown-
(66110, 2, 0, 2309, 13644, 0, 0, 0, 1, 1, 1, 1, 875, 0, 0, 0, 0, 0, 1, 0, 8, 0, 0, 0, 0, 0, 0, 0, 0, 0, 0, 0, 0, 0, 0, 0, 0, 0, 0, 0, 0, 0, 0, 0, 0, 0, 0, 0, 0, 0, 0, 0, 0, 0, 0, 0, 0, 0, 0, 0, 0, 0, 0, 0, 0, 0, 0, 0, 0, 0, 0, 0, 0, 0, 0, 0, 0, 0, 0, 7, 7, 7, 7, 7, 0, 0, 0, 0, 0, 0, 0, 0, 12261800583900083122, 0, 9, 0, 0, 'Give Peace a Chance', 'Introduce yourself to the Alliance representatives.', 'Aka\'Magosh, $p.\n\nThis expedition is under the protection of both the Horde and the Alliance. Our instructions are clear: give aid to any members of the Dragonscale Expedition regardless of their other allegiances.\n\nThe Alliance\'s representatives, Captain Garrick and her son Henry, stand guard on the other side of camp.\n\nI fought with Captain Garrick against the scourge. She is honorable and will serve the Expedition well.\n\nGo offer her your assistance. Show her that the Horde honors its agreements.', '', 'Speak with Captain Garrick in Wingrest Embassy.', 0, 0, 0, 0, 0, 0, 0, 0, '', '', '', '', 890, 878, 46801), -- -Unknown-
(69911, 2, 0, 2309, 13644, 0, 0, 0, 3, 1, 3, 1, 3550, 0, 0, 0, 0, 0, 1, 0, 5242880, 0, 0, 0, 0, 0, 0, 0, 0, 0, 0, 0, 0, 0, 0, 0, 0, 0, 0, 0, 0, 0, 0, 0, 0, 0, 0, 0, 0, 0, 0, 0, 0, 0, 0, 0, 0, 0, 0, 0, 0, 0, 0, 0, 0, 0, 0, 0, 0, 2507, 0, 0, 0, 0, 0, 0, 0, 0, 0, 7, 7, 7, 7, 7, 15000, 0, 0, 0, 0, 0, 0, 0, 18446744073709551615, 0, 9, 0, 0, 'Excuse the Mess', 'Help Ambassador Fastrasz restore the embassy.', 'I wish I knew more about how to welcome you to the Dragon Isles, but I\'m only the sentry.\n\n<Sendrax motions to the tower behind her.>\n\nYou could try talking with Ambassador Fastrasz in the visitor center. He might be able to answer more of your questions before the dragons arrive.\n\nMind your step in there. He was clearing out rubble last I saw.', '', '', 0, 0, 0, 0, 0, 0, 0, 0, '', '', '', '', 890, 878, 46801), -- -Unknown-
(72709, 2, 0, 2307, 13644, 0, 0, 0, 0, 1, 0, 1, 0, 396726, 0, 0, 0, 0, 1, 0, 2228232, 1, 0, 0, 0, 0, 0, 0, 0, 0, 0, 0, 0, 0, 0, 0, 0, 198854, 0, 0, 0, 1, 0, 0, 0, 0, 0, 0, 0, 0, 0, 0, 0, 0, 0, 0, 0, 0, 0, 0, 0, 0, 0, 0, 0, 0, 0, 0, 0, 2507, 0, 0, 0, 0, 0, 0, 0, 0, 0, 7, 7, 7, 7, 7, 25000, 0, 0, 0, 0, 0, 0, 0, 18446744073709551615, 0, 9, 0, 0, 'Funding a Treasure Hunt', 'Buy the Archeologist Artifact Notes from Cataloger Jakes.', '<Cataloger Jakes quickly flips through her own supply bag and pulls out a freshly drawn map.>\n\nOne of our archeologists just reported some new findings in regards to a lost artifact, suspected to be in this area.\n\nIf you\'ll donate those supplies to fund the archeologist\'s next expedition, you can have this map that points to a nearby treasure.', '', '', 0, 0, 0, 0, 0, 0, 0, 0, '', '', '', '', 890, 878, 46801), -- -Unknown-
(69910, 2, 0, 2309, 13644, 0, 0, 0, 3, 1, 3, 1, 3550, 0, 0, 0, 0, 0, 1, 0, 5242880, 0, 0, 0, 0, 0, 0, 0, 0, 0, 0, 0, 0, 0, 0, 0, 0, 0, 0, 0, 0, 0, 0, 0, 0, 0, 0, 0, 0, 0, 0, 0, 0, 0, 0, 0, 0, 0, 0, 0, 0, 0, 0, 0, 0, 0, 0, 0, 0, 2507, 0, 0, 0, 0, 0, 0, 0, 0, 0, 7, 7, 7, 7, 7, 15000, 0, 0, 0, 0, 0, 0, 0, 12261800583900083122, 0, 9, 0, 0, 'Where is Wrathion?', 'Ask Sendrax when the dragons are expected to arrive.', 'How unusual.\n\nEbyssian told us that Wrathion would be awaiting our arrival along with an ambassador for Alexstrasza the Life-Binder, Queen of the Dragons.\n\nIt isn\'t like a dragon to break a promise.\n\nAt least this eager drakonid is here to greet us. Would you kindly inquire into when the others shall arrive?', '', '', 0, 0, 0, 0, 0, 0, 0, 0, '', '', '', '', 890, 878, 46801), -- -Unknown-
(72253, 0, 0, 2424, 13644, 267, 0, 0, 0, 1, 0, 1, 0, 0, 0, 0, 0, 0, 1, 0, 33554440, 0, 0, 0, 0, 0, 0, 0, 0, 0, 0, 0, 0, 0, 0, 0, 0, 0, 0, 0, 0, 0, 0, 0, 0, 0, 0, 0, 0, 0, 0, 0, 0, 0, 0, 0, 0, 0, 0, 0, 0, 0, 0, 0, 0, 0, 0, 0, 0, 0, 0, 0, 0, 0, 0, 0, 0, 0, 0, 7, 7, 7, 7, 7, 0, 0, 0, 0, 0, 0, 0, 0, 12261800583900083122, 0, 9, 0, 0, 'Dragon Isles Fishing', '', '', '', '', 0, 0, 0, 0, 0, 0, 0, 0, '', '', '', '', 890, 878, 46801), -- -Unknown-
(72708, 2, 0, 2307, 13644, 0, 0, 72709, 0, 1, 0, 1, 0, 396726, 0, 0, 202081, 0, 1, 0, 573046784, 0, 0, 0, 0, 0, 0, 0, 0, 0, 0, 0, 0, 0, 0, 0, 0, 202081, 0, 0, 0, 1, 0, 0, 0, 0, 0, 0, 0, 0, 0, 0, 0, 0, 0, 0, 0, 0, 0, 0, 0, 0, 0, 0, 0, 0, 0, 0, 0, 2507, 0, 0, 0, 0, 0, 0, 0, 0, 0, 7, 7, 7, 7, 7, 15000, 0, 0, 0, 0, 0, 0, 0, 18446744073709551615, 0, 9, 0, 0, 'Dragon Isles Supplies', 'Deliver Dragon Isles Supply Bag to Cataloger Jakes in Wingrest Embassy.', '<That proto-dragon must\'ve snatched this bag of supplies off of an unlucky Dragonscale Expedition member.\n\nCataloger Jakes in Wingrest Embassy will know what best to do with it.>', '', 'Deliver Dragon Isles Supply Bag to Cataloger Jakes in Wingrest Embassy.', 2003, 0, 0, 0, 10, 0, 0, 0, '', '', '', '', 890, 878, 46801), -- -Unknown-
(65451, 2, 0, 2307, 13644, 0, 0, 0, 5, 1, 5, 1, 7050, 0, 0, 0, 0, 0, 1, 0, 5242880, 0, 0, 0, 0, 0, 0, 0, 0, 0, 0, 0, 0, 0, 0, 0, 0, 0, 0, 0, 0, 0, 0, 0, 0, 0, 0, 0, 0, 0, 0, 0, 0, 0, 0, 0, 0, 0, 0, 0, 0, 0, 0, 0, 0, 0, 0, 0, 0, 2507, 0, 0, 0, 0, 0, 0, 0, 0, 0, 7, 7, 7, 7, 7, 25000, 0, 0, 0, 0, 0, 0, 0, 12261800583900083122, 0, 9, 0, 0, 'Practice Materials', 'Collect $1oa Primal Proto-Whelp Scales.', 'These proto-drakes are unlike any I\'ve seen before on Azeroth.\n\nTheir scales appear to be naturally flame-resistant, stronger than steel, and don\'t lose flexibility in the process. Incredible. \n\nMy artisans--all of them--are clamoring to get their hands on some of those scales to work with.\n\nStart with the whelps. The smaller scales should be more pliable until we\'ve mastered our techniques with them.', '', 'Meet Boss Magor in Wingrest Embassy.', 0, 0, 0, 0, 0, 0, 0, 0, '', '', '', '', 890, 878, 46801), -- -Unknown-
(65453, 2, 0, 2307, 13644, 0, 0, 0, 5, 1, 5, 1, 7050, 0, 0, 0, 0, 0, 1, 0, 5242880, 0, 0, 0, 0, 0, 0, 0, 0, 0, 0, 0, 0, 0, 0, 0, 0, 0, 0, 0, 0, 0, 0, 0, 0, 0, 0, 0, 0, 0, 0, 0, 0, 0, 0, 0, 0, 0, 0, 0, 0, 0, 0, 0, 0, 0, 0, 0, 0, 2507, 0, 0, 0, 0, 0, 0, 0, 0, 0, 7, 7, 7, 7, 7, 25000, 0, 0, 0, 0, 0, 0, 0, 12261800583900083122, 0, 9, 0, 0, 'Primal Pests', 'Kill $1oa Primal Proto-drakes on the Wild Coast.', '<Cindrethresh glances suspiciously at the proto-dragons lurking on the ridge behind her.>\n\nI\'d swear that those proto-dragons edge closer to camp every time I turn my back...\n\nThose are not the dragons Ebyssian invited us here to meet.\n\nProto-dragons are ruthless predators who cannot be reasoned with. We must be ruthless in return.\n\nCull their numbers to keep their ambitions in check, or this expedition will be over before it begins.', '', 'Meet Scalecommander Cindrethresh in Wingrest Embassy.', 0, 0, 0, 0, 0, 0, 0, 0, '', '', '', '', 890, 878, 46801), -- -Unknown-
(65452, 2, 0, 2307, 13644, 0, 0, 0, 5, 1, 5, 1, 7050, 0, 0, 0, 0, 0, 1, 0, 5242880, 0, 0, 0, 0, 0, 0, 0, 0, 0, 0, 0, 0, 0, 0, 0, 0, 0, 0, 0, 0, 0, 0, 0, 0, 0, 0, 0, 0, 0, 0, 0, 0, 0, 0, 0, 0, 0, 0, 0, 0, 0, 0, 0, 0, 0, 0, 0, 0, 2507, 0, 0, 0, 0, 0, 0, 0, 0, 0, 7, 7, 7, 7, 7, 25000, 0, 0, 0, 0, 0, 0, 0, 12261800583900083122, 0, 9, 0, 0, 'Explorers in Peril', 'Rescue 3 Dragonscale Expedition members in the Wild Coast.', 'Don\'t mistake the expedition\'s scholarly pursuits as timidness, $p.\n\nWe are not recluses studying books in far-off towers.\n\nWe are adventurers, hunting down knowledge first-hand in every corner of Azeroth!\n\nThat passion for adventure often leads us onto the path of perils and hazards, and a few expedition members have bitten off a little more than they could chew...', '', 'Meet Naleidea in Wingrest Embassy.', 0, 0, 0, 0, 0, 0, 0, 0, '', '', '', '', 890, 878, 46801), -- -Unknown-
(66595, 2, 0, 2424, 13644, 0, 0, 66597, 1, 1, 1, 1, 875, 384171, 0, 0, 198538, 0, 1, 0, 36700160, 2048, 0, 0, 0, 0, 0, 0, 0, 0, 0, 0, 0, 0, 0, 0, 0, 198538, 0, 0, 0, 1, 0, 0, 0, 0, 0, 0, 0, 0, 0, 0, 0, 0, 0, 0, 0, 0, 0, 0, 0, 0, 0, 0, 0, 0, 0, 0, 0, 0, 0, 0, 0, 0, 0, 0, 0, 0, 0, 7, 7, 7, 7, 7, 0, 0, 0, 0, 0, 0, 0, 0, 18446744073709551615, 0, 9, 0, 0, 'Dormant Discovery', 'Deliver the message to Thaelin Darkanvil at the Rubyscale Outpost in The Waking Shores.', '<Nevermind how this curious parchment ended up in your bags. What\'s important are the contents of the message.>\n\nMembers of the Dragonscale Expedition:\n\nYour assistance is required! Report to the Rubyscale Outpost at once!\n\n<Before the signature can be read, the magical lettering inscribed on the note dissipates into a cloud of white and blue-tinted dust, leaving behind an empty page and a deliciously flowery scent in the air.>', '', '', 0, 0, 0, 0, 0, 0, 0, 0, '', '', '', '', 890, 878, 46801), -- -Unknown-
(65938, 2, 0, 2154, 13647, 0, 0, 0, 6, 1, 6, 1, 79900, 0, 0, 0, 0, 0, 1, 0, 38797320, 8192, 0, 0, 0, 0, 0, 0, 0, 0, 0, 0, 0, 0, 0, 0, 0, 0, 0, 0, 0, 0, 0, 0, 0, 0, 0, 0, 0, 0, 0, 0, 0, 0, 0, 0, 0, 0, 0, 0, 0, 0, 0, 0, 0, 0, 0, 0, 0, 2510, 0, 0, 0, 0, 0, 0, 0, 0, 0, 7, 7, 7, 7, 7, 15000, 0, 0, 0, 0, 0, 0, 0, 18446744073709551615, 2110, 9, 0, 0, 'The Once and Future Team', 'Use your Timewalker Staff to pop the temple door\'s stasis bubble.', 'All right! Let\'s pop that stasis bubble around the temple doors and release our Wardens! Are you ready for a huge tug-of-war match with time itself?\n\nYank at the door\'s bubble like you did with the crystals earlier. But be careful, all the time energy released is sure to collect and attack you. I\'m not sure what will be there, but at least you\'ll have the freed Wardens on your side no matter what happens.\n\nGood luck, $n!', '', '', 0, 0, 0, 0, 0, 0, 0, 0, '', '', '', '', 890, 878, 46801), -- -Unknown-
(65444, 2, 0, 2307, 13642, 0, 0, 0, 1, 1, 1, 1, 875, 0, 0, 0, 0, 0, 1, 0, 5242880, 0, 32, 0, 0, 0, 0, 0, 0, 0, 0, 0, 0, 0, 0, 0, 0, 0, 0, 0, 0, 0, 0, 0, 0, 0, 0, 0, 0, 0, 0, 0, 0, 0, 0, 0, 0, 0, 0, 0, 0, 0, 0, 0, 0, 0, 0, 0, 0, 0, 0, 0, 0, 0, 0, 0, 0, 0, 0, 7, 7, 7, 7, 7, 0, 0, 0, 0, 0, 0, 0, 0, 12261800583900083122, 0, 9, 0, 0, 'To the Dragon Isles!', 'Ride the Defiant Dragonscale to the Dragon Isles from the zeppelin tower outside Orgrimmar.', 'Our preliminary expedition has made landfall in the Dragon Isles.\n\nThanks to the efforts of those brave Dragonscale Expedition members, we\'ve established a protected landing site in the Dragon Isles and made contact with the dragonflight\'s embassy.\n\nAre you prepared to accompany us on our next voyage to the Dragon Isles?', '', 'Meet Naleidea Rivergleam on the shores of the Dragon Isles.', 0, 0, 0, 0, 0, 0, 0, 0, '', '', '', '', 890, 878, 46801), -- -Unknown-
(70198, 2, 0, 2151, 13642, 0, 0, 65444, 1, 1, 1, 1, 875, 0, 0, 0, 0, 0, 1, 0, 38273024, 0, 0, 0, 0, 0, 0, 0, 0, 0, 0, 0, 0, 0, 0, 0, 0, 0, 0, 0, 0, 0, 0, 0, 0, 0, 0, 0, 0, 0, 0, 0, 0, 0, 0, 0, 0, 0, 0, 0, 0, 0, 0, 0, 0, 0, 0, 0, 0, 0, 0, 0, 0, 0, 0, 0, 0, 0, 0, 7, 7, 7, 7, 7, 0, 0, 0, 0, 0, 0, 0, 0, 12261800583900083122, 0, 9, 0, 0, 'The Call of the Isles', 'Meet Naleidea Rivergleam in Durotar.', 'Our allies gather in Durotar. This is a very exciting time!\n\nJoin us, $n! It\'s time to set sail for the Dragon Isles!', '', '', 0, 0, 0, 0, 0, 0, 0, 0, '', '', '', '', 890, 878, 46801); -- -Unknown-

UPDATE `quest_template` SET `VerifiedBuild`=46801 WHERE `ID` IN (54748, 50562, 50606, 50604, 53466, 44543, 60458, 60392, 60425, 54896, 46736, 46735, 46277, 66042, 53435);
UPDATE `quest_template` SET `RewardBonusMoney`=60, `VerifiedBuild`=46801 WHERE `ID`=25152; -- Your Place In The World
UPDATE `quest_template` SET `RewardBonusMoney`=210, `VerifiedBuild`=46801 WHERE `ID`=25170; -- Cleaning Up the Coastline
UPDATE `quest_template` SET `RewardBonusMoney`=270, `VerifiedBuild`=46801 WHERE `ID`=871; -- In Defense of Far Watch
UPDATE `quest_template` SET `RewardBonusMoney`=270, `VerifiedBuild`=46801 WHERE `ID`=25236; -- Thunder Down Under
UPDATE `quest_template` SET `RewardBonusMoney`=65, `VerifiedBuild`=46801 WHERE `ID`=44701; -- Stormheim
UPDATE `quest_template` SET `RewardBonusMoney`=60, `VerifiedBuild`=46801 WHERE `ID`=59926; -- Warming Up
UPDATE `quest_template` SET `RewardBonusMoney`=300, `VerifiedBuild`=46801 WHERE `ID`=53831; -- A Royal Occasion
UPDATE `quest_template` SET `RewardBonusMoney`=100, `VerifiedBuild`=46801 WHERE `ID`=53870; -- Guests at Grommash Hold
UPDATE `quest_template` SET `RewardBonusMoney`=50, `VerifiedBuild`=46801 WHERE `ID`=29611; -- The Art of War
UPDATE `quest_template` SET `RewardBonusMoney`=100, `VerifiedBuild`=46801 WHERE `ID`=26293; -- Machines of War
UPDATE `quest_template` SET `RewardBonusMoney`=410, `VerifiedBuild`=46801 WHERE `ID`=25924; -- Call of Duty
UPDATE `quest_template` SET `RewardBonusMoney`=270, `VerifiedBuild`=46801 WHERE `ID`=13618; -- Find Gorat!
UPDATE `quest_template` SET `RewardFactionOverride1`=7500, `VerifiedBuild`=46801 WHERE `ID`=54509; -- Tip of the Trident
UPDATE `quest_template` SET `RewardFactionOverride1`=7500, `VerifiedBuild`=46801 WHERE `ID`=54789; -- Cyclarus
UPDATE `quest_template` SET `RewardFactionOverride1`=7500, `VerifiedBuild`=46801 WHERE `ID`=54807; -- Sapper Odette
UPDATE `quest_template` SET `RewardFactionOverride1`=7500, `VerifiedBuild`=46801 WHERE `ID`=54812; -- Shadowclaw
UPDATE `quest_template` SET `RewardFactionOverride1`=7500, `VerifiedBuild`=46801 WHERE `ID`=54719; -- Worgen in the Ore Mine
UPDATE `quest_template` SET `RewardBonusMoney`=775, `VerifiedBuild`=46801 WHERE `ID`=69925; -- Calming the Storms
UPDATE `quest_template` SET `RewardBonusMoney`=74050, `Expansion`=9, `VerifiedBuild`=46801 WHERE `ID`=66586; -- Legacy of Tyr: Secrets of the Past
UPDATE `quest_template` SET `Expansion`=9, `VerifiedBuild`=46801 WHERE `ID`=57249; -- A Timely Invitation

DELETE FROM `quest_objectives` WHERE `ID` IN (427713 /*427713*/, 427712 /*427712*/, 427711 /*427711*/, 427710 /*427710*/, 427709 /*427709*/, 427692 /*427692*/, 427448 /*427448*/, 427462 /*427462*/, 427657 /*427657*/, 427655 /*427655*/, 427654 /*427654*/, 427478 /*427478*/, 427477 /*427477*/, 427534 /*427534*/, 428768 /*428768*/, 428767 /*428767*/, 428766 /*428766*/, 428679 /*428679*/, 429977 /*429977*/, 430207 /*430207*/, 429945 /*429945*/, 428593 /*428593*/, 430223 /*430223*/, 427851 /*427851*/, 427850 /*427850*/, 427849 /*427849*/, 430222 /*430222*/, 427831 /*427831*/, 428677 /*428677*/, 427742 /*427742*/, 427740 /*427740*/, 430414 /*430414*/, 427739 /*427739*/, 427924 /*427924*/, 424205 /*424205*/, 424204 /*424204*/, 427016 /*427016*/, 427015 /*427015*/, 424247 /*424247*/, 424229 /*424229*/, 424228 /*424228*/, 427472 /*427472*/, 426919 /*426919*/, 427193 /*427193*/, 427192 /*427192*/, 430159 /*430159*/, 427789 /*427789*/, 427775 /*427775*/, 427773 /*427773*/, 427073 /*427073*/, 429426 /*429426*/, 429418 /*429418*/, 429795 /*429795*/, 429415 /*429415*/, 429414 /*429414*/, 428922 /*428922*/, 428921 /*428921*/, 429578 /*429578*/, 428001 /*428001*/, 423900 /*423900*/, 423902 /*423902*/, 423901 /*423901*/, 423899 /*423899*/, 429407 /*429407*/, 429406 /*429406*/, 429405 /*429405*/, 429404 /*429404*/, 432306 /*432306*/, 432305 /*432305*/, 429403 /*429403*/, 423020 /*423020*/, 423032 /*423032*/, 423905 /*423905*/, 423903 /*423903*/, 423904 /*423904*/, 430170 /*430170*/, 423757 /*423757*/, 423756 /*423756*/, 427440 /*427440*/, 427110 /*427110*/, 427955 /*427955*/, 422995 /*422995*/, 427100 /*427100*/, 422994 /*422994*/);
INSERT INTO `quest_objectives` (`ID`, `QuestID`, `Type`, `Order`, `StorageIndex`, `ObjectID`, `Amount`, `Flags`, `Flags2`, `ProgressBarWeight`, `Description`, `VerifiedBuild`) VALUES
(427713, 66000, 1, 6, 6, 192757, 1, 28, 1, 0, '', 46801), -- 427713
(427712, 66000, 1, 5, 5, 192756, 1, 28, 1, 0, '', 46801), -- 427712
(427711, 66000, 1, 4, 4, 192755, 1, 28, 1, 0, '', 46801), -- 427711
(427710, 66000, 1, 3, 3, 192754, 1, 28, 1, 0, '', 46801), -- 427710
(427709, 66000, 1, 2, 2, 192753, 1, 28, 1, 0, '', 46801), -- 427709
(427692, 66000, 1, 1, 1, 192745, 1, 28, 1, 0, '', 46801), -- 427692
(427448, 66000, 0, 0, 0, 189921, 4, 0, 0, 0, 'Books saved', 46801), -- 427448
(427462, 65999, 0, 0, 0, 189975, 15, 0, 0, 0, 'Primalist forces slain', 46801), -- 427462
(427657, 65998, 0, 4, 5, 186822, 9, 28, 0, 0, '', 46801), -- 427657
(427655, 65998, 0, 3, 3, 186822, 4, 28, 0, 0, '', 46801), -- 427655
(427654, 65998, 0, 2, 2, 186822, 2, 28, 0, 0, '', 46801), -- 427654
(427478, 65998, 0, 1, 1, 186822, 9, 2, 0, 0, '', 46801), -- 427478
(427477, 65998, 0, 0, 0, 191884, 1, 0, 0, 0, 'Infused dragon eggs found', 46801), -- 427477
(427534, 65997, 0, 0, 0, 187406, 1, 0, 0, 0, 'Sendrax found', 46801), -- 427534
(428768, 66998, 0, 3, 2, 192034, 7, 92, 0, 16, '', 46801), -- 428768
(428767, 66998, 0, 2, 1, 192033, 13, 92, 0, 8, '', 46801), -- 428767
(428766, 66998, 0, 1, 0, 192032, 25, 92, 0, 4, '', 46801), -- 428766
(428679, 66998, 15, 0, -1, 0, 1, 0, 0, 0, 'Erupting Cavern contained', 46801), -- 428679
(429977, 65996, 0, 2, 0, 190155, 1, 0, 0, 0, 'Meet Sendrax at the Conservatory Outpost', 46801), -- 429977
(430207, 65996, 0, 1, 1, 194749, 1, 28, 0, 0, 'Erupting Cavern Guard Healed', 46801), -- 430207
(429945, 65996, 0, 0, 3, 190771, 4, 0, 0, 0, 'Injured drakonids healed', 46801), -- 429945
(428593, 66956, 0, 0, 0, 191611, 1, 1, 0, 0, '', 46801), -- 428593
(430223, 65992, 0, 3, 3, 194772, 1, 28, 0, 0, 'Come to Wrathion', 46801), -- 430223
(427851, 65992, 0, 2, 2, 190564, 1, 0, 0, 0, 'Right consulted', 46801), -- 427851
(427850, 65992, 0, 1, 1, 190563, 1, 0, 0, 0, 'Left consulted', 46801), -- 427850
(427849, 65992, 0, 0, 0, 188299, 1, 0, 0, 0, 'Talonstalker Kavia consulted', 46801), -- 427849
(430222, 65993, 0, 1, 1, 194772, 1, 28, 0, 0, 'Come to Wrathion', 46801), -- 430222
(427831, 65993, 0, 0, 0, 186777, 1, 0, 0, 0, 'Meatgrinder Sotok slain', 46801), -- 427831
(428677, 65994, 0, 4, 1, 191611, 7, 92, 0, 15, '', 46801), -- 428677
(427742, 65994, 0, 3, 2, 191139, 9, 92, 0, 12, '', 46801), -- 427742
(427740, 65994, 0, 2, 0, 191138, 13, 92, 0, 8, '', 46801), -- 427740
(430414, 65994, 0, 1, 3, 195852, 17, 92, 0, 6, '', 46801), -- 430414
(427739, 65994, 15, 0, -1, 0, 1, 0, 0, 0, 'Djaradin camp invaded', 46801), -- 427739
(427924, 66196, 0, 0, 0, 196173, 1, 0, 0, 0, 'Bubbled Duckling brought to the Ecologist\'s Camp', 46801), -- 427924
(424205, 66106, 1, 1, 1, 191549, 15, 0, 1, 0, 'Water-Infused Shells collected', 46801), -- 424205
(424204, 66106, 1, 0, 0, 191546, 15, 0, 1, 0, 'Wind-Infused Shells collected', 46801), -- 424204
(427016, 66108, 0, 1, 1, 188860, 1, 0, 0, 0, '', 46801), -- 427016
(427015, 66108, 0, 0, 0, 188859, 1, 0, 0, 0, '', 46801), -- 427015
(424247, 66104, 2, 2, 2, 376482, 1, 2, 0, 0, 'Glistening Shells Examined', 46801), -- 424247
(424229, 66104, 0, 1, 1, 187883, 1, 0, 0, 0, 'Windyfin Gorloc Corpse Dissected', 46801), -- 424229
(424228, 66104, 0, 0, 0, 187882, 1, 0, 0, 0, 'Soggymaw Gorloc Corpse Dissected', 46801), -- 424228
(427472, 66107, 0, 1, 0, 187620, 1, 28, 0, 0, '', 46801), -- 427472
(426919, 66107, 0, 0, 5, 189993, 20, 0, 0, 0, 'Wildlife rescued', 46801), -- 426919
(427193, 66105, 0, 1, 3, 187494, 5, 0, 0, 0, '', 46801), -- 427193
(427192, 66105, 0, 0, 2, 187493, 5, 0, 0, 0, '', 46801), -- 427192
(430159, 65991, 0, 1, 1, 186584, 1, 28, 0, 0, '', 46801), -- 430159
(427789, 65991, 0, 0, 0, 186640, 1, 0, 0, 0, 'Wrathion met at Scalecracker Keep', 46801), -- 427789
(427775, 65990, 0, 0, 1, 194231, 4, 0, 0, 0, 'Whimpering Whelplings saved', 46801), -- 427775
(427773, 65989, 0, 0, 0, 190460, 6, 0, 0, 0, 'Djaradin slain', 46801), -- 427773
(427073, 65760, 0, 1, 0, 194125, 1, 2, 0, 0, 'Follow Sendrax to the outpost', 46801), -- 427073
(429426, 65760, 0, 0, 1, 193423, 1, 0, 0, 0, 'Ask Sendrax to lead you to the outpost', 46801), -- 429426
(429418, 69914, 0, 0, 0, 194042, 1, 0, 0, 0, 'Orders received from Majordomo Selistra', 46801), -- 429418
(429795, 69912, 0, 2, 0, 194018, 1, 28, 0, 0, '', 46801), -- 429795
(429415, 69912, 0, 1, 5, 193990, 1, 2, 0, 0, 'Wait for the dragons\' arrival', 46801), -- 429415
(429414, 69912, 0, 0, 4, 193989, 1, 0, 0, 0, 'Signal flare sent', 46801), -- 429414
(428922, 66112, 1, 1, 1, 190386, 1, 1, 1, 0, '', 46801), -- 428922
(428921, 66112, 1, 0, 0, 194548, 1, 1, 1, 0, '', 46801), -- 428921
(429578, 69965, 0, 0, 2, 193672, 6, 0, 0, 0, 'Volcanic Geodes excavated', 46801), -- 429578
(428001, 66111, 0, 0, 0, 190790, 15, 0, 0, 0, 'Primal elementals slain', 46801), -- 428001
(423900, 66101, 0, 3, 2, 184904, 1, 0, 0, 0, 'Search for Danger', 46801), -- 423900
(423902, 66101, 0, 2, 4, 184903, 1, 0, 0, 0, 'Search for Allies', 46801), -- 423902
(423901, 66101, 0, 1, 3, 184905, 1, 2, 0, 0, 'Search for Power', 46801), -- 423901
(423899, 66101, 0, 0, 1, 184913, 1, 0, 0, 0, 'Hop on the Surveyor\'s Disc', 46801), -- 423899
(429407, 69911, 0, 3, 3, 193871, 1, 0, 0, 0, 'Brazier of Kinship relit', 46801), -- 429407
(429406, 69911, 0, 2, 2, 193872, 1, 0, 0, 0, 'Welcome Message read', 46801), -- 429406
(429405, 69911, 0, 1, 1, 193870, 1, 2, 0, 0, 'Embassy Visitor Log signed', 46801), -- 429405
(429404, 69911, 0, 0, 0, 193866, 1, 0, 0, 0, 'Speak with Ambassador Fastrasz', 46801), -- 429404
(432306, 72709, 14, 1, 1, 140804, 1, 2, 0, 0, 'Read the Archeology Artifact Notes', 46801), -- 432306
(432305, 72709, 14, 0, 0, 140806, 1, 0, 0, 0, 'Buy Archeologist Artifact Notes from Cataloger Jakes', 46801), -- 432305
(429403, 69910, 0, 0, 0, 193817, 1, 0, 0, 0, 'Inquire after the missing dragons', 46801), -- 429403
(423020, 65451, 1, 0, 0, 189565, 20, 0, 1, 0, 'Primal Proto-Whelp Scales collected', 46801), -- 423020
(423032, 65453, 0, 0, 1, 194143, 10, 0, 0, 0, 'Primal Proto-drakes slain', 46801), -- 423032
(423905, 65452, 0, 2, 2, 189839, 1, 0, 0, 0, 'Spelunker Lazee rescued', 46801), -- 423905
(423903, 65452, 0, 1, 0, 189837, 1, 0, 0, 0, 'Archivist Spearblossom rescued', 46801), -- 423903
(423904, 65452, 0, 0, 1, 189838, 1, 0, 0, 0, 'Pathfinder Poppy rescued', 46801), -- 423904
(430170, 66595, 0, 0, 0, 189831, 1, 28, 0, 0, '', 46801), -- 430170
(423757, 65938, 0, 2, 1, 186672, 1, 2, 0, 0, 'Giant Time Elemental', 46801), -- 423757
(423756, 65938, 0, 1, 0, 189844, 1, 2, 0, 0, 'Use Timewalker Staff on the Temple Door Bubble', 46801), -- 423756
(427440, 65938, 0, 0, 3, 189957, 1, 28, 0, 0, '', 46801), -- 427440
(427110, 65444, 0, 4, 3, 189256, 1, 28, 0, 0, 'Landing RP', 46801), -- 427110
(427955, 65444, 0, 3, 4, 190703, 1, 28, 0, 0, 'Approach RP', 46801), -- 427955
(422995, 65444, 0, 2, 1, 184806, 1, 2, 0, 0, 'Ride the Defiant Dragonscale to Dragon Isles', 46801), -- 422995
(427100, 65444, 0, 1, 2, 189263, 1, 28, 0, 0, 'Boarding RP', 46801), -- 427100
(422994, 65444, 0, 0, 0, 184805, 1, 0, 0, 0, 'Wait for the Defiant Dragonscale at the zeppelin tower', 46801); -- 422994

UPDATE `quest_objectives` SET `VerifiedBuild`=46801 WHERE `ID` IN (265539, 254390, 254389, 265482, 336202, 336952, 336954, 397237, 388427, 353017, 254560, 266797, 286696, 398460, 398421, 398605, 398604, 398603, 398602, 398601, 398551, 398550, 387389, 387388, 387387, 387386, 387385, 387384, 388228, 388284, 388289, 388392, 388125, 289536, 289535, 289167, 429459, 429471, 429595, 427064, 423785, 423784, 423783, 423782, 423781, 423780, 423779, 423778, 341368);
UPDATE `quest_objectives` SET `Flags`=0, `VerifiedBuild`=46801 WHERE `ID`=387383; -- 387383

DELETE FROM `quest_visual_effect` WHERE (`Index`=5 AND `ID` IN (427448,426919)) OR (`Index`=4 AND `ID` IN (427448,426919)) OR (`Index`=3 AND `ID` IN (427448,426919)) OR (`Index`=2 AND `ID` IN (427448,426919)) OR (`Index`=1 AND `ID` IN (427448,427477,426919,427073,429415,423904)) OR (`Index`=0 AND `ID` IN (427448,427478,427477,427534,427016,427015,424247,424229,424228,427472,426919,427073,429426,429418,429415,429414,429578,423900,423902,423901,423899,429407,429406,429405,429404,432305,429403,423905,423903,423904,422995,422994)) OR (`Index`=6 AND `ID`=426919);
INSERT INTO `quest_visual_effect` (`ID`, `Index`, `VisualEffect`, `VerifiedBuild`) VALUES
(427448, 5, 18597, 46801),
(427448, 4, 18596, 46801),
(427448, 3, 18595, 46801),
(427448, 2, 18594, 46801),
(427448, 1, 18593, 46801),
(427448, 0, 18592, 46801),
(427478, 0, 18680, 46801),
(427477, 1, 18846, 46801),
(427477, 0, 18680, 46801),
(427534, 0, 18835, 46801),
(427016, 0, 2101, 46801),
(427015, 0, 2101, 46801),
(424247, 0, 2099, 46801),
(424229, 0, 2099, 46801),
(424228, 0, 2099, 46801),
(427472, 0, 2100, 46801),
(426919, 6, 20220, 46801),
(426919, 5, 20219, 46801),
(426919, 4, 20218, 46801),
(426919, 3, 20217, 46801),
(426919, 2, 20216, 46801),
(426919, 1, 20215, 46801),
(426919, 0, 20214, 46801),
(427073, 1, 19881, 46801),
(427073, 0, 19880, 46801),
(429426, 0, 19882, 46801),
(429418, 0, 19873, 46801),
(429415, 1, 19868, 46801),
(429415, 0, 19741, 46801),
(429414, 0, 19868, 46801),
(429578, 0, 19771, 46801),
(423900, 0, 19794, 46801),
(423902, 0, 19794, 46801),
(423901, 0, 19794, 46801),
(423899, 0, 19794, 46801),
(429407, 0, 19826, 46801),
(429406, 0, 19825, 46801),
(429405, 0, 19823, 46801),
(429404, 0, 19824, 46801),
(432305, 0, 21292, 46801),
(429403, 0, 19814, 46801),
(423905, 0, 18426, 46801),
(423903, 0, 18424, 46801),
(423904, 1, 18456, 46801),
(423904, 0, 18425, 46801),
(422995, 0, 18200, 46801),
(422994, 0, 18198, 46801);

UPDATE `quest_visual_effect` SET `VerifiedBuild`=46801 WHERE (`Index`=0 AND `ID` IN (397237,388427,353017,429471,423779));

DELETE FROM `quest_reward_display_spell` WHERE (`Idx`=0 AND `QuestID` IN (70822,65452));
INSERT INTO `quest_reward_display_spell` (`QuestID`, `Idx`, `SpellID`, `PlayerConditionID`, `VerifiedBuild`) VALUES
(70822, 0, 388272, 0, 46801),
(65452, 0, 395181, 0, 46801);


DELETE FROM `creature_template` WHERE `entry` IN (190151 /*Ruby Culler*/, 190155 /*Caretaker Azkra*/, 192407 /*Cracked Elemental*/, 190171 /*Ruby Egg Guardian*/, 190193 /*Bound Shoresnapper*/, 192438 /*Haephesta*/, 194681 /*Maoli*/, 187971 /*Soggymaw Crabtrapper*/, 190211 /*Egg Returned to Safety Kill Credit [DNT]*/, 194693 /*Dragon Target [DNT]*/, 194695 /*Dragon Glyph*/, 196954 /*Guff Runetotem*/, 185773 /*Elia Bladeleaf*/, 185774 /*Dallio Morelli*/, 190249 /*Frazzled Basilisk*/, 192490 /*Tixxa Mixxa*/, 188027 /*Salty Salamander*/, 188028 /*Salty Salamander*/, 188057 /*Curious Marmoni*/, 194772 /*Wrathion*/, 194774 /*Majordomo Selistra*/, 190301 /*Fretful Riverbeast Calf*/, 192549 /*Feilin Kuan*/, 192558 /*Toninaar*/, 192563 /*Kholmar Sunrunner*/, 192565 /*Zayn Starmaker*/, 194804 /*Qalashi Rampager*/, 194820 /*Dragon Glyph*/, 188205 /*Whirling Updraft*/, 199414 /*Isles Butterfly*/, 194941 /*Sotok's Cache*/, 199439 /*Flopping Tilapia*/, 194972 /*Dragon Glyph*/, 188266 /*Cowering Crab*/, 188267 /*Unsettled Seagull*/, 194982 /*Dragon Glyph*/, 190516 /*Ephra Breezewood*/, 190524 /*Mora Cloudwalker*/, 190526 /*Jaffe Cloudwalker*/, 190532 /*Kite*/, 188296 /*Qalashi Djaradin*/, 188297 /*Caretaker Ventraz*/, 190535 /*Quizla Blastcaps*/, 188299 /*Talonstalker Kavia*/, 197260 /*Flameshaper Lorak*/, 195032 /*Qalashi Djaradin*/, 190563 /*Left*/, 195037 /*Ruby Watcher*/, 190564 /*Right*/, 190565 /*Distressed Marmoni*/, 190571 /*Xelendus Felwatcher*/, 197285 /*Wildfeather*/, 190577 /*Tellywin Sharpfizzle*/, 190587 /*Ancient Proto-Dragon*/, 190600 /*Bubbled Duckling*/, 188372 /*Primal Tarasek*/, 195174 /*Ruby Packhorse*/, 193000 /*Kindlet*/, 193001 /*Kindlet*/, 190766 /*Qalashi Ragetamer*/, 190767 /*Qalashi Metalshaper*/, 195241 /*Primal Proto-Drake*/, 195242 /*Distressed Marmoni*/, 190771 /*Injured Ruby Culler*/, 193023 /*Wounded Swarmer*/, 195260 /*Fire Beetle*/, 193024 /*Emberling*/, 193026 /*Emberling*/, 197503 /*The Rugged Dragonscale*/, 195303 /*Mender Eskros*/, 195309 /*Bolstered Whelpling*/, 186410 /*Ecologist Iskha*/, 186428 /*Ecologist Tharu*/, 188666 /*Unleashed Lavaburst*/, 188667 /*Swelling Fire Elemental*/, 188698 /*Dreadsquall Feaster*/, 188699 /*Carrion Phoenix*/, 193217 /*Drakewing*/, 184286 /*Captain Caspartine*/, 195502 /*Pricklefury Hare*/, 186570 /*Lava Elemental*/, 186573 /*Restless Lava*/, 186576 /*Ruby Watcher*/, 186577 /*Ruby Searer*/, 186582 /*Ruby Warden*/, 186584 /*Commander Lethanak*/, 191060 /*Fussy Swoglet*/, 186593 /*Ruby Watcher*/, 188859 /*Sogglmoggl*/, 188860 /*Whirglgurgl*/, 195577 /*Primal Proto-Whelp*/, 186640 /*Wrathion*/, 195597 /*Primal Proto-Whelp*/, 193362 /*Sendrax*/, 193363 /*Sendrax*/, 193365 /*Toddy Whiskers*/, 193366 /*Naleidea Rivergleam*/, 193371 /*Wrathion*/, 193372 /*Majordomo Selistra*/, 191136 /*Qalashi Flameshatter*/, 191148 /*Kite*/, 186682 /*Raging Tremors*/, 193393 /*Ambassador Fastrasz*/, 186683 /*Restless Rocks*/, 197869 /*Shattered Orb*/, 186684 /*Lava Phoenix*/, 184449 /*Captain Garrick*/, 186687 /*Arbalest*/, 184450 /*Henry Garrick*/, 184451 /*Shuja Grimaxe*/, 184452 /*Warlord Breka Grimaxe*/, 195639 /*Primal Proto-Drake*/, 186697 /*Ruby Culler*/, 186724 /*Qalashi Flamemaster*/, 195672 /*Qalashi Scoundrel*/, 186727 /*Qalashi Rampager*/, 186728 /*Magmammoth Bull*/, 195678 /*Qalashi Marauder*/, 186767 /*Majordomo Selistra*/, 186777 /*Meatgrinder Sotok*/, 186792 /*Qalashi Skirmisher*/, 186800 /*Seera Flametamed*/, 189058 /*Thaelin Darkanvil*/, 189059 /*Pathfinder Jeb*/, 186823 /*Lavacaller Primalist*/, 189060 /*Cataloger Wulferd*/, 189061 /*Archivist Rellid*/, 186825 /*Molten Primalist*/, 189062 /*Professor Cogcatcher*/, 189063 /*Spelunker Lockeye*/, 189064 /*Waddles the Rescued Duckling*/, 186829 /*Spiteful Slug*/, 186833 /*Spiteful Snail*/, 186834 /*Stubborn Hornswog*/, 186836 /*Lava Burster*/, 195795 /*Ancient Proto-Dragon*/, 195796 /*Primal Proto-Drake*/, 189093 /*Pricklefury Hare*/, 189094 /*Magma Slug*/, 189122 /*Palamanther*/, 195853 /*Qalashi Trainee*/, 198094 /*Head Chef Stacks*/, 198095 /*Sous-Chef Butterfingers*/, 198096 /*Valdrakken Flightmage*/, 195884 /*Expedition Guarantor*/, 193671 /*Volcanic Geode*/, 186965 /*Smoldering Feather*/, 195915 /*Firava the Rekindler*/, 195917 /*Primal Revenant*/, 191446 /*Qalashi Scoundrel*/, 193707 /*Surveyor's Disc*/, 191475 /*Amella*/, 193712 /*Surveyor's Disc*/, 191509 /*Blazing Dreadsquall*/, 191513 /*Captured Raven*/, 191517 /*Erupting Droplet*/, 187043 /*Hardened Lava*/, 184807 /*The Defiant Dragonscale*/, 193758 /*Naleidea Rivergleam*/, 193759 /*Toddy Whiskers*/, 187061 /*Expedition Guarantor*/, 187062 /*Expedition Guarantor*/, 189307 /*Skitterfly*/, 184841 /*Naleidea Rivergleam*/, 191553 /*Wild Argali*/, 184842 /*Cataloger Coralie*/, 191554 /*Argali Lamb*/, 184844 /*Boss Magor*/, 184845 /*Pathfinder Tacha*/, 184851 /*Lava Snail*/, 184853 /*Primal Scythid Queen*/, 184855 /*Salty Skitterfly*/, 184856 /*Salty Skitterbug*/, 184857 /*Rambunctious Tideskipper*/, 193806 /*Primal Proto-Drake*/, 189333 /*Naleidea Rivergleam*/, 184859 /*Scalecommander Cindrethresh*/, 184861 /*Distressed Marmoni*/, 184862 /*Primal Proto-Whelp*/, 193811 /*Primal Proto-Drake*/, 184867 /*Fussy Swoglet*/, 193816 /*Primal Proto-Drake*/, 184869 /*Primal Proto-Drake*/, 184870 /*Naleidea Rivergleam*/, 189346 /*Scalecommander Cindrethresh*/, 189347 /*Cataloger Coralie*/, 187111 /*Ancient Hornswog*/, 189350 /*Boss Magor*/, 198299 /*Happy Swoglet*/, 189351 /*Pathfinder Tacha*/, 187120 /*Hungry Proto-Dragon*/, 187121 /*Expedition Guarantor*/, 187123 /*Expedition Guardian*/, 187125 /*Expedition Guardian*/, 193838 /*Vish the Sneak*/, 187135 /*Expedition Guardian*/, 191611 /*Dragonhunter Igordan*/, 187140 /*Cantankerous Hornswog*/, 191615 /*River Ottuk*/, 191616 /*Young Ottuk*/, 187143 /*Pathfinder Poppy*/, 191618 /*River Hornswog*/, 191620 /*River Swoglet*/, 193858 /*Expedition Surveyor*/, 191624 /*Tranquil Vorquin*/, 191625 /*Vorquin Foal*/, 187151 /*Spelunker Lazee*/, 191628 /*Lava Snail*/, 191629 /*Lava Slug*/, 187157 /*Archivist Spearblossom*/, 191637 /*Lava Phoenix*/, 191639 /*Vibrant Butterfly*/, 193876 /*Primal Proto-Whelp*/, 191645 /*Wind Serpent*/, 191647 /*Young Wind Serpent*/, 198367 /*(Bunny) Crow's Nest [DNT]*/, 198368 /*(Bunny) Crow's Nest*/, 187194 /*Restless Explorer*/, 198380 /*Journalist Jessamine Spitz*/, 191672 /*Lava Tarantula*/, 193913 /*Ruby Dragonspawn*/, 191677 /*Magmammoth Calf*/, 193914 /*Toht Twofingers*/, 191678 /*Magmammoth Crusher*/, 193915 /*Emilia Bellocq*/, 193917 /*Ruby Drakonid*/, 198392 /*An'timon*/, 193923 /*Mature Obsidian Hornswog*/, 198398 /*Misty Catseye*/, 193925 /*Obsidian Swoglet*/, 193926 /*Elder Obsidian Hornswog*/, 193928 /*Brave Researcher*/, 187229 /*Cataloger Coralie*/, 187234 /*Pathfinder Tacha*/, 187235 /*Scalecommander Cindrethresh*/, 187236 /*Boss Magor*/, 191721 /*Ruby Fallen*/, 187251 /*Toddy Whiskers*/, 187252 /*Scalecommander Azurathel*/, 187253 /*Spelunker Lazee*/, 187254 /*Archivist Spearblossom*/, 187255 /*Pathfinder Poppy*/, 187257 /*Aster Cloudgaze*/, 187261 /*Grun Ashbeard*/, 187263 /*Soggymaw Wavebringer*/, 191768 /*Majordomo Selistra*/, 191792 /*Frog*/, 187320 /*Soggymaw Seabasher*/, 187321 /*Primal Lava Elemental*/, 187322 /*Primal Earth Elemental*/, 191797 /*Steam Drip*/, 191798 /*Stray Gust*/, 187326 /*Encroaching Lava*/, 191807 /*Sendrax*/, 191809 /*Tiny Butterfly*/, 191812 /*Crumbling Pebbles*/, 194050 /*Zalanti*/, 191817 /*Shores Snake*/, 191818 /*Shaggy Rabbit*/, 194055 /*Dahanu Highwing*/, 191819 /*Prairie Dog*/, 194056 /*Dragon Kite*/, 194065 /*Ketuna Skyflame*/, 191830 /*Dreadsquall Hatchling*/, 191833 /*Qalashi Scavenger*/, 194073 /*Lux Fizzlegig*/, 189609 /*Quartermaster Furlein*/, 189613 /*Tragically Deceased Riverbeast*/, 189619 /*Tragically Deceased Crab*/, 180673 /*Turbulent Waters*/, 187403 /*Sil'nori Crestshade*/, 194115 /*Airship Worker*/, 191879 /*Sendrax*/, 194116 /*Shin Summerhill*/, 187406 /*Sendrax*/, 187410 /*Summoned Tsunami*/, 191886 /*Primalist Lava Conduit*/, 187414 /*Summoned Typhoon*/, 194126 /*Naleidea Rivergleam*/, 180705 /*Magmammoth Calf*/, 194127 /*Toddy Whiskers*/, 194129 /*Sendrax*/, 189659 /*Tragically Deceased Waterfowl*/, 198608 /*Tracker Dragon Glyph*/, 191898 /*Qalashi Ragetamer*/, 191899 /*Qalashi Marauder*/, 191901 /*Blazing Dreadsquall*/, 191902 /*Qalashi Magmatamer*/, 191903 /*Magmammoth Bull*/, 191904 /*Ruby Dragon Eggs*/, 187431 /*Windyfin Skybasher*/, 187432 /*Windyfin Windbringer*/, 187433 /*Windyfin Squallstalker*/, 198618 /*Tracker Dragon Glyph*/, 198619 /*Tracker Dragon Glyph*/, 198622 /*Tracker Dragon Glyph*/, 187439 /*Bubbled Duckling*/, 187442 /*Waking Duck*/, 191917 /*Erupting Magma*/, 189688 /*Bemused Axebeak*/, 187462 /*Distressed Riverbeast Calf*/, 189703 /*Sunning Salamanther*/, 187467 /*Distressed Riverbeast*/, 187468 /*Helpless Waterfowl*/, 191944 /*Erupting Lasher*/, 191945 /*Cracked Elemental*/, 191946 /*Cracked Elemental*/, 187493 /*Rampaging Water*/, 187494 /*Rampaging Wind*/, 189737 /*Kelp Nibbler*/, 191975 /*Rocan the Mountain*/, 191983 /*Erupting Droplet*/, 194222 /*Qalashi Flamemuzzler*/, 189756 /*Lazy Basilisk*/, 189757 /*Snoozing Basilisk Bull*/, 194231 /*Whimpering Whelpling*/, 194235 /*Ruby Wagon*/, 194236 /*Ruby Dragonspawn*/, 194238 /*Ruby Drakonid*/, 187542 /*Summoned Ripple*/, 187543 /*Summoned Zephyr*/, 189798 /*Ancient Proto-Dragon*/, 189801 /*Ancient Proto-Dragon*/, 198750 /*Expedition Escort*/, 192048 /*Deirdre Flemmin*/, 192054 /*Bottled Water Elemental*/, 192055 /*Veeno*/, 192059 /*Palamanther*/, 187620 /*Disgruntled Riverbeast Matriarch*/, 192095 /*Ironbeak Duck*/, 192103 /*Pricklefury Hare*/, 192104 /*Magma Slug*/, 194361 /*Rathamaresh*/, 192132 /*Depths Eel*/, 192134 /*Lava Snail*/, 192135 /*Phoenix Hatchling*/, 198846 /*Cataloger Jakes*/, 192136 /*Flame Flick*/, 192137 /*Lava Flick*/, 198848 /*Rae'ana*/, 192138 /*Lava Pincer*/, 192142 /*Sea Turtle*/, 192143 /*Baby Sea Turtle*/, 192148 /*Tranquil Tideskipper*/, 192149 /*River Frillfish*/, 192151 /*Smoothfin Mantacorn*/, 192153 /*Baby Octopus*/, 192181 /*Wild Rockfang*/, 192182 /*Rockfang Hunter*/, 192207 /*Sihua*/, 192210 /*Mia Pyke*/, 189983 /*Grateful Basilisk*/, 189984 /*Grateful Gull*/, 192227 /*Encroaching Lava*/, 189992 /*Restless Wildfowl*/, 190013 /*Ruby Dragon Egg*/, 192266 /*Baron Crustcore*/, 192274 /*Baron Ashflow*/, 194517 /*Crushing Elemental*/, 194525 /*Apprentice Caretaker Zefren*/, 194526 /*Magma Droplet*/, 190056 /*Primal Proto-Drake*/, 190080 /*Tarasek Elementalist*/, 194561 /*Talanath Goldcrest*/, 194563 /*Arandil Featherdawn*/, 190093 /*Ruby Culler*/, 194569 /*Si'va*/, 194576 /*Vernell Bartlett*/, 194577 /*Rinka*/, 192341 /*Qalashi Drakeflayer*/, 194581 /*Trauga Bloodhelm*/, 194582 /*Mathog Hideflayer*/, 194583 /*Krakz Cloudgrease*/, 187882 /*Soggymaw Gorloc Corpse*/, 187883 /*Windyfin Gorloc Corpse*/, 190133 /*Conscripted Crab*/, 190144 /*Fretful Riverbeast Elder*/);
INSERT INTO `creature_template` (`entry`, `KillCredit1`, `KillCredit2`, `name`, `femaleName`, `subname`, `TitleAlt`, `IconName`, `HealthScalingExpansion`, `RequiredExpansion`, `VignetteID`, `unit_class`, `WidgetSetID`, `WidgetSetUnitConditionID`, `rank`, `family`, `type`, `type_flags`, `type_flags2`, `HealthModifier`, `ManaModifier`, `RacialLeader`, `movementId`, `CreatureDifficultyID`, `VerifiedBuild`) VALUES
(190151, 0, 0, 'Ruby Culler', '', NULL, NULL, NULL, 9, 0, 0, 1, 0, 0, 0, 0, 2, 0, 0, 1.799999952316284179, 1, 0, 0, 216842, 46801), -- Ruby Culler
(190155, 0, 0, 'Caretaker Azkra', '', NULL, NULL, NULL, 9, 0, 0, 8, 0, 0, 0, 0, 2, 0, 0, 2, 1, 0, 0, 216846, 46801), -- Caretaker Azkra
(192407, 0, 0, 'Cracked Elemental', '', NULL, NULL, NULL, 9, 0, 0, 1, 0, 0, 6, 0, 4, 0, 0, 0.5, 1, 0, 0, 220617, 46801), -- Cracked Elemental
(190171, 0, 0, 'Ruby Egg Guardian', '', NULL, NULL, NULL, 9, 0, 0, 1, 0, 0, 0, 0, 2, 8392704, 2048, 2.20000004768371582, 1, 0, 0, 216862, 46801), -- Ruby Egg Guardian
(190193, 0, 0, 'Bound Shoresnapper', '', NULL, NULL, NULL, 9, 0, 0, 1, 0, 0, 0, 288, 1, 0, 0, 1, 1, 0, 0, 216884, 46801), -- Bound Shoresnapper
(192438, 0, 0, 'Haephesta', '', 'Ambassador of the Artisan\'s Consortium', NULL, NULL, 9, 0, 0, 1, 0, 0, 0, 0, 7, 0, 0, 1, 1, 0, 0, 220648, 46801), -- Haephesta
(194681, 0, 0, 'Maoli', '', NULL, NULL, NULL, 9, 9, 0, 1, 0, 0, 0, 0, 7, 0, 0, 1, 1, 0, 0, 222914, 46801), -- Maoli
(187971, 191993, 0, 'Soggymaw Crabtrapper', '', NULL, NULL, NULL, 9, 0, 0, 1, 0, 0, 0, 0, 7, 0, 0, 1, 1, 0, 0, 214644, 46801), -- Soggymaw Crabtrapper
(190211, 0, 0, 'Egg Returned to Safety Kill Credit [DNT]', '', NULL, NULL, NULL, 9, 0, 0, 1, 0, 0, 0, 0, 10, 0, 0, 1, 1, 0, 0, 216902, 46801), -- Egg Returned to Safety Kill Credit [DNT]
(194693, 0, 0, 'Dragon Target [DNT]', '', NULL, NULL, NULL, 9, 0, 0, 1, 0, 0, 0, 0, 10, 1073742848, 0, 1, 1, 0, 0, 222926, 46801), -- Dragon Target [DNT]
(194695, 0, 0, 'Dragon Glyph', '', NULL, NULL, NULL, 9, 0, 0, 1, 0, 0, 0, 0, 10, 1610612752, 67108870, 1, 1, 0, 0, 222928, 46801), -- Dragon Glyph
(196954, 0, 0, 'Guff Runetotem', '', NULL, NULL, NULL, 9, 0, 0, 2, 0, 0, 0, 0, 7, 0, 0, 1, 1, 0, 0, 225240, 46801), -- Guff Runetotem
(185773, 0, 0, 'Elia Bladeleaf', '', NULL, NULL, NULL, 9, 0, 0, 4, 0, 0, 0, 0, 7, 0, 0, 1, 1, 0, 0, 210032, 46801), -- Elia Bladeleaf
(185774, 0, 0, 'Dallio Morelli', '', NULL, NULL, NULL, 9, 0, 0, 4, 0, 0, 0, 0, 7, 0, 0, 1, 1, 0, 0, 210033, 46801), -- Dallio Morelli
(190249, 0, 0, 'Frazzled Basilisk', '', NULL, NULL, 'questinteract', 9, 0, 0, 1, 0, 0, 6, 130, 1, 1, 0, 0.5, 1, 0, 0, 216940, 46801), -- Frazzled Basilisk
(192490, 0, 0, 'Tixxa Mixxa', '', 'Flight Master', NULL, NULL, 9, 0, 0, 1, 0, 0, 0, 0, 7, 134217728, 0, 1, 1, 0, 0, 220700, 46801), -- Tixxa Mixxa
(188027, 0, 0, 'Salty Salamander', '', NULL, NULL, NULL, 9, 0, 0, 1, 0, 0, 0, 288, 1, 1, 0, 1, 1, 0, 0, 214702, 46801), -- Salty Salamander
(188028, 0, 0, 'Salty Salamander', '', NULL, NULL, NULL, 9, 0, 0, 1, 0, 0, 0, 288, 1, 0, 0, 1.20000004768371582, 1, 0, 0, 214703, 46801), -- Salty Salamander
(188057, 0, 0, 'Curious Marmoni', '', NULL, NULL, NULL, 9, 0, 0, 1, 0, 0, 6, 0, 1, 0, 0, 0.400000005960464477, 1, 0, 0, 214732, 46801), -- Curious Marmoni
(194772, 0, 0, 'Wrathion', '', 'The Black Prince', NULL, NULL, 9, 0, 0, 1, 0, 0, 1, 0, 2, 4, 64, 50, 1, 0, 0, 223005, 46801), -- Wrathion
(194774, 0, 0, 'Majordomo Selistra', '', NULL, NULL, NULL, 9, 0, 0, 1, 0, 0, 1, 0, 2, 0, 0, 6, 1, 0, 0, 223007, 46801), -- Majordomo Selistra
(190301, 0, 0, 'Fretful Riverbeast Calf', '', NULL, NULL, NULL, 9, 0, 0, 1, 0, 0, 6, 150, 1, 0, 0, 0.5, 1, 0, 0, 216992, 46801), -- Fretful Riverbeast Calf
(192549, 0, 0, 'Feilin Kuan', '', 'Herbalism Trainer', NULL, NULL, 9, 0, 0, 4, 0, 0, 0, 0, 7, 134217728, 0, 1, 1, 0, 0, 220759, 46801), -- Feilin Kuan
(192558, 0, 0, 'Toninaar', '', 'Skinning Trainer', NULL, NULL, 9, 0, 0, 1, 0, 0, 0, 0, 7, 134217728, 0, 1, 1, 0, 0, 220768, 46801), -- Toninaar
(192563, 0, 0, 'Kholmar Sunrunner', '', 'Blacksmithing Trainer', NULL, NULL, 9, 0, 0, 1, 0, 0, 0, 0, 7, 134217728, 64, 1, 1, 0, 0, 220773, 46801), -- Kholmar Sunrunner
(192565, 0, 0, 'Zayn Starmaker', '', 'Tailoring Trainer', NULL, NULL, 9, 0, 0, 1, 0, 0, 0, 0, 7, 134217728, 0, 1, 1, 0, 0, 220775, 46801), -- Zayn Starmaker
(194804, 0, 0, 'Qalashi Rampager', '', NULL, NULL, NULL, 9, 0, 0, 1, 0, 0, 1, 0, 7, 1610612736, 100663296, 7, 1, 0, 0, 223037, 46801), -- Qalashi Rampager
(194820, 0, 0, 'Dragon Glyph', '', NULL, NULL, NULL, 9, 0, 0, 1, 0, 0, 0, 0, 10, 1610612752, 67108870, 1, 1, 0, 0, 223053, 46801), -- Dragon Glyph
(188205, 0, 0, 'Whirling Updraft', '', NULL, NULL, NULL, 9, 9, 0, 1, 0, 0, 0, 0, 4, 536870928, 67108870, 1, 1, 0, 0, 214891, 46801), -- Whirling Updraft
(199414, 0, 0, 'Isles Butterfly', '', NULL, NULL, NULL, 9, 0, 0, 1, 0, 0, 0, 26, 8, 0, 0, 0.200000002980232238, 1, 0, 75, 227844, 46801), -- Isles Butterfly
(194941, 0, 0, 'Sotok\'s Cache', '', NULL, NULL, 'interact', 9, 8, 0, 1, 0, 0, 0, 0, 10, 1610612752, 117440518, 1, 1, 0, 0, 223174, 46801), -- Sotok's Cache
(199439, 0, 0, 'Flopping Tilapia', '', NULL, NULL, NULL, 9, 0, 0, 1, 0, 0, 0, 0, 10, 1610612752, 6, 1, 1, 0, 0, 227879, 46801), -- Flopping Tilapia
(194972, 0, 0, 'Dragon Glyph', '', NULL, NULL, NULL, 9, 0, 0, 1, 0, 0, 0, 0, 10, 1610612752, 67108870, 1, 1, 0, 0, 223205, 46801), -- Dragon Glyph
(188266, 0, 0, 'Cowering Crab', '', NULL, NULL, 'questinteract', 9, 0, 0, 1, 0, 0, 6, 0, 8, 0, 0, 0.200000002980232238, 1, 0, 0, 214952, 46801), -- Cowering Crab
(188267, 0, 0, 'Unsettled Seagull', '', NULL, NULL, NULL, 9, 0, 0, 1, 0, 0, 6, 0, 8, 0, 0, 0.200000002980232238, 1, 0, 0, 214953, 46801), -- Unsettled Seagull
(194982, 0, 0, 'Dragon Glyph', '', NULL, NULL, NULL, 9, 0, 0, 1, 0, 0, 0, 0, 10, 1610612752, 67108870, 1, 1, 0, 0, 223215, 46801), -- Dragon Glyph
(190516, 0, 0, 'Ephra Breezewood', '', 'Orgrimmar Dock Master', NULL, NULL, 9, 0, 0, 1, 687, 6575, 0, 0, 7, 0, 50331712, 1, 1, 0, 0, 218712, 46801), -- Ephra Breezewood
(190524, 0, 0, 'Mora Cloudwalker', '', 'Fishing Trainer', NULL, NULL, 9, 0, 0, 1, 0, 0, 0, 0, 7, 134217728, 64, 1, 1, 0, 0, 218720, 46801), -- Mora Cloudwalker
(190526, 0, 0, 'Jaffe Cloudwalker', '', 'Fishing Supplies', NULL, NULL, 9, 0, 0, 1, 0, 0, 0, 0, 7, 0, 64, 1, 1, 0, 0, 218722, 46801), -- Jaffe Cloudwalker
(190532, 0, 0, 'Kite', '', NULL, NULL, NULL, 9, 0, 0, 1, 0, 0, 0, 0, 10, 1610612736, 67108870, 1, 1, 0, 0, 218728, 46801), -- Kite
(188296, 190460, 0, 'Qalashi Djaradin', '', NULL, NULL, NULL, 9, 0, 0, 1, 0, 0, 0, 0, 7, 0, 0, 2, 1, 0, 0, 214982, 46801), -- Qalashi Djaradin
(188297, 0, 0, 'Caretaker Ventraz', '', NULL, NULL, NULL, 9, 0, 0, 1, 0, 0, 1, 0, 2, 0, 0, 6, 1, 0, 0, 214983, 46801), -- Caretaker Ventraz
(190535, 0, 0, 'Quizla Blastcaps', '', 'Engineering Trainer', NULL, NULL, 9, 0, 0, 1, 0, 0, 0, 0, 7, 134217728, 0, 1, 1, 0, 0, 218731, 46801), -- Quizla Blastcaps
(188299, 0, 0, 'Talonstalker Kavia', '', NULL, NULL, NULL, 9, 0, 0, 4, 0, 0, 0, 0, 7, 0, 0, 8, 1, 0, 0, 214985, 46801), -- Talonstalker Kavia
(197260, 0, 0, 'Flameshaper Lorak', '', NULL, NULL, NULL, 9, 0, 0, 1, 0, 0, 0, 0, 7, 2147483720, 0, 3, 1, 0, 0, 225592, 46801), -- Flameshaper Lorak
(195032, 190460, 0, 'Qalashi Djaradin', '', NULL, NULL, NULL, 9, 0, 0, 1, 0, 0, 0, 0, 7, 0, 0, 2, 1, 0, 0, 223269, 46801), -- Qalashi Djaradin
(190563, 0, 0, 'Left', '', 'Blacktalon Bodyguard', NULL, NULL, 9, 7, 0, 1, 0, 0, 1, 0, 7, 0, 0, 10, 1, 0, 0, 218759, 46801), -- Left
(195037, 0, 0, 'Ruby Watcher', '', NULL, NULL, NULL, 9, 0, 0, 1, 0, 0, 6, 0, 2, 0, 0, 0.60000002384185791, 1, 0, 0, 223274, 46801), -- Ruby Watcher
(190564, 0, 0, 'Right', '', 'Blacktalon Bodyguard', NULL, NULL, 9, 0, 0, 1, 0, 0, 1, 0, 7, 0, 0, 10, 1, 0, 0, 218760, 46801), -- Right
(190565, 0, 0, 'Distressed Marmoni', '', NULL, NULL, NULL, 9, 0, 0, 1, 0, 0, 6, 0, 1, 0, 0, 0.400000005960464477, 1, 0, 0, 218761, 46801), -- Distressed Marmoni
(190571, 0, 0, 'Xelendus Felwatcher', '', NULL, NULL, NULL, 9, 0, 0, 1, 0, 0, 0, 0, 7, 0, 0, 1, 1, 0, 0, 218767, 46801), -- Xelendus Felwatcher
(197285, 0, 0, 'Wildfeather', '', NULL, NULL, NULL, 9, 0, 0, 1, 0, 0, 0, 160, 1, 0, 0, 1, 1, 0, 140, 225621, 46801), -- Wildfeather
(190577, 0, 0, 'Tellywin Sharpfizzle', '', NULL, NULL, NULL, 9, 0, 0, 1, 0, 0, 0, 0, 7, 0, 0, 1, 1, 0, 0, 218773, 46801), -- Tellywin Sharpfizzle
(190587, 190898, 0, 'Ancient Proto-Dragon', '', NULL, NULL, NULL, 9, 0, 0, 1, 0, 0, 1, 0, 2, 2097160, 0, 8, 1, 0, 0, 218783, 46801), -- Ancient Proto-Dragon
(190600, 196173, 0, 'Bubbled Duckling', '', NULL, NULL, NULL, 9, 0, 0, 1, 0, 0, 6, 0, 8, 0, 0, 0.200000002980232238, 1, 0, 0, 218796, 46801), -- Bubbled Duckling
(188372, 189975, 0, 'Primal Tarasek', '', NULL, NULL, NULL, 9, 0, 0, 1, 0, 0, 0, 0, 2, 0, 0, 1, 1, 0, 0, 215058, 46801), -- Primal Tarasek
(195174, 0, 0, 'Ruby Packhorse', '', NULL, NULL, NULL, 9, 0, 0, 1, 0, 0, 0, 299, 1, 0, 0, 1, 1, 0, 0, 223411, 46801), -- Ruby Packhorse
(193000, 0, 0, 'Kindlet', '', NULL, NULL, 'wildpetcapturable', 9, 0, 0, 1, 0, 0, 0, 0, 14, 0, 0, 0.200000002980232238, 1, 0, 100, 221216, 46801), -- Kindlet
(193001, 0, 0, 'Kindlet', '', NULL, NULL, NULL, 9, 0, 0, 1, 0, 0, 0, 0, 8, 0, 0, 0.200000002980232238, 1, 0, 100, 221217, 46801), -- Kindlet
(190766, 191138, 0, 'Qalashi Ragetamer', '', NULL, NULL, NULL, 9, 0, 0, 1, 0, 0, 0, 0, 7, 0, 0, 2, 1, 0, 0, 218962, 46801), -- Qalashi Ragetamer
(190767, 191138, 0, 'Qalashi Metalshaper', '', NULL, NULL, NULL, 9, 0, 0, 1, 0, 0, 0, 0, 7, 0, 0, 2, 1, 0, 0, 218963, 46801), -- Qalashi Metalshaper
(195241, 187169, 190898, 'Primal Proto-Drake', '', NULL, NULL, NULL, 9, 0, 0, 1, 0, 0, 0, 0, 2, 0, 0, 1, 1, 0, 0, 223478, 46801), -- Primal Proto-Drake
(195242, 0, 0, 'Distressed Marmoni', '', NULL, NULL, NULL, 9, 0, 0, 1, 0, 0, 6, 0, 1, 0, 0, 0.400000005960464477, 1, 0, 0, 223479, 46801), -- Distressed Marmoni
(190771, 0, 0, 'Injured Ruby Culler', '', NULL, NULL, 'questinteract', 9, 0, 0, 1, 0, 0, 0, 0, 2, 4096, 0, 1.799999952316284179, 1, 0, 0, 218967, 46801), -- Injured Ruby Culler
(193023, 0, 0, 'Wounded Swarmer', '', NULL, NULL, NULL, 9, 0, 0, 1, 0, 0, 6, 0, 2, 1073741824, 33554432, 0.300000011920928955, 1, 0, 0, 221239, 46801), -- Wounded Swarmer
(195260, 0, 0, 'Fire Beetle', '', NULL, NULL, NULL, 9, 0, 0, 1, 0, 0, 0, 0, 8, 0, 0, 0.200000002980232238, 1, 0, 88, 223497, 46801), -- Fire Beetle
(193024, 0, 0, 'Emberling', '', NULL, NULL, 'wildpetcapturable', 9, 0, 0, 1, 0, 0, 0, 0, 14, 0, 0, 0.200000002980232238, 1, 0, 100, 221240, 46801), -- Emberling
(193026, 0, 0, 'Emberling', '', NULL, NULL, NULL, 9, 0, 0, 1, 0, 0, 0, 0, 8, 0, 0, 0.200000002980232238, 1, 0, 100, 221242, 46801), -- Emberling
(197503, 0, 0, 'The Rugged Dragonscale', '', NULL, NULL, NULL, 9, 0, 5443, 1, 0, 0, 0, 0, 10, 1073742848, 0, 1, 1, 0, 0, 225849, 46801), -- The Rugged Dragonscale
(195303, 0, 0, 'Mender Eskros', '', NULL, NULL, NULL, 9, 0, 0, 8, 0, 0, 0, 0, 2, 0, 0, 2.20000004768371582, 1, 0, 0, 223540, 46801), -- Mender Eskros
(195309, 0, 0, 'Bolstered Whelpling', '', NULL, NULL, 'questinteract', 9, 0, 0, 1, 0, 0, 6, 0, 2, 0, 0, 0.300000011920928955, 1, 0, 0, 223547, 46801), -- Bolstered Whelpling
(186410, 0, 0, 'Ecologist Iskha', '', NULL, NULL, NULL, 9, 0, 0, 1, 0, 0, 0, 0, 2, 0, 0, 1, 1, 0, 0, 210731, 46801), -- Ecologist Iskha
(186428, 0, 0, 'Ecologist Tharu', '', NULL, NULL, NULL, 9, 0, 0, 1, 0, 0, 0, 0, 2, 0, 0, 1, 1, 0, 0, 210749, 46801), -- Ecologist Tharu
(188666, 189975, 0, 'Unleashed Lavaburst', '', NULL, NULL, NULL, 9, 0, 0, 1, 0, 0, 0, 0, 4, 0, 0, 1, 1, 0, 0, 215352, 46801), -- Unleashed Lavaburst
(188667, 189975, 0, 'Swelling Fire Elemental', '', NULL, NULL, NULL, 9, 0, 0, 1, 0, 0, 0, 0, 4, 0, 0, 2, 1, 0, 0, 215353, 46801), -- Swelling Fire Elemental
(188698, 0, 0, 'Dreadsquall Feaster', '', NULL, NULL, NULL, 9, 0, 0, 1, 0, 0, 6, 26, 1, 1, 0, 0.5, 1, 0, 0, 215384, 46801), -- Dreadsquall Feaster
(188699, 0, 0, 'Carrion Phoenix', '', NULL, NULL, NULL, 9, 0, 0, 1, 0, 0, 0, 26, 1, 1, 0, 1, 1, 0, 0, 215385, 46801), -- Carrion Phoenix
(193217, 0, 0, 'Drakewing', '', NULL, NULL, NULL, 9, 0, 0, 1, 0, 0, 4, 125, 1, 73, 0, 5, 1, 0, 0, 221433, 46801), -- Drakewing
(184286, 0, 0, 'Captain Caspartine', '', 'The Defiant Dragonscale', NULL, NULL, 9, 0, 0, 1, 0, 0, 0, 0, 7, 0, 0, 1, 1, 0, 0, 208302, 46801), -- Captain Caspartine
(195502, 0, 0, 'Pricklefury Hare', '', NULL, NULL, NULL, 9, 0, 0, 1, 0, 0, 6, 0, 8, 0, 0, 0.200000002980232238, 1, 0, 100, 223742, 46801), -- Pricklefury Hare
(186570, 0, 0, 'Lava Elemental', '', NULL, NULL, NULL, 9, 0, 0, 1, 0, 0, 0, 0, 4, 0, 0, 1.20000004768371582, 1, 0, 0, 210891, 46801), -- Lava Elemental
(186573, 0, 0, 'Restless Lava', '', NULL, NULL, NULL, 9, 0, 0, 1, 0, 0, 6, 0, 4, 0, 0, 0.5, 1, 0, 0, 210894, 46801), -- Restless Lava
(186576, 0, 0, 'Ruby Watcher', '', NULL, NULL, NULL, 9, 0, 0, 1, 0, 0, 6, 0, 2, 0, 0, 0.60000002384185791, 1, 0, 0, 210897, 46801), -- Ruby Watcher
(186577, 0, 0, 'Ruby Searer', '', NULL, NULL, NULL, 9, 0, 0, 8, 0, 0, 0, 0, 2, 0, 0, 1.20000004768371582, 1, 0, 0, 210898, 46801), -- Ruby Searer
(186582, 0, 0, 'Ruby Warden', '', NULL, NULL, NULL, 9, 0, 0, 1, 0, 0, 0, 0, 2, 4096, 0, 2, 1, 0, 0, 210903, 46801), -- Ruby Warden
(186584, 0, 0, 'Commander Lethanak', '', 'Leader of the Shrineguard', NULL, NULL, 9, 0, 0, 1, 0, 0, 0, 0, 2, 4096, 32768, 10, 1, 0, 0, 210905, 46801), -- Commander Lethanak
(191060, 0, 0, 'Fussy Swoglet', '', NULL, NULL, NULL, 9, 0, 0, 1, 0, 0, 6, 303, 2, 1, 0, 0.5, 1, 0, 0, 219264, 46801), -- Fussy Swoglet
(186593, 0, 0, 'Ruby Watcher', '', NULL, NULL, NULL, 9, 0, 0, 1, 0, 0, 0, 0, 2, 0, 0, 1.20000004768371582, 1, 0, 0, 210914, 46801), -- Ruby Watcher
(188859, 0, 0, 'Sogglmoggl', '', 'King of the Soggymaw', NULL, NULL, 9, 0, 0, 1, 0, 0, 0, 0, 7, 2147483720, 0, 2.5, 1, 0, 0, 215545, 46801), -- Sogglmoggl
(188860, 0, 0, 'Whirglgurgl', '', 'King of the Windyfin', NULL, NULL, 9, 0, 0, 1, 0, 0, 0, 0, 7, 2147483720, 0, 2.5, 1, 0, 0, 215546, 46801), -- Whirglgurgl
(195577, 190898, 0, 'Primal Proto-Whelp', '', NULL, NULL, NULL, 9, 0, 0, 1, 0, 0, 6, 0, 2, 0, 0, 0.300000011920928955, 1, 0, 0, 223818, 46801), -- Primal Proto-Whelp
(186640, 0, 0, 'Wrathion', '', 'The Black Prince', NULL, NULL, 9, 0, 0, 1, 0, 0, 1, 0, 2, 4, 64, 50, 1, 0, 0, 210962, 46801), -- Wrathion
(195597, 190898, 0, 'Primal Proto-Whelp', '', NULL, NULL, NULL, 9, 0, 0, 1, 0, 0, 6, 0, 2, 0, 0, 0.300000011920928955, 1, 0, 0, 223842, 46801), -- Primal Proto-Whelp
(193362, 0, 0, 'Sendrax', '', NULL, NULL, NULL, 9, 0, 0, 1, 0, 0, 0, 0, 2, 0, 32768, 2.20000004768371582, 1, 0, 0, 221578, 46801), -- Sendrax
(193363, 0, 0, 'Sendrax', '', NULL, NULL, NULL, 9, 0, 0, 1, 0, 0, 0, 0, 2, 0, 32768, 2.20000004768371582, 1, 0, 0, 221579, 46801), -- Sendrax
(193365, 0, 0, 'Toddy Whiskers', '', NULL, NULL, NULL, 9, 0, 0, 1, 0, 0, 0, 0, 7, 0, 32768, 3, 1, 0, 0, 221581, 46801), -- Toddy Whiskers
(193366, 0, 0, 'Naleidea Rivergleam', '', NULL, NULL, NULL, 9, 0, 0, 1, 0, 0, 0, 0, 7, 0, 32768, 3, 1, 0, 0, 221582, 46801), -- Naleidea Rivergleam
(193371, 0, 0, 'Wrathion', '', 'The Black Prince', NULL, NULL, 9, 0, 0, 1, 0, 0, 1, 0, 2, 4, 32768, 50, 1, 0, 0, 221587, 46801), -- Wrathion
(193372, 0, 0, 'Majordomo Selistra', '', NULL, NULL, NULL, 9, 0, 0, 1, 0, 0, 1, 0, 2, 0, 32768, 6, 1, 0, 0, 221588, 46801), -- Majordomo Selistra
(191136, 191138, 0, 'Qalashi Flameshatter', '', NULL, NULL, NULL, 9, 0, 0, 8, 0, 0, 0, 0, 7, 0, 0, 2, 1, 0, 0, 219341, 46801), -- Qalashi Flameshatter
(191148, 0, 0, 'Kite', '', NULL, NULL, NULL, 9, 0, 0, 1, 0, 0, 0, 0, 10, 1610612736, 67108870, 1, 1, 0, 0, 219353, 46801), -- Kite
(186682, 0, 0, 'Raging Tremors', '', NULL, NULL, NULL, 9, 0, 0, 1, 0, 0, 0, 0, 4, 0, 0, 1, 1, 0, 0, 211007, 46801), -- Raging Tremors
(193393, 0, 0, 'Ambassador Fastrasz', '', 'Innkeeper', NULL, NULL, 9, 0, 0, 8, 0, 0, 0, 0, 2, 0, 32768, 1, 1, 0, 0, 221609, 46801), -- Ambassador Fastrasz
(186683, 0, 0, 'Restless Rocks', '', NULL, NULL, NULL, 9, 0, 0, 1, 0, 0, 6, 0, 4, 0, 0, 0.300000011920928955, 1, 0, 0, 211008, 46801), -- Restless Rocks
(197869, 0, 0, 'Shattered Orb', '', NULL, NULL, NULL, 9, 0, 0, 1, 0, 0, 0, 0, 7, 0, 0, 1, 1, 0, 0, 226230, 46801), -- Shattered Orb
(186684, 191957, 0, 'Lava Phoenix', '', NULL, NULL, NULL, 9, 0, 0, 1, 0, 0, 0, 26, 1, 1, 0, 1, 1, 0, 0, 211009, 46801), -- Lava Phoenix
(184449, 0, 0, 'Captain Garrick', '', 'Alliance Escort', NULL, NULL, 9, 0, 0, 1, 0, 0, 0, 0, 7, 0, 0, 3, 1, 0, 0, 208497, 46801), -- Captain Garrick
(186687, 0, 0, 'Arbalest', '', NULL, NULL, NULL, 9, 0, 0, 1, 0, 0, 0, 0, 10, 0, 0, 1, 1, 0, 0, 211012, 46801), -- Arbalest
(184450, 0, 0, 'Henry Garrick', '', 'Alliance Escort', NULL, NULL, 9, 0, 0, 8, 0, 0, 0, 0, 7, 0, 0, 1, 1, 0, 0, 208498, 46801), -- Henry Garrick
(184451, 0, 0, 'Shuja Grimaxe', '', 'Horde Escort', NULL, NULL, 9, 0, 0, 1, 0, 0, 0, 0, 7, 0, 0, 1, 1, 0, 0, 208499, 46801), -- Shuja Grimaxe
(184452, 0, 0, 'Warlord Breka Grimaxe', '', 'Horde Escort', NULL, NULL, 9, 0, 0, 1, 0, 0, 0, 0, 7, 0, 0, 3, 1, 0, 0, 208500, 46801), -- Warlord Breka Grimaxe
(195639, 194143, 190898, 'Primal Proto-Drake', '', NULL, NULL, NULL, 9, 0, 0, 1, 0, 0, 0, 0, 2, 0, 0, 1, 1, 0, 0, 223884, 46801), -- Primal Proto-Drake
(186697, 0, 0, 'Ruby Culler', '', NULL, NULL, NULL, 9, 0, 0, 1, 0, 0, 0, 0, 2, 0, 0, 1.799999952316284179, 1, 0, 0, 211022, 46801), -- Ruby Culler
(186724, 0, 0, 'Qalashi Flamemaster', '', NULL, NULL, NULL, 9, 0, 0, 8, 0, 0, 1, 0, 7, 0, 0, 7, 1, 0, 0, 211123, 46801), -- Qalashi Flamemaster
(195672, 191138, 0, 'Qalashi Scoundrel', '', NULL, NULL, NULL, 9, 0, 0, 1, 0, 0, 0, 0, 7, 0, 0, 2, 1, 0, 0, 223917, 46801), -- Qalashi Scoundrel
(186727, 0, 0, 'Qalashi Rampager', '', NULL, NULL, NULL, 9, 0, 0, 1, 0, 0, 1, 0, 7, 0, 0, 7, 1, 0, 0, 211126, 46801), -- Qalashi Rampager
(186728, 0, 0, 'Magmammoth Bull', '', NULL, NULL, NULL, 9, 0, 0, 1, 0, 0, 1, 300, 1, 1, 0, 8, 1, 0, 0, 211127, 46801), -- Magmammoth Bull
(195678, 191138, 0, 'Qalashi Marauder', '', NULL, NULL, NULL, 9, 0, 0, 1, 0, 0, 0, 0, 7, 0, 0, 2, 1, 0, 0, 223923, 46801), -- Qalashi Marauder
(186767, 0, 0, 'Majordomo Selistra', '', NULL, NULL, NULL, 9, 0, 0, 1, 0, 0, 1, 0, 2, 0, 32832, 6, 1, 0, 0, 211172, 46801), -- Majordomo Selistra
(186777, 191139, 0, 'Meatgrinder Sotok', '', NULL, NULL, NULL, 9, 0, 0, 1, 0, 0, 0, 0, 7, 2147483720, 0, 4, 1, 0, 0, 211186, 46801), -- Meatgrinder Sotok
(186792, 191138, 0, 'Qalashi Skirmisher', '', NULL, NULL, NULL, 9, 0, 0, 1, 0, 0, 0, 0, 7, 0, 0, 2, 1, 0, 0, 211201, 46801), -- Qalashi Skirmisher
(186800, 0, 0, 'Seera Flametamed', '', NULL, NULL, NULL, 9, 0, 0, 8, 0, 0, 1, 0, 7, 2147483720, 0, 6, 1, 0, 0, 211209, 46801), -- Seera Flametamed
(189058, 0, 0, 'Thaelin Darkanvil', '', NULL, NULL, NULL, 9, 0, 0, 1, 0, 0, 0, 0, 7, 0, 32768, 3, 1, 0, 0, 215744, 46801), -- Thaelin Darkanvil
(189059, 0, 0, 'Pathfinder Jeb', '', NULL, NULL, NULL, 9, 0, 0, 1, 0, 0, 0, 0, 7, 0, 32768, 1, 1, 0, 0, 215745, 46801), -- Pathfinder Jeb
(186823, 189975, 0, 'Lavacaller Primalist', '', NULL, NULL, NULL, 9, 0, 0, 8, 0, 0, 0, 0, 7, 0, 0, 1, 1, 0, 0, 211234, 46801), -- Lavacaller Primalist
(189060, 0, 0, 'Cataloger Wulferd', '', NULL, NULL, NULL, 9, 0, 0, 1, 0, 0, 0, 0, 7, 0, 0, 1, 1, 0, 0, 215746, 46801), -- Cataloger Wulferd
(189061, 0, 0, 'Archivist Rellid', '', NULL, NULL, NULL, 9, 0, 0, 1, 0, 0, 0, 0, 7, 0, 0, 1, 1, 0, 0, 215747, 46801), -- Archivist Rellid
(186825, 189975, 0, 'Molten Primalist', '', NULL, NULL, NULL, 9, 0, 0, 2, 0, 0, 0, 0, 7, 0, 0, 1, 1, 0, 0, 211236, 46801), -- Molten Primalist
(189062, 0, 0, 'Professor Cogcatcher', '', NULL, NULL, NULL, 9, 0, 0, 1, 0, 0, 0, 0, 7, 0, 0, 1, 1, 0, 0, 215748, 46801), -- Professor Cogcatcher
(189063, 0, 0, 'Spelunker Lockeye', '', NULL, NULL, NULL, 9, 0, 0, 1, 0, 0, 0, 0, 7, 0, 0, 1, 1, 0, 0, 215749, 46801), -- Spelunker Lockeye
(189064, 0, 0, 'Waddles the Rescued Duckling', '', NULL, NULL, NULL, 9, 0, 0, 1, 0, 0, 6, 0, 8, 0, 0, 0.200000002980232238, 1, 0, 0, 215750, 46801), -- Waddles the Rescued Duckling
(186829, 0, 0, 'Spiteful Slug', '', NULL, NULL, NULL, 9, 0, 0, 1, 0, 0, 6, 0, 1, 0, 0, 0.300000011920928955, 1, 0, 79, 211240, 46801), -- Spiteful Slug
(186833, 0, 0, 'Spiteful Snail', '', NULL, NULL, NULL, 9, 0, 0, 1, 0, 0, 0, 292, 1, 65537, 0, 0.800000011920928955, 1, 0, 72, 211244, 46801), -- Spiteful Snail
(186834, 0, 0, 'Stubborn Hornswog', '', NULL, NULL, NULL, 9, 0, 0, 1, 0, 0, 0, 303, 2, 1, 0, 2, 1, 0, 0, 211245, 46801), -- Stubborn Hornswog
(186836, 0, 0, 'Lava Burster', '', NULL, NULL, NULL, 9, 0, 0, 1, 0, 0, 1, 0, 1, 0, 0, 7, 1, 0, 0, 211247, 46801), -- Lava Burster
(195795, 0, 0, 'Ancient Proto-Dragon', '', NULL, NULL, NULL, 9, 0, 0, 1, 0, 0, 1, 0, 2, 2097160, 0, 8, 1, 0, 0, 224040, 46801), -- Ancient Proto-Dragon
(195796, 0, 0, 'Primal Proto-Drake', '', NULL, NULL, NULL, 9, 0, 0, 1, 0, 0, 0, 0, 2, 0, 0, 1, 1, 0, 0, 224041, 46801), -- Primal Proto-Drake
(189093, 0, 0, 'Pricklefury Hare', '', NULL, NULL, 'wildpetcapturable', 9, 0, 0, 1, 0, 0, 0, 0, 14, 0, 0, 0.200000002980232238, 1, 0, 100, 215779, 46801), -- Pricklefury Hare
(189094, 0, 0, 'Magma Slug', '', NULL, NULL, 'wildpetcapturable', 9, 0, 0, 1, 0, 0, 0, 0, 14, 0, 0, 0.200000002980232238, 1, 0, 69, 215780, 46801), -- Magma Slug
(189122, 0, 0, 'Palamanther', '', NULL, NULL, 'wildpetcapturable', 9, 0, 0, 1, 0, 0, 0, 0, 14, 0, 0, 0.200000002980232238, 1, 0, 69, 215808, 46801), -- Palamanther
(195853, 195852, 0, 'Qalashi Trainee', '', NULL, NULL, NULL, 9, 0, 0, 1, 0, 0, 0, 0, 7, 0, 0, 1.5, 1, 0, 0, 224114, 46801), -- Qalashi Trainee
(198094, 0, 0, 'Head Chef Stacks', '', 'Cooking Trainer', NULL, NULL, 9, 0, 0, 1, 0, 0, 0, 0, 9, 134217728, 0, 1, 1, 0, 0, 226466, 46801), -- Head Chef Stacks
(198095, 0, 0, 'Sous-Chef Butterfingers', '', NULL, NULL, NULL, 9, 0, 0, 1, 0, 0, 0, 0, 7, 0, 0, 1, 1, 0, 0, 226467, 46801), -- Sous-Chef Butterfingers
(198096, 0, 0, 'Valdrakken Flightmage', '', NULL, NULL, NULL, 9, 0, 0, 8, 0, 0, 0, 0, 7, 0, 0, 1.35000002384185791, 1, 0, 0, 226468, 46801), -- Valdrakken Flightmage
(195884, 0, 0, 'Expedition Guarantor', '', NULL, NULL, NULL, 9, 0, 0, 2, 0, 0, 1, 0, 7, 0, 0, 15, 1, 0, 144, 224145, 46801), -- Expedition Guarantor
(193671, 0, 0, 'Volcanic Geode', '', NULL, NULL, 'questinteract', 9, 0, 0, 1, 0, 0, 0, 0, 10, 1610612752, 117440518, 1, 1, 0, 0, 221892, 46801), -- Volcanic Geode
(186965, 0, 0, 'Smoldering Feather', '', NULL, NULL, NULL, 9, 0, 0, 1, 0, 0, 0, 0, 10, 64, 0, 0.300000011920928955, 1, 0, 0, 213568, 46801), -- Smoldering Feather
(195915, 189975, 0, 'Firava the Rekindler', '', NULL, NULL, NULL, 9, 0, 5372, 1, 0, 0, 4, 0, 4, 72, 65536, 5, 1, 0, 0, 224176, 46801), -- Firava the Rekindler
(195917, 189975, 0, 'Primal Revenant', '', NULL, NULL, NULL, 9, 0, 0, 1, 0, 0, 0, 0, 4, 0, 0, 2, 1, 0, 0, 224178, 46801), -- Primal Revenant
(191446, 191138, 0, 'Qalashi Scoundrel', '', NULL, NULL, NULL, 9, 0, 0, 1, 0, 0, 0, 0, 7, 0, 0, 2, 1, 0, 0, 219651, 46801), -- Qalashi Scoundrel
(193707, 0, 0, 'Surveyor\'s Disc', '', NULL, NULL, 'vehichlecursor', 9, 0, 0, 1, 0, 0, 6, 0, 10, 1610612752, 6, 1, 1, 0, 0, 221928, 46801), -- Surveyor's Disc
(191475, 0, 0, 'Amella', '', 'Head Egg-Tender', NULL, NULL, 9, 0, 0, 8, 0, 0, 0, 0, 2, 0, 0, 6, 1, 0, 0, 219680, 46801), -- Amella
(193712, 0, 0, 'Surveyor\'s Disc', '', NULL, NULL, NULL, 9, 0, 0, 1, 0, 0, 6, 0, 10, 1610612752, 6, 1, 1, 0, 0, 221933, 46801), -- Surveyor's Disc
(191509, 191957, 0, 'Blazing Dreadsquall', '', NULL, NULL, NULL, 9, 0, 0, 1, 0, 0, 0, 26, 1, 1, 0, 2, 1, 0, 0, 219714, 46801), -- Blazing Dreadsquall
(191513, 0, 0, 'Captured Raven', '', NULL, NULL, NULL, 9, 0, 0, 1, 0, 0, 0, 26, 1, 0, 0, 2.799999952316284179, 1, 0, 0, 219718, 46801), -- Captured Raven
(191517, 192032, 0, 'Erupting Droplet', '', NULL, NULL, NULL, 9, 0, 0, 1, 0, 0, 6, 0, 4, 0, 0, 0.300000011920928955, 1, 0, 0, 219722, 46801), -- Erupting Droplet
(187043, 0, 0, 'Hardened Lava', '', NULL, NULL, NULL, 9, 0, 0, 1, 0, 0, 0, 0, 10, 64, 0, 0.5, 1, 0, 0, 213663, 46801), -- Hardened Lava
(184807, 0, 0, 'The Defiant Dragonscale', '', NULL, NULL, NULL, 9, 0, 5444, 1, 0, 0, 0, 0, 10, 1073742848, 0, 1, 1, 0, 0, 208888, 46801), -- The Defiant Dragonscale
(193758, 0, 0, 'Naleidea Rivergleam', '', NULL, NULL, NULL, 9, 0, 0, 1, 0, 0, 0, 0, 7, 0, 0, 3, 1, 0, 0, 221987, 46801), -- Naleidea Rivergleam
(193759, 0, 0, 'Toddy Whiskers', '', NULL, NULL, NULL, 9, 0, 0, 1, 0, 0, 0, 0, 7, 0, 0, 3, 1, 0, 0, 221988, 46801), -- Toddy Whiskers
(187061, 0, 0, 'Expedition Guarantor', '', NULL, NULL, NULL, 9, 0, 0, 2, 0, 0, 1, 0, 7, 0, 0, 15, 1, 0, 144, 213682, 46801), -- Expedition Guarantor
(187062, 0, 0, 'Expedition Guarantor', '', NULL, NULL, NULL, 9, 0, 0, 1, 0, 0, 1, 0, 7, 0, 0, 15, 1, 0, 144, 213683, 46801), -- Expedition Guarantor
(189307, 0, 0, 'Skitterfly', '', NULL, NULL, NULL, 9, 0, 0, 1, 0, 0, 6, 0, 8, 0, 0, 0.200000002980232238, 1, 0, 0, 215991, 46801), -- Skitterfly
(184841, 0, 0, 'Naleidea Rivergleam', '', NULL, NULL, NULL, 9, 0, 0, 1, 0, 0, 0, 0, 7, 0, 32768, 3, 1, 0, 0, 208933, 46801), -- Naleidea Rivergleam
(191553, 0, 0, 'Wild Argali', '', NULL, NULL, NULL, 9, 0, 0, 1, 0, 0, 0, 129, 1, 1, 0, 1, 1, 0, 0, 219758, 46801), -- Wild Argali
(184842, 0, 0, 'Cataloger Coralie', '', NULL, NULL, NULL, 9, 0, 0, 2, 0, 0, 0, 0, 7, 0, 0, 1, 1, 0, 0, 208934, 46801), -- Cataloger Coralie
(191554, 0, 0, 'Argali Lamb', '', NULL, NULL, NULL, 9, 0, 0, 1, 0, 0, 6, 129, 1, 1, 0, 0.300000011920928955, 1, 0, 0, 219759, 46801), -- Argali Lamb
(184844, 0, 0, 'Boss Magor', '', 'Orgrimmar Artisans Guild', NULL, NULL, 9, 0, 0, 1, 0, 0, 0, 0, 7, 0, 32768, 3, 1, 0, 0, 208936, 46801), -- Boss Magor
(184845, 0, 0, 'Pathfinder Tacha', '', NULL, NULL, NULL, 9, 0, 0, 1, 0, 0, 0, 0, 7, 0, 32768, 1, 1, 0, 0, 208937, 46801), -- Pathfinder Tacha
(184851, 0, 0, 'Lava Snail', '', NULL, NULL, NULL, 9, 0, 0, 1, 0, 0, 0, 292, 1, 65537, 0, 0.800000011920928955, 1, 0, 65, 208943, 46801), -- Lava Snail
(184853, 0, 0, 'Primal Scythid Queen', '', NULL, NULL, NULL, 9, 0, 5055, 1, 0, 0, 4, 0, 1, 72, 65536, 4, 1, 0, 0, 208945, 46801), -- Primal Scythid Queen
(184855, 0, 0, 'Salty Skitterfly', '', NULL, NULL, NULL, 9, 0, 0, 1, 0, 0, 0, 126, 1, 65537, 0, 1, 1, 0, 0, 208947, 46801), -- Salty Skitterfly
(184856, 0, 0, 'Salty Skitterbug', '', NULL, NULL, NULL, 9, 0, 0, 1, 0, 0, 6, 126, 1, 65537, 0, 0.300000011920928955, 1, 0, 0, 208948, 46801), -- Salty Skitterbug
(184857, 0, 0, 'Rambunctious Tideskipper', '', NULL, NULL, NULL, 9, 0, 0, 1, 0, 0, 0, 0, 1, 0, 0, 1, 1, 0, 0, 208949, 46801), -- Rambunctious Tideskipper
(193806, 187169, 190898, 'Primal Proto-Drake', '', NULL, NULL, NULL, 9, 0, 0, 1, 0, 0, 0, 0, 2, 0, 0, 1, 1, 0, 0, 222035, 46801), -- Primal Proto-Drake
(189333, 0, 0, 'Naleidea Rivergleam', '', NULL, NULL, NULL, 9, 0, 0, 1, 0, 0, 0, 0, 7, 0, 32768, 3, 1, 0, 0, 216017, 46801), -- Naleidea Rivergleam
(184859, 0, 0, 'Scalecommander Cindrethresh', '', 'Dark Talons', NULL, NULL, 9, 0, 0, 2, 0, 0, 0, 0, 7, 0, 32768, 10, 1, 0, 0, 208951, 46801), -- Scalecommander Cindrethresh
(184861, 0, 0, 'Distressed Marmoni', '', NULL, NULL, NULL, 9, 0, 0, 1, 0, 0, 6, 0, 1, 0, 0, 0.400000005960464477, 1, 0, 0, 208953, 46801), -- Distressed Marmoni
(184862, 190898, 0, 'Primal Proto-Whelp', '', NULL, NULL, NULL, 9, 0, 0, 1, 0, 0, 6, 0, 2, 0, 0, 0.300000011920928955, 1, 0, 0, 208954, 46801), -- Primal Proto-Whelp
(193811, 187169, 190898, 'Primal Proto-Drake', '', NULL, NULL, NULL, 9, 0, 0, 1, 0, 0, 0, 0, 2, 0, 0, 1, 1, 0, 0, 222040, 46801), -- Primal Proto-Drake
(184867, 0, 0, 'Fussy Swoglet', '', NULL, NULL, NULL, 9, 0, 0, 1, 0, 0, 6, 303, 2, 1, 0, 0.5, 1, 0, 0, 208959, 46801), -- Fussy Swoglet
(193816, 187169, 190898, 'Primal Proto-Drake', '', NULL, NULL, NULL, 9, 0, 0, 1, 0, 0, 0, 0, 2, 0, 0, 1, 1, 0, 0, 222045, 46801), -- Primal Proto-Drake
(184869, 194143, 190898, 'Primal Proto-Drake', '', NULL, NULL, NULL, 9, 0, 0, 1, 0, 0, 0, 0, 2, 0, 0, 1, 1, 0, 0, 208961, 46801), -- Primal Proto-Drake
(184870, 0, 0, 'Naleidea Rivergleam', '', NULL, NULL, NULL, 9, 0, 0, 1, 0, 0, 0, 0, 7, 0, 32768, 3, 1, 0, 0, 208962, 46801), -- Naleidea Rivergleam
(189346, 0, 0, 'Scalecommander Cindrethresh', '', 'Dark Talons', NULL, NULL, 9, 0, 0, 2, 0, 0, 0, 0, 7, 0, 0, 10, 1, 0, 0, 216030, 46801), -- Scalecommander Cindrethresh
(189347, 0, 0, 'Cataloger Coralie', '', NULL, NULL, NULL, 9, 0, 0, 2, 0, 0, 0, 0, 7, 0, 0, 1, 1, 0, 0, 216031, 46801), -- Cataloger Coralie
(187111, 0, 0, 'Ancient Hornswog', '', NULL, NULL, NULL, 9, 0, 5057, 1, 0, 0, 4, 303, 2, 73, 65536, 4, 1, 0, 0, 213731, 46801), -- Ancient Hornswog
(189350, 0, 0, 'Boss Magor', '', 'Orgrimmar Artisans Guild', NULL, NULL, 9, 0, 0, 1, 0, 0, 0, 0, 7, 0, 0, 3, 1, 0, 0, 216034, 46801), -- Boss Magor
(198299, 0, 0, 'Happy Swoglet', '', NULL, NULL, NULL, 9, 0, 0, 1, 0, 0, 6, 303, 2, 1073741824, 0, 0.699999988079071044, 1, 0, 0, 226671, 46801), -- Happy Swoglet
(189351, 0, 0, 'Pathfinder Tacha', '', NULL, NULL, NULL, 9, 0, 0, 1, 0, 0, 0, 0, 7, 0, 0, 1, 1, 0, 0, 216035, 46801), -- Pathfinder Tacha
(187120, 190898, 0, 'Hungry Proto-Dragon', '', NULL, NULL, NULL, 9, 0, 0, 1, 0, 0, 1, 0, 2, 0, 0, 20, 1, 0, 0, 213740, 46801), -- Hungry Proto-Dragon
(187121, 0, 0, 'Expedition Guarantor', '', NULL, NULL, NULL, 9, 0, 0, 8, 0, 0, 0, 0, 7, 0, 0, 5, 1, 0, 0, 213741, 46801), -- Expedition Guarantor
(187123, 0, 0, 'Expedition Guardian', '', NULL, NULL, NULL, 9, 0, 0, 1, 0, 0, 1, 0, 7, 0, 0, 15, 1, 0, 0, 213743, 46801), -- Expedition Guardian
(187125, 0, 0, 'Expedition Guardian', '', NULL, NULL, NULL, 9, 0, 0, 1, 0, 0, 0, 0, 7, 0, 0, 1, 1, 0, 0, 213745, 46801), -- Expedition Guardian
(193838, 0, 0, 'Vish the Sneak', '', NULL, NULL, NULL, 9, 0, 0, 1, 0, 0, 0, 0, 7, 0, 0, 1.35000002384185791, 1, 0, 0, 222067, 46801), -- Vish the Sneak
(187135, 0, 0, 'Expedition Guardian', '', NULL, NULL, NULL, 9, 0, 0, 2, 0, 0, 1, 0, 7, 0, 0, 15, 1, 0, 0, 213755, 46801), -- Expedition Guardian
(191611, 0, 0, 'Dragonhunter Igordan', '', NULL, NULL, NULL, 9, 0, 5126, 1, 0, 0, 4, 0, 7, 72, 65536, 4, 1, 0, 0, 219816, 46801), -- Dragonhunter Igordan
(187140, 0, 0, 'Cantankerous Hornswog', '', NULL, NULL, NULL, 9, 0, 0, 1, 0, 0, 0, 303, 2, 1, 0, 2, 1, 0, 0, 213762, 46801), -- Cantankerous Hornswog
(191615, 0, 0, 'River Ottuk', '', NULL, NULL, NULL, 9, 0, 0, 1, 0, 0, 0, 127, 1, 1, 0, 1, 1, 0, 0, 219820, 46801), -- River Ottuk
(191616, 0, 0, 'Young Ottuk', '', NULL, NULL, NULL, 9, 0, 0, 1, 0, 0, 6, 127, 1, 1, 0, 0.300000011920928955, 1, 0, 0, 219821, 46801), -- Young Ottuk
(187143, 0, 0, 'Pathfinder Poppy', '', NULL, NULL, NULL, 9, 0, 0, 1, 0, 0, 0, 0, 7, 0, 0, 1, 1, 0, 0, 213765, 46801), -- Pathfinder Poppy
(191618, 0, 0, 'River Hornswog', '', NULL, NULL, NULL, 9, 0, 0, 1, 0, 0, 0, 303, 2, 1, 0, 1, 1, 0, 0, 219823, 46801), -- River Hornswog
(191620, 0, 0, 'River Swoglet', '', NULL, NULL, NULL, 9, 0, 0, 1, 0, 0, 6, 303, 2, 1, 0, 0.5, 1, 0, 0, 219825, 46801), -- River Swoglet
(193858, 0, 0, 'Expedition Surveyor', '', NULL, NULL, NULL, 9, 0, 0, 1, 0, 0, 0, 0, 7, 0, 0, 1, 1, 0, 0, 222087, 46801), -- Expedition Surveyor
(191624, 0, 0, 'Tranquil Vorquin', '', NULL, NULL, NULL, 9, 0, 0, 1, 0, 0, 0, 151, 2, 1, 0, 1, 1, 0, 0, 219829, 46801), -- Tranquil Vorquin
(191625, 0, 0, 'Vorquin Foal', '', NULL, NULL, NULL, 9, 0, 0, 1, 0, 0, 6, 151, 2, 0, 0, 0.300000011920928955, 1, 0, 0, 219830, 46801), -- Vorquin Foal
(187151, 0, 0, 'Spelunker Lazee', '', NULL, NULL, 'questinteract', 9, 0, 0, 1, 0, 0, 0, 0, 7, 0, 64, 1, 1, 0, 0, 213773, 46801), -- Spelunker Lazee
(191628, 0, 0, 'Lava Snail', '', NULL, NULL, NULL, 9, 0, 0, 1, 0, 0, 0, 292, 1, 65537, 0, 0.800000011920928955, 1, 0, 72, 219833, 46801), -- Lava Snail
(191629, 0, 0, 'Lava Slug', '', NULL, NULL, NULL, 9, 0, 0, 1, 0, 0, 6, 0, 1, 0, 0, 0.300000011920928955, 1, 0, 79, 219834, 46801), -- Lava Slug
(187157, 0, 0, 'Archivist Spearblossom', '', NULL, NULL, 'questinteract', 9, 0, 0, 1, 0, 0, 0, 0, 7, 0, 64, 1, 1, 0, 0, 213783, 46801), -- Archivist Spearblossom
(191637, 0, 0, 'Lava Phoenix', '', NULL, NULL, NULL, 9, 0, 0, 1, 0, 0, 0, 26, 1, 1, 0, 1, 1, 0, 0, 219842, 46801), -- Lava Phoenix
(191639, 0, 0, 'Vibrant Butterfly', '', NULL, NULL, NULL, 9, 0, 0, 1, 0, 0, 0, 37, 1, 1, 0, 1, 1, 0, 0, 219844, 46801), -- Vibrant Butterfly
(193876, 190898, 0, 'Primal Proto-Whelp', '', NULL, NULL, NULL, 9, 0, 0, 1, 0, 0, 6, 0, 2, 0, 0, 0.300000011920928955, 1, 0, 0, 222105, 46801), -- Primal Proto-Whelp
(191645, 0, 0, 'Wind Serpent', '', NULL, NULL, NULL, 9, 0, 0, 1, 0, 0, 0, 27, 1, 1, 0, 2.20000004768371582, 1, 0, 0, 219850, 46801), -- Wind Serpent
(191647, 0, 0, 'Young Wind Serpent', '', NULL, NULL, NULL, 9, 0, 0, 1, 0, 0, 6, 27, 1, 1, 0, 0.5, 1, 0, 0, 219852, 46801), -- Young Wind Serpent
(198367, 0, 0, '(Bunny) Crow\'s Nest [DNT]', '', NULL, NULL, NULL, 9, 0, 0, 1, 0, 0, 0, 0, 10, 0, 0, 1, 1, 0, 0, 226739, 46801), -- (Bunny) Crow's Nest [DNT]
(198368, 0, 0, '(Bunny) Crow\'s Nest', '', NULL, NULL, NULL, 9, 0, 0, 1, 0, 0, 0, 0, 10, 1073742848, 0, 1, 1, 0, 0, 226740, 46801), -- (Bunny) Crow's Nest
(187194, 0, 0, 'Restless Explorer', '', NULL, NULL, NULL, 9, 0, 0, 1, 0, 0, 0, 0, 7, 0, 0, 1, 1, 0, 0, 213824, 46801), -- Restless Explorer
(198380, 0, 0, 'Journalist Jessamine Spitz', '', 'Inscription Trainer', NULL, NULL, 9, 0, 0, 1, 0, 0, 0, 0, 7, 134217728, 0, 1, 1, 0, 0, 226756, 46801), -- Journalist Jessamine Spitz
(191672, 0, 0, 'Lava Tarantula', '', NULL, NULL, NULL, 9, 0, 0, 1, 0, 0, 0, 3, 1, 1, 0, 1.20000004768371582, 1, 0, 0, 219877, 46801), -- Lava Tarantula
(193913, 0, 0, 'Ruby Dragonspawn', '', NULL, NULL, NULL, 9, 0, 0, 8, 0, 0, 0, 0, 2, 0, 0, 1.5, 1, 0, 0, 222142, 46801), -- Ruby Dragonspawn
(191677, 0, 0, 'Magmammoth Calf', '', NULL, NULL, NULL, 9, 0, 0, 1, 0, 0, 0, 300, 1, 0, 0, 1, 1, 0, 0, 219882, 46801), -- Magmammoth Calf
(193914, 0, 0, 'Toht Twofingers', '', NULL, NULL, NULL, 9, 0, 0, 1, 0, 0, 0, 0, 7, 4096, 0, 1, 1, 0, 0, 222143, 46801), -- Toht Twofingers
(191678, 0, 0, 'Magmammoth Crusher', '', NULL, NULL, NULL, 9, 0, 0, 1, 0, 0, 0, 300, 1, 1, 0, 2, 1, 0, 0, 219883, 46801), -- Magmammoth Crusher
(193915, 0, 0, 'Emilia Bellocq', '', 'Archaeologist', NULL, NULL, 9, 0, 0, 1, 0, 0, 0, 0, 7, 0, 0, 1, 1, 0, 0, 222144, 46801), -- Emilia Bellocq
(193917, 0, 0, 'Ruby Drakonid', '', NULL, NULL, NULL, 9, 0, 0, 1, 0, 0, 0, 0, 2, 0, 0, 3, 1, 0, 0, 222146, 46801), -- Ruby Drakonid
(198392, 0, 0, 'An\'timon', '', 'Alchemy Trainer', NULL, NULL, 9, 0, 0, 1, 0, 0, 0, 0, 7, 134217728, 0, 1, 1, 0, 0, 226768, 46801), -- An'timon
(193923, 0, 0, 'Mature Obsidian Hornswog', '', NULL, NULL, NULL, 9, 0, 0, 1, 0, 0, 0, 303, 2, 0, 0, 2, 1, 0, 0, 222152, 46801), -- Mature Obsidian Hornswog
(198398, 0, 0, 'Misty Catseye', '', 'Jewelcrafting Trainer', NULL, NULL, 9, 0, 0, 1, 0, 0, 0, 0, 7, 134217728, 0, 1, 1, 0, 0, 226774, 46801), -- Misty Catseye
(193925, 0, 0, 'Obsidian Swoglet', '', NULL, NULL, NULL, 9, 0, 0, 1, 0, 0, 6, 303, 2, 1, 0, 0.5, 1, 0, 0, 222154, 46801), -- Obsidian Swoglet
(193926, 0, 0, 'Elder Obsidian Hornswog', '', NULL, NULL, NULL, 9, 0, 0, 1, 0, 0, 1, 303, 2, 0, 0, 7, 1, 0, 0, 222155, 46801), -- Elder Obsidian Hornswog
(193928, 0, 0, 'Brave Researcher', '', NULL, NULL, NULL, 9, 0, 0, 1, 0, 0, 0, 0, 7, 0, 0, 1, 1, 0, 0, 222157, 46801), -- Brave Researcher
(187229, 0, 0, 'Cataloger Coralie', '', NULL, NULL, NULL, 9, 0, 0, 2, 0, 0, 0, 0, 7, 0, 32768, 1, 1, 0, 0, 213859, 46801), -- Cataloger Coralie
(187234, 0, 0, 'Pathfinder Tacha', '', NULL, NULL, NULL, 9, 0, 0, 1, 0, 0, 0, 0, 7, 0, 32768, 1, 1, 0, 0, 213864, 46801), -- Pathfinder Tacha
(187235, 0, 0, 'Scalecommander Cindrethresh', '', 'Dark Talons', NULL, NULL, 9, 0, 0, 2, 0, 0, 0, 0, 7, 0, 32768, 10, 1, 0, 0, 213865, 46801), -- Scalecommander Cindrethresh
(187236, 0, 0, 'Boss Magor', '', 'Orgrimmar Artisans Guild', NULL, NULL, 9, 0, 0, 1, 0, 0, 0, 0, 7, 0, 32768, 3, 1, 0, 0, 213866, 46801), -- Boss Magor
(191721, 0, 0, 'Ruby Fallen', '', NULL, NULL, 'questinteract', 9, 0, 0, 1, 0, 0, 0, 0, 2, 0, 67108864, 1.799999952316284179, 1, 0, 0, 219926, 46801), -- Ruby Fallen
(187251, 0, 0, 'Toddy Whiskers', '', NULL, NULL, NULL, 9, 0, 0, 1, 0, 0, 0, 0, 7, 0, 32768, 3, 1, 0, 0, 213887, 46801), -- Toddy Whiskers
(187252, 0, 0, 'Scalecommander Azurathel', '', 'Obsidian Warders', NULL, NULL, 9, 0, 0, 2, 0, 0, 0, 0, 7, 0, 32768, 10, 1, 0, 0, 213888, 46801), -- Scalecommander Azurathel
(187253, 0, 0, 'Spelunker Lazee', '', NULL, NULL, NULL, 9, 0, 0, 1, 0, 0, 0, 0, 7, 0, 0, 1, 1, 0, 0, 213889, 46801), -- Spelunker Lazee
(187254, 0, 0, 'Archivist Spearblossom', '', NULL, NULL, NULL, 9, 0, 0, 1, 0, 0, 0, 0, 7, 0, 0, 1, 1, 0, 0, 213890, 46801), -- Archivist Spearblossom
(187255, 0, 0, 'Pathfinder Poppy', '', NULL, NULL, NULL, 9, 0, 0, 1, 0, 0, 0, 0, 7, 0, 0, 1, 1, 0, 0, 213891, 46801), -- Pathfinder Poppy
(187257, 0, 0, 'Aster Cloudgaze', '', NULL, NULL, NULL, 9, 0, 0, 1, 0, 0, 0, 0, 7, 0, 0, 3, 1, 0, 0, 213893, 46801), -- Aster Cloudgaze
(187261, 0, 0, 'Grun Ashbeard', '', 'Mining Trainer', NULL, NULL, 9, 0, 0, 1, 0, 0, 0, 0, 7, 134217728, 0, 3, 1, 0, 0, 213897, 46801), -- Grun Ashbeard
(187263, 191993, 0, 'Soggymaw Wavebringer', '', NULL, NULL, NULL, 9, 0, 0, 8, 0, 0, 0, 0, 7, 0, 0, 1, 1, 0, 0, 213899, 46801), -- Soggymaw Wavebringer
(191768, 0, 0, 'Majordomo Selistra', '', NULL, NULL, NULL, 9, 0, 0, 1, 0, 0, 1, 0, 2, 0, 0, 6, 1, 0, 0, 219973, 46801), -- Majordomo Selistra
(191792, 0, 0, 'Frog', '', NULL, NULL, NULL, 9, 0, 0, 1, 0, 0, 6, 0, 8, 0, 0, 0.200000002980232238, 1, 0, 0, 219997, 46801), -- Frog
(187320, 191993, 0, 'Soggymaw Seabasher', '', NULL, NULL, NULL, 9, 0, 0, 1, 0, 0, 0, 0, 7, 0, 0, 1, 1, 0, 0, 213957, 46801), -- Soggymaw Seabasher
(187321, 190790, 0, 'Primal Lava Elemental', '', NULL, NULL, NULL, 9, 0, 0, 1, 0, 0, 0, 0, 4, 0, 0, 1, 1, 0, 0, 213958, 46801), -- Primal Lava Elemental
(187322, 190790, 0, 'Primal Earth Elemental', '', NULL, NULL, NULL, 9, 0, 0, 1, 0, 0, 0, 0, 4, 0, 0, 2, 1, 0, 0, 213959, 46801); -- Primal Earth Elemental

INSERT INTO `creature_template` (`entry`, `KillCredit1`, `KillCredit2`, `name`, `femaleName`, `subname`, `TitleAlt`, `IconName`, `HealthScalingExpansion`, `RequiredExpansion`, `VignetteID`, `unit_class`, `WidgetSetID`, `WidgetSetUnitConditionID`, `rank`, `family`, `type`, `type_flags`, `type_flags2`, `HealthModifier`, `ManaModifier`, `RacialLeader`, `movementId`, `CreatureDifficultyID`, `VerifiedBuild`) VALUES
(191797, 0, 0, 'Steam Drip', '', NULL, NULL, NULL, 9, 0, 0, 1, 0, 0, 6, 0, 8, 0, 0, 0.200000002980232238, 1, 0, 0, 220002, 46801), -- Steam Drip
(191798, 0, 0, 'Stray Gust', '', NULL, NULL, NULL, 9, 0, 0, 1, 0, 0, 6, 0, 8, 0, 0, 0.200000002980232238, 1, 0, 0, 220003, 46801), -- Stray Gust
(187326, 190790, 0, 'Encroaching Lava', '', NULL, NULL, NULL, 9, 0, 0, 1, 0, 0, 6, 0, 4, 0, 0, 0.300000011920928955, 1, 0, 0, 213963, 46801), -- Encroaching Lava
(191807, 0, 0, 'Sendrax', '', NULL, NULL, NULL, 9, 0, 0, 1, 0, 0, 0, 0, 2, 0, 0, 2.20000004768371582, 1, 0, 0, 220012, 46801), -- Sendrax
(191809, 0, 0, 'Tiny Butterfly', '', NULL, NULL, NULL, 9, 0, 0, 1, 0, 0, 6, 0, 8, 0, 0, 0.200000002980232238, 1, 0, 0, 220014, 46801), -- Tiny Butterfly
(191812, 0, 0, 'Crumbling Pebbles', '', NULL, NULL, NULL, 9, 0, 0, 1, 0, 0, 6, 0, 8, 0, 0, 0.200000002980232238, 1, 0, 0, 220017, 46801), -- Crumbling Pebbles
(194050, 0, 0, 'Zalanti', '', NULL, NULL, NULL, 9, 0, 0, 1, 0, 0, 0, 0, 7, 0, 0, 1, 1, 0, 0, 222279, 46801), -- Zalanti
(191817, 0, 0, 'Shores Snake', '', NULL, NULL, NULL, 9, 0, 0, 1, 0, 0, 6, 0, 8, 0, 0, 0.200000002980232238, 1, 0, 0, 220022, 46801), -- Shores Snake
(191818, 0, 0, 'Shaggy Rabbit', '', NULL, NULL, NULL, 9, 0, 0, 1, 0, 0, 0, 0, 8, 0, 0, 0.200000002980232238, 1, 0, 0, 220023, 46801), -- Shaggy Rabbit
(194055, 0, 0, 'Dahanu Highwing', '', NULL, NULL, NULL, 9, 0, 0, 1, 0, 0, 0, 0, 7, 0, 0, 1, 1, 0, 0, 222284, 46801), -- Dahanu Highwing
(191819, 0, 0, 'Prairie Dog', '', NULL, NULL, NULL, 9, 0, 0, 1, 0, 0, 6, 0, 8, 0, 0, 0.200000002980232238, 1, 0, 0, 220024, 46801), -- Prairie Dog
(194056, 0, 0, 'Dragon Kite', '', NULL, NULL, NULL, 9, 0, 0, 1, 0, 0, 0, 0, 12, 1610612752, 67108870, 1, 1, 0, 0, 222285, 46801), -- Dragon Kite
(194065, 0, 0, 'Ketuna Skyflame', '', NULL, NULL, NULL, 9, 0, 0, 1, 0, 0, 0, 0, 7, 0, 0, 1, 1, 0, 0, 222294, 46801), -- Ketuna Skyflame
(191830, 0, 0, 'Dreadsquall Hatchling', '', NULL, NULL, NULL, 9, 0, 0, 1, 0, 0, 6, 26, 1, 1, 0, 0.5, 1, 0, 0, 220035, 46801), -- Dreadsquall Hatchling
(191833, 190460, 0, 'Qalashi Scavenger', '', NULL, NULL, NULL, 9, 0, 0, 1, 0, 0, 0, 0, 7, 0, 0, 1.5, 1, 0, 0, 220038, 46801), -- Qalashi Scavenger
(194073, 0, 0, 'Lux Fizzlegig', '', 'Refreshments', NULL, NULL, 9, 0, 0, 1, 0, 0, 0, 0, 7, 0, 0, 1, 1, 0, 0, 222302, 46801), -- Lux Fizzlegig
(189609, 0, 0, 'Quartermaster Furlein', '', 'The Defiant Dragonscale', NULL, NULL, 9, 0, 0, 8, 0, 0, 0, 0, 7, 0, 0, 2.5, 1, 0, 0, 216294, 46801), -- Quartermaster Furlein
(189613, 0, 0, 'Tragically Deceased Riverbeast', '', NULL, NULL, 'questinteract', 9, 0, 0, 1, 0, 0, 0, 150, 1, 1610612752, 117440518, 2, 1, 0, 0, 216298, 46801), -- Tragically Deceased Riverbeast
(189619, 0, 0, 'Tragically Deceased Crab', '', NULL, NULL, NULL, 9, 0, 0, 1, 0, 0, 6, 0, 8, 1610612752, 117440518, 0.200000002980232238, 1, 0, 0, 216304, 46801), -- Tragically Deceased Crab
(180673, 0, 0, 'Turbulent Waters', '', NULL, NULL, NULL, 9, 9, 0, 1, 0, 0, 0, 0, 4, 536870928, 67108870, 1, 1, 0, 0, 204339, 46801), -- Turbulent Waters
(187403, 0, 0, 'Sil\'nori Crestshade', '', 'Innkeeper', NULL, NULL, 9, 0, 0, 2, 0, 0, 0, 0, 7, 0, 0, 1, 1, 0, 0, 214041, 46801), -- Sil'nori Crestshade
(194115, 0, 0, 'Airship Worker', '', 'The Defiant Dragonscale', NULL, NULL, 9, 0, 0, 1, 0, 0, 0, 0, 7, 0, 0, 1, 1, 0, 0, 222344, 46801), -- Airship Worker
(191879, 0, 0, 'Sendrax', '', NULL, NULL, NULL, 9, 0, 0, 1, 0, 0, 0, 0, 2, 8392704, 2048, 2.20000004768371582, 1, 0, 0, 220084, 46801), -- Sendrax
(194116, 0, 0, 'Shin Summerhill', '', NULL, NULL, NULL, 9, 0, 0, 1, 0, 0, 0, 0, 7, 0, 0, 1, 1, 0, 0, 222345, 46801), -- Shin Summerhill
(187406, 0, 0, 'Sendrax', '', NULL, NULL, NULL, 9, 0, 0, 1, 0, 0, 0, 0, 2, 0, 32768, 2.20000004768371582, 1, 0, 0, 214044, 46801), -- Sendrax
(187410, 0, 0, 'Summoned Tsunami', '', NULL, NULL, NULL, 9, 0, 0, 1, 0, 0, 0, 0, 4, 2147483720, 0, 1, 1, 0, 0, 214048, 46801), -- Summoned Tsunami
(191886, 0, 0, 'Primalist Lava Conduit', '', NULL, NULL, NULL, 9, 0, 0, 1, 0, 0, 0, 0, 10, 1610612752, 117440518, 1, 1, 0, 0, 220091, 46801), -- Primalist Lava Conduit
(187414, 0, 0, 'Summoned Typhoon', '', NULL, NULL, NULL, 9, 0, 0, 1, 0, 0, 0, 0, 4, 2147483720, 0, 1, 1, 0, 0, 214052, 46801), -- Summoned Typhoon
(194126, 0, 0, 'Naleidea Rivergleam', '', NULL, NULL, NULL, 9, 0, 0, 1, 0, 0, 0, 0, 7, 0, 32768, 3, 1, 0, 0, 222355, 46801), -- Naleidea Rivergleam
(180705, 191957, 0, 'Magmammoth Calf', '', NULL, NULL, NULL, 9, 0, 0, 1, 0, 0, 0, 300, 1, 1, 0, 1, 1, 0, 0, 204371, 46801), -- Magmammoth Calf
(194127, 0, 0, 'Toddy Whiskers', '', NULL, NULL, NULL, 9, 0, 0, 1, 0, 0, 0, 0, 7, 0, 0, 3, 1, 0, 0, 222356, 46801), -- Toddy Whiskers
(194129, 0, 0, 'Sendrax', '', NULL, NULL, NULL, 9, 0, 0, 1, 0, 0, 0, 0, 2, 0, 0, 2.20000004768371582, 1, 0, 0, 222358, 46801), -- Sendrax
(189659, 0, 0, 'Tragically Deceased Waterfowl', '', NULL, NULL, NULL, 9, 0, 0, 1, 0, 0, 6, 0, 1, 1610612752, 117440518, 0.699999988079071044, 1, 0, 0, 216344, 46801), -- Tragically Deceased Waterfowl
(198608, 0, 0, 'Tracker Dragon Glyph', '', NULL, NULL, NULL, 9, 0, 0, 1, 0, 0, 0, 0, 10, 1610612752, 67108870, 1, 1, 0, 0, 226992, 46801), -- Tracker Dragon Glyph
(191898, 0, 0, 'Qalashi Ragetamer', '', NULL, NULL, NULL, 9, 0, 0, 1, 0, 0, 0, 0, 7, 0, 0, 2, 1, 0, 0, 220103, 46801), -- Qalashi Ragetamer
(191899, 191138, 0, 'Qalashi Marauder', '', NULL, NULL, NULL, 9, 0, 0, 1, 0, 0, 0, 0, 7, 0, 0, 2, 1, 0, 0, 220104, 46801), -- Qalashi Marauder
(191901, 0, 0, 'Blazing Dreadsquall', '', NULL, NULL, NULL, 9, 0, 0, 1, 0, 0, 0, 26, 1, 1, 0, 2, 1, 0, 0, 220106, 46801), -- Blazing Dreadsquall
(191902, 0, 0, 'Qalashi Magmatamer', '', NULL, NULL, NULL, 9, 0, 0, 8, 0, 0, 0, 0, 7, 0, 0, 2, 1, 0, 0, 220107, 46801), -- Qalashi Magmatamer
(191903, 191957, 0, 'Magmammoth Bull', '', NULL, NULL, NULL, 9, 0, 0, 1, 0, 0, 1, 300, 1, 1, 0, 8, 1, 0, 0, 220108, 46801), -- Magmammoth Bull
(191904, 0, 0, 'Ruby Dragon Eggs', '', NULL, NULL, NULL, 9, 0, 0, 1, 0, 0, 0, 0, 10, 1073742848, 0, 1, 1, 0, 0, 220109, 46801), -- Ruby Dragon Eggs
(187431, 191993, 0, 'Windyfin Skybasher', '', NULL, NULL, NULL, 9, 0, 0, 1, 0, 0, 0, 0, 7, 0, 0, 1, 1, 0, 0, 214069, 46801), -- Windyfin Skybasher
(187432, 191993, 0, 'Windyfin Windbringer', '', NULL, NULL, NULL, 9, 0, 0, 8, 0, 0, 0, 0, 7, 0, 0, 1, 1, 0, 0, 214070, 46801), -- Windyfin Windbringer
(187433, 191993, 0, 'Windyfin Squallstalker', '', NULL, NULL, NULL, 9, 0, 0, 1, 0, 0, 0, 0, 7, 0, 0, 1, 1, 0, 0, 214071, 46801), -- Windyfin Squallstalker
(198618, 0, 0, 'Tracker Dragon Glyph', '', NULL, NULL, NULL, 9, 0, 0, 1, 0, 0, 0, 0, 10, 1610612752, 67108870, 1, 1, 0, 0, 227003, 46801), -- Tracker Dragon Glyph
(198619, 0, 0, 'Tracker Dragon Glyph', '', NULL, NULL, NULL, 9, 0, 0, 1, 0, 0, 0, 0, 10, 1610612752, 67108870, 1, 1, 0, 0, 227004, 46801), -- Tracker Dragon Glyph
(198622, 0, 0, 'Tracker Dragon Glyph', '', NULL, NULL, NULL, 9, 0, 0, 1, 0, 0, 0, 0, 10, 1610612752, 67108870, 1, 1, 0, 0, 227007, 46801), -- Tracker Dragon Glyph
(187439, 0, 0, 'Bubbled Duckling', '', NULL, NULL, NULL, 9, 0, 0, 1, 0, 0, 6, 0, 8, 0, 0, 0.200000002980232238, 1, 0, 0, 214077, 46801), -- Bubbled Duckling
(187442, 0, 0, 'Waking Duck', '', NULL, NULL, NULL, 9, 0, 0, 1, 0, 0, 6, 125, 1, 1, 0, 0.300000011920928955, 1, 0, 0, 214080, 46801), -- Waking Duck
(191917, 192034, 0, 'Erupting Magma', '', NULL, NULL, NULL, 9, 0, 0, 8, 0, 0, 0, 0, 4, 0, 0, 2, 1, 0, 0, 220126, 46801), -- Erupting Magma
(189688, 0, 0, 'Bemused Axebeak', '', NULL, NULL, NULL, 9, 0, 0, 1, 0, 0, 6, 0, 1, 0, 0, 0.699999988079071044, 1, 0, 0, 216373, 46801), -- Bemused Axebeak
(187462, 0, 0, 'Distressed Riverbeast Calf', '', NULL, NULL, 'questinteract', 9, 0, 0, 1, 0, 0, 6, 150, 1, 0, 0, 0.5, 1, 0, 0, 214100, 46801), -- Distressed Riverbeast Calf
(189703, 0, 0, 'Sunning Salamanther', '', NULL, NULL, NULL, 9, 0, 0, 1, 0, 0, 0, 0, 8, 0, 0, 0.200000002980232238, 1, 0, 0, 216388, 46801), -- Sunning Salamanther
(187467, 0, 0, 'Distressed Riverbeast', '', NULL, NULL, 'questinteract', 9, 0, 0, 1, 0, 0, 0, 150, 1, 0, 0, 2, 1, 0, 0, 214105, 46801), -- Distressed Riverbeast
(187468, 0, 0, 'Helpless Waterfowl', '', NULL, NULL, 'questinteract', 9, 0, 0, 1, 0, 0, 6, 0, 1, 0, 0, 0.699999988079071044, 1, 0, 0, 214106, 46801), -- Helpless Waterfowl
(191944, 192033, 0, 'Erupting Lasher', '', NULL, NULL, NULL, 9, 0, 0, 1, 0, 0, 0, 0, 4, 0, 0, 1, 1, 0, 0, 220153, 46801), -- Erupting Lasher
(191945, 0, 0, 'Cracked Elemental', '', NULL, NULL, NULL, 9, 0, 0, 1, 0, 0, 0, 0, 4, 0, 0, 1.799999952316284179, 1, 0, 0, 220154, 46801), -- Cracked Elemental
(191946, 0, 0, 'Cracked Elemental', '', NULL, NULL, NULL, 9, 0, 0, 1, 0, 0, 0, 0, 4, 0, 0, 3, 1, 0, 0, 220155, 46801), -- Cracked Elemental
(187493, 191977, 0, 'Rampaging Water', '', NULL, NULL, NULL, 9, 0, 0, 1, 0, 0, 0, 0, 4, 0, 0, 1, 1, 0, 0, 214131, 46801), -- Rampaging Water
(187494, 191977, 0, 'Rampaging Wind', '', NULL, NULL, NULL, 9, 0, 0, 8, 0, 0, 0, 0, 4, 0, 0, 1, 1, 0, 0, 214132, 46801), -- Rampaging Wind
(189737, 0, 0, 'Kelp Nibbler', '', NULL, NULL, NULL, 9, 0, 0, 1, 0, 0, 6, 0, 8, 0, 0, 0.200000002980232238, 1, 0, 0, 216422, 46801), -- Kelp Nibbler
(191975, 0, 0, 'Rocan the Mountain', '', NULL, NULL, NULL, 9, 0, 0, 1, 0, 0, 1, 0, 4, 0, 0, 6, 1, 0, 0, 220184, 46801), -- Rocan the Mountain
(191983, 192032, 0, 'Erupting Droplet', '', NULL, NULL, NULL, 9, 0, 0, 1, 0, 0, 6, 0, 4, 0, 0, 0.300000011920928955, 1, 0, 0, 220192, 46801), -- Erupting Droplet
(194222, 191139, 0, 'Qalashi Flamemuzzler', '', NULL, NULL, NULL, 9, 0, 0, 8, 0, 0, 1, 0, 7, 0, 0, 7, 1, 0, 0, 222451, 46801), -- Qalashi Flamemuzzler
(189756, 0, 0, 'Lazy Basilisk', '', NULL, NULL, NULL, 9, 0, 0, 1, 0, 0, 6, 130, 1, 1, 0, 0.5, 1, 0, 0, 216441, 46801), -- Lazy Basilisk
(189757, 0, 0, 'Snoozing Basilisk Bull', '', NULL, NULL, NULL, 9, 0, 0, 1, 0, 0, 0, 130, 1, 1, 0, 2, 1, 0, 0, 216442, 46801), -- Snoozing Basilisk Bull
(194231, 0, 0, 'Whimpering Whelpling', '', NULL, NULL, 'questinteract', 9, 0, 0, 1, 0, 0, 6, 0, 2, 0, 0, 0.300000011920928955, 1, 0, 0, 222460, 46801), -- Whimpering Whelpling
(194235, 0, 0, 'Ruby Wagon', '', NULL, NULL, NULL, 9, 0, 0, 1, 0, 0, 0, 0, 10, 1610612752, 117441030, 1, 1, 0, 0, 222464, 46801), -- Ruby Wagon
(194236, 0, 0, 'Ruby Dragonspawn', '', NULL, NULL, NULL, 9, 0, 0, 8, 0, 0, 0, 0, 2, 0, 0, 1.5, 1, 0, 0, 222465, 46801), -- Ruby Dragonspawn
(194238, 0, 0, 'Ruby Drakonid', '', NULL, NULL, NULL, 9, 0, 0, 1, 0, 0, 0, 0, 2, 0, 0, 3, 1, 0, 0, 222467, 46801), -- Ruby Drakonid
(187542, 0, 0, 'Summoned Ripple', '', NULL, NULL, NULL, 9, 0, 0, 8, 0, 0, 6, 0, 4, 0, 0, 0.300000011920928955, 1, 0, 0, 214180, 46801), -- Summoned Ripple
(187543, 0, 0, 'Summoned Zephyr', '', NULL, NULL, NULL, 9, 0, 0, 1, 0, 0, 6, 0, 4, 0, 0, 0.300000011920928955, 1, 0, 0, 214181, 46801), -- Summoned Zephyr
(189798, 190898, 0, 'Ancient Proto-Dragon', '', NULL, NULL, NULL, 9, 0, 0, 1, 0, 0, 1, 0, 2, 2097160, 0, 50, 1, 0, 0, 216483, 46801), -- Ancient Proto-Dragon
(189801, 190898, 0, 'Ancient Proto-Dragon', '', NULL, NULL, NULL, 9, 0, 0, 1, 0, 0, 1, 0, 2, 2097160, 0, 50, 1, 0, 0, 216486, 46801), -- Ancient Proto-Dragon
(198750, 0, 0, 'Expedition Escort', '', 'Dark Talons', NULL, NULL, 9, 0, 0, 2, 0, 0, 0, 0, 7, 0, 0, 20, 1, 0, 0, 227153, 46801), -- Expedition Escort
(192048, 0, 0, 'Deirdre Flemmin', '', 'Leatherworking Trainer', NULL, NULL, 9, 0, 0, 1, 0, 0, 0, 0, 7, 0, 0, 3, 1, 0, 0, 220257, 46801), -- Deirdre Flemmin
(192054, 0, 0, 'Bottled Water Elemental', '', NULL, NULL, NULL, 9, 0, 0, 8, 0, 0, 0, 0, 4, 0, 0, 1, 1, 0, 0, 220263, 46801), -- Bottled Water Elemental
(192055, 0, 0, 'Veeno', '', 'Enchanting Trainer', NULL, NULL, 9, 0, 0, 1, 0, 0, 0, 0, 7, 0, 0, 3, 1, 0, 0, 220264, 46801), -- Veeno
(192059, 0, 0, 'Palamanther', '', NULL, NULL, NULL, 9, 0, 0, 1, 0, 0, 0, 0, 8, 0, 0, 0.200000002980232238, 1, 0, 69, 220268, 46801), -- Palamanther
(187620, 0, 0, 'Disgruntled Riverbeast Matriarch', '', NULL, NULL, 'questinteract', 9, 0, 0, 1, 0, 0, 1, 150, 1, 0, 0, 5, 1, 0, 0, 214265, 46801), -- Disgruntled Riverbeast Matriarch
(192095, 0, 0, 'Ironbeak Duck', '', NULL, NULL, NULL, 9, 0, 0, 1, 0, 0, 0, 0, 8, 0, 0, 0.200000002980232238, 1, 0, 69, 220304, 46801), -- Ironbeak Duck
(192103, 0, 0, 'Pricklefury Hare', '', NULL, NULL, NULL, 9, 0, 0, 1, 0, 0, 0, 0, 8, 0, 0, 0.200000002980232238, 1, 0, 100, 220312, 46801), -- Pricklefury Hare
(192104, 0, 0, 'Magma Slug', '', NULL, NULL, NULL, 9, 0, 0, 1, 0, 0, 0, 0, 8, 0, 0, 0.200000002980232238, 1, 0, 69, 220313, 46801), -- Magma Slug
(194361, 0, 0, 'Rathamaresh', '', 'The Defiant Dragonscale', NULL, NULL, 9, 0, 0, 1, 0, 0, 0, 0, 7, 0, 0, 1, 1, 0, 0, 222590, 46801), -- Rathamaresh
(192132, 0, 0, 'Depths Eel', '', NULL, NULL, NULL, 9, 0, 0, 1, 0, 0, 0, 0, 1, 0, 0, 2, 1, 0, 0, 220341, 46801), -- Depths Eel
(192134, 0, 0, 'Lava Snail', '', NULL, NULL, NULL, 9, 0, 0, 1, 0, 0, 6, 0, 8, 0, 0, 0.200000002980232238, 1, 0, 0, 220343, 46801), -- Lava Snail
(192135, 0, 0, 'Phoenix Hatchling', '', NULL, NULL, NULL, 9, 0, 0, 1, 0, 0, 6, 0, 8, 0, 0, 0.200000002980232238, 1, 0, 0, 220344, 46801), -- Phoenix Hatchling
(198846, 0, 0, 'Cataloger Jakes', '', 'Keeper of Renown', NULL, NULL, 9, 0, 0, 1, 0, 0, 0, 0, 7, 134217728, 0, 1, 1, 0, 0, 227252, 46801), -- Cataloger Jakes
(192136, 0, 0, 'Flame Flick', '', NULL, NULL, NULL, 9, 0, 0, 1, 0, 0, 6, 0, 8, 0, 0, 0.200000002980232238, 1, 0, 0, 220345, 46801), -- Flame Flick
(192137, 0, 0, 'Lava Flick', '', NULL, NULL, NULL, 9, 0, 0, 1, 0, 0, 6, 0, 8, 0, 0, 0.200000002980232238, 1, 0, 0, 220346, 46801), -- Lava Flick
(198848, 0, 0, 'Rae\'ana', '', 'Historian and Research Supplier', NULL, NULL, 9, 0, 0, 1, 0, 0, 0, 0, 7, 134217728, 0, 1, 1, 0, 0, 227254, 46801), -- Rae'ana
(192138, 0, 0, 'Lava Pincer', '', NULL, NULL, NULL, 9, 0, 0, 1, 0, 0, 6, 0, 8, 0, 0, 0.200000002980232238, 1, 0, 0, 220347, 46801), -- Lava Pincer
(192142, 0, 0, 'Sea Turtle', '', NULL, NULL, NULL, 9, 0, 0, 1, 0, 0, 6, 21, 1, 0, 0, 0.300000011920928955, 1, 0, 0, 220351, 46801), -- Sea Turtle
(192143, 0, 0, 'Baby Sea Turtle', '', NULL, NULL, NULL, 9, 0, 0, 1, 0, 0, 6, 0, 8, 0, 0, 0.200000002980232238, 1, 0, 0, 220352, 46801), -- Baby Sea Turtle
(192148, 0, 0, 'Tranquil Tideskipper', '', NULL, NULL, NULL, 9, 0, 0, 1, 0, 0, 0, 0, 1, 0, 0, 1, 1, 0, 0, 220357, 46801), -- Tranquil Tideskipper
(192149, 0, 0, 'River Frillfish', '', NULL, NULL, NULL, 9, 0, 0, 1, 0, 0, 0, 0, 1, 0, 0, 1, 1, 0, 0, 220358, 46801), -- River Frillfish
(192151, 0, 0, 'Smoothfin Mantacorn', '', NULL, NULL, NULL, 9, 0, 0, 1, 0, 0, 0, 0, 1, 0, 0, 2, 1, 0, 0, 220360, 46801), -- Smoothfin Mantacorn
(192153, 0, 0, 'Baby Octopus', '', NULL, NULL, NULL, 9, 0, 0, 1, 0, 0, 6, 0, 8, 0, 0, 0.200000002980232238, 1, 0, 0, 220362, 46801), -- Baby Octopus
(192181, 0, 0, 'Wild Rockfang', '', NULL, NULL, NULL, 9, 0, 0, 1, 0, 0, 0, 2, 1, 1, 0, 1, 1, 0, 0, 220390, 46801), -- Wild Rockfang
(192182, 0, 0, 'Rockfang Hunter', '', NULL, NULL, NULL, 9, 0, 0, 1, 0, 0, 0, 2, 1, 1, 0, 2, 1, 0, 0, 220391, 46801), -- Rockfang Hunter
(192207, 0, 0, 'Sihua', '', 'Trade Goods', NULL, NULL, 9, 0, 0, 1, 0, 0, 0, 0, 7, 0, 0, 1.20000004768371582, 1, 0, 0, 220416, 46801), -- Sihua
(192210, 0, 0, 'Mia Pyke', '', 'Trade Goods', NULL, NULL, 9, 0, 0, 1, 0, 0, 0, 0, 7, 0, 0, 1.20000004768371582, 1, 0, 0, 220419, 46801), -- Mia Pyke
(189983, 0, 0, 'Grateful Basilisk', '', NULL, NULL, NULL, 9, 0, 0, 1, 0, 0, 6, 130, 1, 1, 0, 0.5, 1, 0, 0, 216672, 46801), -- Grateful Basilisk
(189984, 0, 0, 'Grateful Gull', '', NULL, NULL, NULL, 9, 0, 0, 1, 0, 0, 6, 0, 8, 0, 0, 0.200000002980232238, 1, 0, 0, 216673, 46801), -- Grateful Gull
(192227, 0, 0, 'Encroaching Lava', '', NULL, NULL, NULL, 9, 0, 0, 1, 0, 0, 6, 0, 4, 0, 0, 0.300000011920928955, 1, 0, 0, 220436, 46801), -- Encroaching Lava
(189992, 0, 0, 'Restless Wildfowl', '', NULL, NULL, NULL, 9, 0, 0, 1, 0, 0, 6, 125, 1, 1, 0, 0.300000011920928955, 1, 0, 0, 216681, 46801), -- Restless Wildfowl
(190013, 0, 0, 'Ruby Dragon Egg', '', NULL, NULL, NULL, 9, 0, 0, 1, 0, 0, 0, 0, 2, 1610612752, 83886086, 1, 1, 0, 0, 216702, 46801), -- Ruby Dragon Egg
(192266, 0, 0, 'Baron Crustcore', '', NULL, NULL, NULL, 9, 0, 0, 1, 0, 0, 0, 0, 4, 2147483720, 0, 3.5, 1, 0, 0, 220475, 46801), -- Baron Crustcore
(192274, 0, 0, 'Baron Ashflow', '', NULL, NULL, NULL, 9, 0, 0, 8, 0, 0, 0, 0, 4, 2147483720, 0, 3.5, 1, 0, 0, 220483, 46801), -- Baron Ashflow
(194517, 0, 0, 'Crushing Elemental', '', NULL, NULL, NULL, 9, 0, 0, 1, 0, 0, 0, 0, 4, 0, 0, 1, 1, 0, 0, 222748, 46801), -- Crushing Elemental
(194525, 0, 0, 'Apprentice Caretaker Zefren', '', NULL, NULL, NULL, 9, 0, 0, 8, 0, 0, 0, 0, 2, 0, 0, 2, 1, 0, 0, 222756, 46801), -- Apprentice Caretaker Zefren
(194526, 0, 0, 'Magma Droplet', '', NULL, NULL, NULL, 9, 0, 0, 1, 0, 0, 0, 0, 4, 0, 0, 0.200000002980232238, 1, 0, 0, 222757, 46801), -- Magma Droplet
(190056, 194143, 190898, 'Primal Proto-Drake', '', NULL, NULL, NULL, 9, 0, 0, 1, 0, 0, 0, 0, 2, 0, 0, 1, 1, 0, 0, 216745, 46801), -- Primal Proto-Drake
(190080, 189975, 0, 'Tarasek Elementalist', '', NULL, NULL, NULL, 9, 0, 0, 8, 0, 0, 0, 0, 2, 0, 0, 1, 1, 0, 0, 216769, 46801), -- Tarasek Elementalist
(194561, 0, 0, 'Talanath Goldcrest', '', NULL, NULL, NULL, 9, 0, 0, 1, 0, 0, 0, 0, 7, 0, 0, 1, 1, 0, 0, 222792, 46801), -- Talanath Goldcrest
(194563, 0, 0, 'Arandil Featherdawn', '', NULL, NULL, NULL, 9, 0, 0, 1, 0, 0, 0, 0, 7, 0, 0, 1, 1, 0, 0, 222794, 46801), -- Arandil Featherdawn
(190093, 0, 0, 'Ruby Culler', '', NULL, NULL, NULL, 9, 0, 0, 1, 0, 0, 0, 0, 2, 0, 0, 1.799999952316284179, 1, 0, 0, 216782, 46801), -- Ruby Culler
(194569, 0, 0, 'Si\'va', '', NULL, NULL, NULL, 9, 0, 0, 1, 0, 0, 0, 0, 7, 0, 0, 1, 1, 0, 0, 222800, 46801), -- Si'va
(194576, 0, 0, 'Vernell Bartlett', '', NULL, NULL, NULL, 9, 0, 0, 1, 0, 0, 0, 0, 7, 0, 0, 1, 1, 0, 0, 222807, 46801), -- Vernell Bartlett
(194577, 0, 0, 'Rinka', '', NULL, NULL, NULL, 9, 0, 0, 1, 0, 0, 0, 0, 7, 0, 0, 1, 1, 0, 0, 222808, 46801), -- Rinka
(192341, 0, 0, 'Qalashi Drakeflayer', '', NULL, NULL, NULL, 9, 0, 0, 1, 0, 0, 0, 0, 7, 0, 0, 2, 1, 0, 0, 220551, 46801), -- Qalashi Drakeflayer
(194581, 0, 0, 'Trauga Bloodhelm', '', NULL, NULL, NULL, 9, 0, 0, 1, 0, 0, 0, 0, 7, 0, 0, 1, 1, 0, 0, 222812, 46801), -- Trauga Bloodhelm
(194582, 0, 0, 'Mathog Hideflayer', '', NULL, NULL, NULL, 9, 0, 0, 1, 0, 0, 0, 0, 7, 0, 0, 1, 1, 0, 0, 222813, 46801), -- Mathog Hideflayer
(194583, 0, 0, 'Krakz Cloudgrease', '', NULL, NULL, NULL, 9, 0, 0, 1, 0, 0, 0, 0, 7, 0, 0, 1, 1, 0, 0, 222814, 46801), -- Krakz Cloudgrease
(187882, 0, 0, 'Soggymaw Gorloc Corpse', '', NULL, NULL, 'questinteract', 9, 0, 0, 1, 0, 0, 0, 0, 7, 1610612752, 67108870, 1, 1, 0, 0, 214558, 46801), -- Soggymaw Gorloc Corpse
(187883, 0, 0, 'Windyfin Gorloc Corpse', '', NULL, NULL, 'questinteract', 9, 0, 0, 1, 0, 0, 0, 0, 7, 1610612752, 67108870, 1, 1, 0, 0, 214559, 46801), -- Windyfin Gorloc Corpse
(190133, 0, 0, 'Conscripted Crab', '', NULL, NULL, NULL, 9, 0, 0, 1, 0, 0, 6, 8, 1, 0, 0, 0.300000011920928955, 1, 0, 0, 216824, 46801), -- Conscripted Crab
(190144, 0, 0, 'Fretful Riverbeast Elder', '', NULL, NULL, NULL, 9, 0, 0, 1, 0, 0, 1, 150, 1, 1, 0, 5, 1, 0, 0, 216835, 46801); -- Fretful Riverbeast Elder

UPDATE `creature_template` SET `HealthScalingExpansion`=9, `VerifiedBuild`=46801 WHERE `entry`=44740; -- Sahi Cloudsinger
UPDATE `creature_template` SET `HealthScalingExpansion`=9, `VerifiedBuild`=46801 WHERE `entry`=44743; -- Nohi Plainswalker
UPDATE `creature_template` SET `HealthScalingExpansion`=9, `VerifiedBuild`=46801 WHERE `entry`=42506; -- Marogg
UPDATE `creature_template` SET `HealthScalingExpansion`=9, `VerifiedBuild`=46801 WHERE `entry`=44745; -- Sunwalker Atohmo's Kodo
UPDATE `creature_template` SET `VerifiedBuild`=46801 WHERE `entry` IN (114104, 190239, 29238, 109912, 20486, 20488, 20489, 20490, 20491, 20492, 20493, 60761, 181575, 141310, 197279, 197288, 69791, 69792, 18363, 18364, 18365, 18378, 18379, 18380, 43062, 141528, 9564, 40891, 199726, 175156, 195357, 121541, 197611, 61158, 195385, 3100, 3108, 50088, 3123, 32207, 3126, 3127, 12136, 3197, 3198, 3204, 3208, 72559, 141912, 135202, 141920, 179965, 27893, 193450, 95057, 148768, 130911, 189077, 195830, 184665, 184671, 195899, 95234, 133271, 173548, 137762, 52810, 52812, 184808, 184809, 184810, 184812, 184813, 184814, 184858, 93223, 187193, 187196, 113395, 198411, 198412, 39604, 198434, 62005, 198475, 198476, 189554, 44158, 6145, 180701, 71100, 57801, 165189, 174147, 174170, 4311, 49131);
UPDATE `creature_template` SET `HealthScalingExpansion`=9, `VerifiedBuild`=46801 WHERE `entry`=42548; -- Muddy Crawfish
UPDATE `creature_template` SET `HealthScalingExpansion`=9, `VerifiedBuild`=46801 WHERE `entry`=44865; -- Auctioneer Fazdran
UPDATE `creature_template` SET `HealthScalingExpansion`=9, `VerifiedBuild`=46801 WHERE `entry`=44866; -- Auctioneer Drezmit
UPDATE `creature_template` SET `HealthScalingExpansion`=9, `VerifiedBuild`=46801 WHERE `entry`=44867; -- Auctioneer Ralinza
UPDATE `creature_template` SET `HealthScalingExpansion`=9, `VerifiedBuild`=46801 WHERE `entry`=44868; -- Auctioneer Xifa
UPDATE `creature_template` SET `HealthScalingExpansion`=9, `VerifiedBuild`=46801 WHERE `entry`=44871; -- Grunt Grimful
UPDATE `creature_template` SET `HealthScalingExpansion`=9, `VerifiedBuild`=46801 WHERE `entry`=44872; -- Grunt Wabang
UPDATE `creature_template` SET `HealthScalingExpansion`=9, `VerifiedBuild`=46801 WHERE `entry`=65011; -- Albino Riding Crane
UPDATE `creature_template` SET `HealthScalingExpansion`=9, `VerifiedBuild`=46801 WHERE `entry`=44918; -- Drakma
UPDATE `creature_template` SET `HealthScalingExpansion`=9, `VerifiedBuild`=46801 WHERE `entry`=44919; -- Maztha
UPDATE `creature_template` SET `HealthScalingExpansion`=9, `VerifiedBuild`=46801 WHERE `entry`=62821; -- Mystic Birdhat
UPDATE `creature_template` SET `HealthScalingExpansion`=9, `VerifiedBuild`=46801 WHERE `entry`=62822; -- Cousin Slowhands
UPDATE `creature_template` SET `HealthScalingExpansion`=9, `VerifiedBuild`=46801 WHERE `entry`=44948; -- Wind Rider Cub
UPDATE `creature_template` SET `HealthScalingExpansion`=9, `VerifiedBuild`=46801 WHERE `entry`=6929; -- Innkeeper Gryshka
UPDATE `creature_template` SET `HealthScalingExpansion`=9, `VerifiedBuild`=46801 WHERE `entry`=47254; -- Gizput
UPDATE `creature_template` SET `HealthScalingExpansion`=9, `VerifiedBuild`=46801 WHERE `entry`=7010; -- Zilzibin Drumlore
UPDATE `creature_template` SET `HealthScalingExpansion`=9, `VerifiedBuild`=46801 WHERE `entry`=304; -- Felsteed
UPDATE `creature_template` SET `HealthScalingExpansion`=9, `VerifiedBuild`=46801 WHERE `entry`=305; -- White Stallion
UPDATE `creature_template` SET `HealthScalingExpansion`=9, `VerifiedBuild`=46801 WHERE `entry`=54004; -- Jaga
UPDATE `creature_template` SET `HealthScalingExpansion`=9, `VerifiedBuild`=46801 WHERE `entry`=181535; -- Murkastrasza
UPDATE `creature_template` SET `HealthScalingExpansion`=9, `VerifiedBuild`=46801 WHERE `entry`=74228; -- Darkspear Headhunter
UPDATE `creature_template` SET `HealthScalingExpansion`=9, `VerifiedBuild`=46801 WHERE `entry`=417; -- Felhunter
UPDATE `creature_template` SET `HealthScalingExpansion`=9, `VerifiedBuild`=46801 WHERE `entry`=54113; -- Spooks
UPDATE `creature_template` SET `HealthScalingExpansion`=9, `VerifiedBuild`=46801 WHERE `entry` IN (4953, 61367); -- Water Snake
UPDATE `creature_template` SET `HealthScalingExpansion`=9, `VerifiedBuild`=46801 WHERE `entry`=18377; -- Swift Red Wind Rider
UPDATE `creature_template` SET `HealthScalingExpansion`=9, `VerifiedBuild`=46801 WHERE `entry`=45230; -- Orgrimmar Brave
UPDATE `creature_template` SET `femaleName`='', `HealthScalingExpansion`=9, `movementId`=121, `VerifiedBuild`=46801 WHERE `entry`=25110; -- Dragon Kite
UPDATE `creature_template` SET `HealthScalingExpansion`=9, `VerifiedBuild`=46801 WHERE `entry`=49737; -- Shazdar
UPDATE `creature_template` SET `HealthScalingExpansion`=9, `VerifiedBuild`=46801 WHERE `entry` IN (49743, 62115); -- Dung Beetle
UPDATE `creature_template` SET `HealthScalingExpansion`=9, `VerifiedBuild`=46801 WHERE `entry`=60941; -- Azure Water Strider
UPDATE `creature_template` SET `HealthScalingExpansion`=9, `VerifiedBuild`=46801 WHERE `entry`=52032; -- Sinzi Sparkscribe
UPDATE `creature_template` SET `femaleName`='', `HealthScalingExpansion`=9, `VerifiedBuild`=46801 WHERE `entry`=25212; -- Kite Sky Lightning Bunny
UPDATE `creature_template` SET `HealthScalingExpansion`=9, `VerifiedBuild`=46801 WHERE `entry`=2857; -- Thund
UPDATE `creature_template` SET `HealthScalingExpansion`=9, `VerifiedBuild`=46801 WHERE `entry` IN (49837, 62114); -- Spiny Lizard
UPDATE `creature_template` SET `HealthScalingExpansion`=9, `VerifiedBuild`=46801 WHERE `entry`=47663; -- Scout Obrok
UPDATE `creature_template` SET `HealthScalingExpansion`=9, `VerifiedBuild`=46801 WHERE `entry`=43239; -- Razgar
UPDATE `creature_template` SET `HealthScalingExpansion`=9, `VerifiedBuild`=46801 WHERE `entry`=54472; -- Vaultkeeper Jazra
UPDATE `creature_template` SET `HealthScalingExpansion`=9, `VerifiedBuild`=46801 WHERE `entry`=54473; -- Warpweaver Dushar
UPDATE `creature_template` SET `HealthScalingExpansion`=9, `VerifiedBuild`=46801 WHERE `entry`=38821; -- Dave's Industrial Light and Magic Bunny (Medium)(Sessile)
UPDATE `creature_template` SET `HealthScalingExpansion`=9, `VerifiedBuild`=46801 WHERE `entry` IN (61325, 3300); -- Adder
UPDATE `creature_template` SET `HealthScalingExpansion`=9, `VerifiedBuild`=46801 WHERE `entry`=3189; -- Kor'ghan
UPDATE `creature_template` SET `HealthScalingExpansion`=9, `VerifiedBuild`=46801 WHERE `entry`=14375; -- Scout Stronghand
UPDATE `creature_template` SET `HealthScalingExpansion`=9, `VerifiedBuild`=46801 WHERE `entry`=3216; -- Arnak Fireblade
UPDATE `creature_template` SET `HealthScalingExpansion`=9, `VerifiedBuild`=46801 WHERE `entry`=63626; -- Varzok
UPDATE `creature_template` SET `HealthScalingExpansion`=9, `VerifiedBuild`=46801 WHERE `entry`=43499; -- Consecration
UPDATE `creature_template` SET `HealthScalingExpansion`=9, `VerifiedBuild`=46801 WHERE `entry`=14451; -- Orphan Matron Battlewail
UPDATE `creature_template` SET `HealthScalingExpansion`=9, `VerifiedBuild`=46801 WHERE `entry`=180016; -- Spectral Feline
UPDATE `creature_template` SET `HealthScalingExpansion`=9, `VerifiedBuild`=46801 WHERE `entry`=3296; -- Orgrimmar Grunt
UPDATE `creature_template` SET `HealthScalingExpansion`=9, `VerifiedBuild`=46801 WHERE `entry`=72654; -- General Purpose Stalker (RKS)
UPDATE `creature_template` SET `HealthScalingExpansion`=9, `VerifiedBuild`=46801 WHERE `entry`=3310; -- Doras
UPDATE `creature_template` SET `HealthScalingExpansion`=9, `VerifiedBuild`=46801 WHERE `entry`=14498; -- Tosamina
UPDATE `creature_template` SET `HealthScalingExpansion`=9, `VerifiedBuild`=46801 WHERE `entry`=3313; -- Trak'gen
UPDATE `creature_template` SET `HealthScalingExpansion`=9, `VerifiedBuild`=46801 WHERE `entry`=14499; -- Horde Orphan
UPDATE `creature_template` SET `HealthScalingExpansion`=9, `VerifiedBuild`=46801 WHERE `entry`=14505; -- Dreadsteed
UPDATE `creature_template` SET `HealthScalingExpansion`=9, `VerifiedBuild`=46801 WHERE `entry`=3329; -- Kor'jus
UPDATE `creature_template` SET `HealthScalingExpansion`=9, `VerifiedBuild`=46801 WHERE `entry`=3330; -- Muragus
UPDATE `creature_template` SET `HealthScalingExpansion`=9, `VerifiedBuild`=46801 WHERE `entry`=3335; -- Hagrus
UPDATE `creature_template` SET `HealthScalingExpansion`=9, `VerifiedBuild`=46801 WHERE `entry`=3345; -- Godan
UPDATE `creature_template` SET `HealthScalingExpansion`=9, `VerifiedBuild`=46801 WHERE `entry`=3346; -- Kithas
UPDATE `creature_template` SET `HealthScalingExpansion`=9, `VerifiedBuild`=46801 WHERE `entry`=50323; -- Frizzo Villamar
UPDATE `creature_template` SET `HealthScalingExpansion`=9, `VerifiedBuild`=46801 WHERE `entry`=3348; -- Kor'geld
UPDATE `creature_template` SET `HealthScalingExpansion`=9, `VerifiedBuild`=46801 WHERE `entry`=3367; -- Felika
UPDATE `creature_template` SET `HealthScalingExpansion`=9, `VerifiedBuild`=46801 WHERE `entry`=3368; -- Borstan
UPDATE `creature_template` SET `HealthScalingExpansion`=9, `VerifiedBuild`=46801 WHERE `entry`=5606; -- Goma
UPDATE `creature_template` SET `HealthScalingExpansion`=9, `VerifiedBuild`=46801 WHERE `entry`=3369; -- Gotri
UPDATE `creature_template` SET `HealthScalingExpansion`=9, `VerifiedBuild`=46801 WHERE `entry`=3371; -- Tamaro
UPDATE `creature_template` SET `HealthScalingExpansion`=9, `VerifiedBuild`=46801 WHERE `entry`=5609; -- Zazo
UPDATE `creature_template` SET `HealthScalingExpansion`=9, `VerifiedBuild`=46801 WHERE `entry`=3372; -- Sarlek
UPDATE `creature_template` SET `HealthScalingExpansion`=9, `VerifiedBuild`=46801 WHERE `entry`=5610; -- Kozish
UPDATE `creature_template` SET `HealthScalingExpansion`=9, `VerifiedBuild`=46801 WHERE `entry`=5611; -- Barkeep Morag
UPDATE `creature_template` SET `HealthScalingExpansion`=9, `VerifiedBuild`=46801 WHERE `entry`=5613; -- Doyo'da
UPDATE `creature_template` SET `HealthScalingExpansion`=9, `VerifiedBuild`=46801 WHERE `entry`=5614; -- Sarok
UPDATE `creature_template` SET `HealthScalingExpansion`=9, `VerifiedBuild`=46801 WHERE `entry`=5639; -- Craven Drok
UPDATE `creature_template` SET `HealthScalingExpansion`=9, `VerifiedBuild`=46801 WHERE `entry`=189075; -- Seagull
UPDATE `creature_template` SET `HealthScalingExpansion`=9, `VerifiedBuild`=46801 WHERE `entry`=3412; -- Nogg
UPDATE `creature_template` SET `HealthScalingExpansion`=9, `VerifiedBuild`=46801 WHERE `entry`=3413; -- Sovik
UPDATE `creature_template` SET `HealthScalingExpansion`=9, `VerifiedBuild`=46801 WHERE `entry`=32520; -- Totally Generic Bunny (All Phase)
UPDATE `creature_template` SET `HealthScalingExpansion`=9, `VerifiedBuild`=46801 WHERE `entry`=21354; -- Fiery Warhorse
UPDATE `creature_template` SET `HealthScalingExpansion`=9, `VerifiedBuild`=46801 WHERE `entry`=50477; -- Champion Uru'zin
UPDATE `creature_template` SET `HealthScalingExpansion`=9, `VerifiedBuild`=46801 WHERE `entry`=50488; -- Stone Guard Nargol
UPDATE `creature_template` SET `HealthScalingExpansion`=9, `VerifiedBuild`=46801 WHERE `entry`=32641; -- Drix Blackwrench
UPDATE `creature_template` SET `HealthScalingExpansion`=9, `VerifiedBuild`=46801 WHERE `entry`=32642; -- Mojodishu
UPDATE `creature_template` SET `HealthScalingExpansion`=9, `VerifiedBuild`=46801 WHERE `entry`=5816; -- Katis
UPDATE `creature_template` SET `HealthScalingExpansion`=9, `VerifiedBuild`=46801 WHERE `entry`=5817; -- Shimra
UPDATE `creature_template` SET `HealthScalingExpansion`=9, `VerifiedBuild`=46801 WHERE `entry` IN (61751, 5951); -- Hare
UPDATE `creature_template` SET `HealthScalingExpansion`=9, `VerifiedBuild`=46801 WHERE `entry`=41621; -- Commander Thorak
UPDATE `creature_template` SET `HealthScalingExpansion`=9, `VerifiedBuild`=46801 WHERE `entry`=52809; -- Blax Bottlerocket
UPDATE `creature_template` SET `HealthScalingExpansion`=9, `VerifiedBuild`=46801 WHERE `entry`=5875; -- Mordak Darkfist
UPDATE `creature_template` SET `HealthScalingExpansion`=9, `VerifiedBuild`=46801 WHERE `entry`=1420; -- Toad
UPDATE `creature_template` SET `HealthScalingExpansion`=9, `VerifiedBuild`=46801 WHERE `entry`=5909; -- Cazul
UPDATE `creature_template` SET `HealthScalingExpansion`=9, `VerifiedBuild`=46801 WHERE `entry`=46181; -- Enchanter Farendin
UPDATE `creature_template` SET `HealthScalingExpansion`=9, `VerifiedBuild`=46801 WHERE `entry`=88701; -- Grunt Meena
UPDATE `creature_template` SET `HealthScalingExpansion`=9, `VerifiedBuild`=46801 WHERE `entry`=28302; -- Acherus Deathcharger
UPDATE `creature_template` SET `HealthScalingExpansion`=9, `VerifiedBuild`=46801 WHERE `entry`=88702; -- Grunt Nolo
UPDATE `creature_template` SET `HealthScalingExpansion`=9, `VerifiedBuild`=46801 WHERE `entry`=14881; -- Spider
UPDATE `creature_template` SET `HealthScalingExpansion`=9, `VerifiedBuild`=46801 WHERE `entry`=88703; -- Grunt Arhung
UPDATE `creature_template` SET `HealthScalingExpansion`=9, `VerifiedBuild`=46801 WHERE `entry`=88704; -- Gran'dul
UPDATE `creature_template` SET `HealthScalingExpansion`=9, `VerifiedBuild`=46801 WHERE `entry`=88705; -- Kranosh
UPDATE `creature_template` SET `HealthScalingExpansion`=9, `VerifiedBuild`=46801 WHERE `entry`=88706; -- Murgul
UPDATE `creature_template` SET `HealthScalingExpansion`=9, `VerifiedBuild`=46801 WHERE `entry`=26125; -- Risen Ghoul
UPDATE `creature_template` SET `HealthScalingExpansion`=9, `VerifiedBuild`=46801 WHERE `entry`=176012; -- Ric Catstalker
UPDATE `creature_template` SET `HealthScalingExpansion`=9, `VerifiedBuild`=46801 WHERE `entry`=176094; -- Max Catstalker
UPDATE `creature_template` SET `HealthScalingExpansion`=9, `VerifiedBuild`=46801 WHERE `entry`=176095; -- Luke Catstalker
UPDATE `creature_template` SET `HealthScalingExpansion`=9, `VerifiedBuild`=46801 WHERE `entry`=198497; -- Nathenaseth
UPDATE `creature_template` SET `HealthScalingExpansion`=9, `VerifiedBuild`=46801 WHERE `entry`=198538; -- Krozuthar
UPDATE `creature_template` SET `HealthScalingExpansion`=9, `VerifiedBuild`=46801 WHERE `entry`=198540; -- Tharalash
UPDATE `creature_template` SET `HealthScalingExpansion`=9, `VerifiedBuild`=46801 WHERE `entry`=198541; -- Zurenoth
UPDATE `creature_template` SET `HealthScalingExpansion`=9, `VerifiedBuild`=46801 WHERE `entry`=198542; -- Destia
UPDATE `creature_template` SET `HealthScalingExpansion`=9, `VerifiedBuild`=46801 WHERE `entry`=198553; -- Razmu
UPDATE `creature_template` SET `HealthScalingExpansion`=9, `VerifiedBuild`=46801 WHERE `entry`=160526; -- Neri Sharpfin
UPDATE `creature_template` SET `HealthScalingExpansion`=9, `VerifiedBuild`=46801 WHERE `entry`=160527; -- Mak
UPDATE `creature_template` SET `HealthScalingExpansion`=9, `VerifiedBuild`=46801 WHERE `entry`=198557; -- Kalcifer
UPDATE `creature_template` SET `HealthScalingExpansion`=9, `VerifiedBuild`=46801 WHERE `entry`=160528; -- Poen Gillbrack
UPDATE `creature_template` SET `HealthScalingExpansion`=9, `VerifiedBuild`=46801 WHERE `entry`=160529; -- Vim Brineheart
UPDATE `creature_template` SET `HealthScalingExpansion`=9, `VerifiedBuild`=46801 WHERE `entry`=160530; -- Friend Pronk
UPDATE `creature_template` SET `HealthScalingExpansion`=9, `VerifiedBuild`=46801 WHERE `entry`=62116; -- Creepy Crawly
UPDATE `creature_template` SET `HealthScalingExpansion`=9, `VerifiedBuild`=46801 WHERE `entry`=62194; -- Ukos Bloodwhisper
UPDATE `creature_template` SET `HealthScalingExpansion`=9, `VerifiedBuild`=46801 WHERE `entry`=62198; -- Omakka Wolfbrother
UPDATE `creature_template` SET `HealthScalingExpansion`=9, `VerifiedBuild`=46801 WHERE `entry`=62199; -- Gogu
UPDATE `creature_template` SET `HealthScalingExpansion`=9, `VerifiedBuild`=46801 WHERE `entry`=62200; -- Sasi
UPDATE `creature_template` SET `HealthScalingExpansion`=9, `VerifiedBuild`=46801 WHERE `entry`=44338; -- White Chicken
UPDATE `creature_template` SET `HealthScalingExpansion`=9, `VerifiedBuild`=46801 WHERE `entry`=4075; -- Rat
UPDATE `creature_template` SET `HealthScalingExpansion`=9, `VerifiedBuild`=46801 WHERE `entry`=1860; -- Voidwalker
UPDATE `creature_template` SET `HealthScalingExpansion`=9, `VerifiedBuild`=46801 WHERE `entry`=68979; -- Voidbinder Zorlan
UPDATE `creature_template` SET `HealthScalingExpansion`=9, `VerifiedBuild`=46801 WHERE `entry`=149522; -- Orgrimmar Peon
UPDATE `creature_template` SET `HealthScalingExpansion`=9, `VerifiedBuild`=46801 WHERE `entry`=8659; -- Jes'rimon
UPDATE `creature_template` SET `HealthScalingExpansion`=9, `VerifiedBuild`=46801 WHERE `entry`=46708; -- Suja
UPDATE `creature_template` SET `HealthScalingExpansion`=9, `VerifiedBuild`=46801 WHERE `entry`=46709; -- Arugi
UPDATE `creature_template` SET `HealthScalingExpansion`=9, `VerifiedBuild`=46801 WHERE `entry`=46716; -- Nerog
UPDATE `creature_template` SET `HealthScalingExpansion`=9, `VerifiedBuild`=46801 WHERE `entry`=46718; -- Moraka
UPDATE `creature_template` SET `HealthScalingExpansion`=9, `VerifiedBuild`=46801 WHERE `entry`=6466; -- Gamon
UPDATE `creature_template` SET `HealthScalingExpansion`=9, `VerifiedBuild`=46801 WHERE `entry`=46741; -- Muraga
UPDATE `creature_template` SET `HealthScalingExpansion`=9, `VerifiedBuild`=46801 WHERE `entry`=46742; -- Brunda
UPDATE `creature_template` SET `HealthScalingExpansion`=9, `VerifiedBuild`=46801 WHERE `entry`=46754; -- Goblin Trike
UPDATE `creature_template` SET `HealthScalingExpansion`=9, `VerifiedBuild`=46801 WHERE `entry`=158637; -- Guiding Orb
UPDATE `creature_template` SET `HealthScalingExpansion`=9, `VerifiedBuild`=46801 WHERE `entry`=15476; -- Scorpid
UPDATE `creature_template` SET `HealthScalingExpansion`=9, `VerifiedBuild`=46801 WHERE `entry`=11017; -- Roxxik
UPDATE `creature_template` SET `HealthScalingExpansion`=9, `VerifiedBuild`=46801 WHERE `entry`=28960; -- Totally Generic Bunny (JSB)
UPDATE `creature_template` SET `HealthScalingExpansion`=9, `VerifiedBuild`=46801 WHERE `entry`=11066; -- Jhag
UPDATE `creature_template` SET `HealthScalingExpansion`=9, `VerifiedBuild`=46801 WHERE `entry`=51346; -- Orgrimmar Wind Rider
UPDATE `creature_template` SET `HealthScalingExpansion`=9, `VerifiedBuild`=46801 WHERE `entry`=20029; -- Thalassian Warhorse
UPDATE `creature_template` SET `HealthScalingExpansion`=9, `VerifiedBuild`=46801 WHERE `entry`=20030; -- Thalassian Charger
UPDATE `creature_template` SET `HealthScalingExpansion`=9, `VerifiedBuild`=46801 WHERE `entry`=73780; -- Prideful Gladiator's Cloud Serpent
UPDATE `creature_template` SET `HealthScalingExpansion`=9, `VerifiedBuild`=46801 WHERE `entry`=44723; -- Nahu Ragehoof
UPDATE `creature_template` SET `HealthScalingExpansion`=9, `VerifiedBuild`=46801 WHERE `entry`=44725; -- Sunwalker Atohmo
UPDATE `creature_template` SET `HealthScalingExpansion`=9, `VerifiedBuild`=46801 WHERE `entry`=44726; -- Shalla Whiteleaf
UPDATE `creature_template` SET `HealthScalingExpansion`=9, `VerifiedBuild`=46801 WHERE `entry`=44735; -- Seer Liwatha

DELETE FROM `creature_template_model` WHERE (`Idx`=0 AND `CreatureID` IN (191879,190013,190171,191886,188667,186829,186823,198619,194820,191904,190080,188372,195915,186833,188666,187406,186836,186825,195917,192181,191768,192182,186834,191817,191625,190211,194525,190155,194517,199439,191797,188698,190151,188699,191792,191975,191917,192054,191677,191517,192136,191983,190093,188297,191945,191944,190771,186697,193925,193926,194772,186767,191678,194941,193923,190563,192341,186727,186683,192135,186724,191899,191898,191902,190564,186682,186573,186777,188299,187043,186728,191901,197869,186570,194804,192134,194222,191611,191513,197260,195678,194693,191136,191509,192138,186800,191672,191819,195672,194774,186640,186792,180705,186965,191798,191647,191903,191645,191446,191628,191629,190766,191637,186687,190767,189064,184853,190600,187439,187432,187414,188205,187543,187410,187431,187433,188860,188859,189984,187883,187882,189983,189757,190193,187542,190133,187971,187263,187320,189737,190249,193217,189992,188266,189756,187493,187468,180673,187462,189703,189619,189688,189659,187494,189613,192095,186410,187620,195309,191639,195853,191620,191618,189122,191616,191624,191615,190301,186576,191812,194231,187467,186684,192059,188296,191833,194129,191475,190144,189307,195037,195032,186593,191809,186577,187442,186584,195303,191721,198618,194972,186582,194235,195174,193023,199414,191818,191554,191553,194127,194126,193372,193371,193366,193365,193363,195577,193876,191830,194526,193001,191807,188267,186428,192266,193671,187322,193759,192137,189801,193758,189798,193712,193000,193026,192274,187321,187326,193024,198392,198095,198094,198380,192227,191946,193915,193914,192490,192438,193928,193393,192210,194238,192558,192407,192207,192048,190577,190571,187261,187257,193838,192565,192563,192055,198846,198398,193913,190535,189061,189058,185774,185773,184450,184449,198848,193858,189063,189062,189060,189059,192549,187194,193707,187251,194236,187252,184452,184451,197285,187135,193362,187125,187121,187253,193917,198622,194695,189093,192103,187151,184867,189094,197503,187254,187111,184851,198608,194982,187255,187157,192104,190565,188028,187123,195241,194681,184855,187236,187235,187234,187229,184870,187143,187120,193806,195597,195502,195242,195260,184862,187403,193811,188057,184859,184845,184844,184842,184841,184856,195884,191148,190524,193816,192153,192143,192142,188027,190526,191060,190532,190516,187062,184861,195639,187061,192149,192132,187140,192148,184857,196954,198299,190587,190056,184869,192151,195796,195795,189351,189350,189347,189346,194576,194116,194065,189609,194582,194581,194569,194563,194050,194583,194561,194361,194073,198367,198368,194056,194055,194577,194115,198750,184286,184807,198096,189333)) OR (`Idx`=2 AND `CreatureID` IN (186829,186823,186833,186825,192181,191768,191817,191625,194517,191792,191677,191945,190771,186697,194772,186767,191678,192341,186727,186683,192135,186724,191899,191898,191902,186682,186728,194804,192134,194222,195678,191136,186800,191819,195672,194774,186640,186792,191647,191903,191645,191446,191628,191629,190766,190767,189983,189757,190193,190133,189737,190249,189992,188266,189756,187468,187462,189703,189619,189688,189659,189613,192095,191639,195853,189122,191616,191624,191615,190301,186576,191812,187467,192059,188296,191833,190144,189307,195037,195032,186593,191809,186577,195303,191721,186582,199414,191554,191553,193372,193371,191946,194238,192407,187194,194236,187125,187121,189093,192103,184851,195241,187120,193806,195502,193811,193816,192153,192143,192142,195639,192149,192132,192148,190587,190056,184869,192151,195796,195795,194115,198750)) OR (`Idx`=1 AND `CreatureID` IN (186829,186823,198619,194820,191904,190080,188372,186833,186825,192181,191768,192182,191817,191625,194517,191797,191792,192054,191677,191945,191944,190771,186697,194772,186767,191678,192341,186727,186683,192135,186724,191899,191898,191902,186682,186728,194804,192134,194222,195678,194693,191136,186800,191672,191819,195672,194774,186640,186792,191647,191903,191645,191446,191628,191629,190766,186687,190767,187410,189983,189757,190193,187542,190133,189737,190249,189992,188266,189756,187493,187468,187462,189703,189619,189688,189659,189613,192095,191639,195853,189122,191616,191624,191615,190301,186576,191812,187467,192059,188296,191833,190144,189307,195037,195032,186593,191809,186577,195303,191721,198618,194972,186582,195174,199414,191554,191553,193372,193371,193001,192137,189801,193000,191946,194238,192407,187194,194236,187135,187125,187121,198622,194695,189093,192103,197503,184851,198608,194982,187123,195241,184855,187120,193806,195502,193811,184856,195884,193816,192153,192143,192142,187062,195639,187061,192149,192132,192148,190587,190056,184869,192151,195796,195795,198367,198368,194115,198750,184807,198096)) OR (`Idx`=7 AND `CreatureID` IN (186823,186825,192181,191817,191792,190771,186697,192341,186727,186724,191899,191898,191902,194804,194222,195678,191136,186800,195672,186792,191647,191645,191446,190766,190767,190193,190133,186576,188296,195037,195032,186593,186577,191721,186582,194238,187194,194236,195241,193806,193811,193816,195639,190056,184869,195796,194115)) OR (`Idx`=6 AND `CreatureID` IN (186823,186825,192181,191817,191792,190771,186697,192341,186727,186724,191899,191898,191902,194804,194222,195678,191136,186800,195672,186792,191647,191645,191446,190766,190767,190193,190133,186576,188296,195037,195032,186593,186577,191721,186582,194238,187194,194236,195241,193806,193811,193816,192153,195639,190056,184869,195796,194115)) OR (`Idx`=5 AND `CreatureID` IN (186823,186825,192181,191817,191792,190771,186697,191678,192341,186727,186724,191899,191898,191902,186728,194804,192134,194222,195678,191136,186800,191819,195672,186792,191647,191903,191645,191446,190766,190767,190193,190133,186576,188296,195037,195032,186593,191809,186577,191721,186582,194238,187194,194236,195241,193806,193811,193816,192153,195639,190056,184869,195796,194115)) OR (`Idx`=4 AND `CreatureID` IN (186823,186825,192181,191817,191792,191945,190771,186697,191678,192341,186727,186724,191899,191898,191902,186728,194804,192134,194222,195678,191136,186800,191819,195672,186792,191647,191903,191645,191446,190766,190767,190193,190133,189737,189992,188266,187468,189703,189619,189659,191616,191615,186576,188296,189307,195037,195032,186593,191809,186577,191721,186582,191946,194238,192407,187194,194236,195241,193806,193811,193816,192153,195639,192132,190056,184869,192151,195796,194115)) OR (`Idx`=3 AND `CreatureID` IN (186823,186825,192181,191817,191625,194517,191792,191945,190771,186697,191678,192341,186727,186683,186724,191899,191898,191902,186682,186728,194804,192134,194222,195678,191136,186800,191819,195672,186792,191647,191903,191645,191446,190766,190767,190193,190133,189737,189992,188266,187468,189703,189619,189688,189659,195853,191616,191615,186576,188296,191833,190144,189307,195037,195032,186593,191809,186577,195303,191721,186582,191946,194238,192407,187194,194236,187125,187121,195241,187120,193806,193811,193816,192153,192143,192142,195639,192149,192132,190587,190056,184869,192151,195796,195795,194115,198750)) OR (`Idx`=11 AND `CreatureID` IN (186825,191792,190133)) OR (`Idx`=10 AND `CreatureID` IN (186825,191792,190133)) OR (`Idx`=9 AND `CreatureID` IN (186825,192181,191792,191647,191645,190133,187194,195241,193806,193811,193816,195639,190056,184869,195796)) OR (`Idx`=8 AND `CreatureID` IN (186825,192181,191817,191792,191647,191645,190133,187194,195241,193806,193811,193816,195639,190056,184869,195796)) OR (`Idx`=13 AND `CreatureID` IN (191792,190133)) OR (`Idx`=12 AND `CreatureID` IN (191792,190133));
INSERT INTO `creature_template_model` (`CreatureID`, `Idx`, `CreatureDisplayID`, `DisplayScale`, `Probability`, `VerifiedBuild`) VALUES
(191879, 0, 110924, 1, 1, 46801), -- Sendrax
(190013, 0, 108782, 1, 1, 46801), -- Ruby Dragon Egg
(190171, 0, 107674, 1, 1, 46801), -- Ruby Egg Guardian
(191886, 0, 107804, 1, 1, 46801), -- Primalist Lava Conduit
(188667, 0, 102518, 1, 1, 46801), -- Swelling Fire Elemental
(186829, 2, 104027, 1, 1, 46801), -- Spiteful Slug
(186829, 1, 104028, 1, 1, 46801), -- Spiteful Slug
(186829, 0, 104029, 1, 1, 46801), -- Spiteful Slug
(186823, 7, 102893, 1, 1, 46801), -- Lavacaller Primalist
(186823, 6, 102892, 1, 1, 46801), -- Lavacaller Primalist
(186823, 5, 102891, 1, 1, 46801), -- Lavacaller Primalist
(186823, 4, 102890, 1, 1, 46801), -- Lavacaller Primalist
(186823, 3, 102889, 1, 1, 46801), -- Lavacaller Primalist
(186823, 2, 102888, 1, 1, 46801), -- Lavacaller Primalist
(186823, 1, 102887, 1, 1, 46801), -- Lavacaller Primalist
(186823, 0, 102886, 1, 1, 46801), -- Lavacaller Primalist
(198619, 1, 23767, 1, 1, 46801), -- Tracker Dragon Glyph
(198619, 0, 21955, 1, 0, 46801), -- Tracker Dragon Glyph
(194820, 1, 23767, 1, 1, 46801), -- Dragon Glyph
(194820, 0, 21955, 1, 0, 46801), -- Dragon Glyph
(191904, 1, 105247, 1, 1, 46801), -- Ruby Dragon Eggs
(191904, 0, 101845, 1, 0, 46801), -- Ruby Dragon Eggs
(190080, 1, 109447, 1, 1, 46801), -- Tarasek Elementalist
(190080, 0, 109446, 1, 1, 46801), -- Tarasek Elementalist
(188372, 1, 107679, 1, 1, 46801), -- Primal Tarasek
(188372, 0, 107678, 1, 1, 46801), -- Primal Tarasek
(195915, 0, 109030, 1, 1, 46801), -- Firava the Rekindler
(186833, 2, 104033, 1, 1, 46801), -- Spiteful Snail
(186833, 1, 104034, 1, 1, 46801), -- Spiteful Snail
(186833, 0, 104035, 1, 1, 46801), -- Spiteful Snail
(188666, 0, 102503, 1, 1, 46801), -- Unleashed Lavaburst
(187406, 0, 110924, 1, 1, 46801), -- Sendrax
(186836, 0, 102449, 1, 1, 46801), -- Lava Burster
(186825, 11, 107050, 1, 1, 46801), -- Molten Primalist
(186825, 10, 107049, 1, 1, 46801), -- Molten Primalist
(186825, 9, 102972, 1, 1, 46801), -- Molten Primalist
(186825, 8, 102971, 1, 1, 46801), -- Molten Primalist
(186825, 7, 102970, 1, 1, 46801), -- Molten Primalist
(186825, 6, 102969, 1, 1, 46801), -- Molten Primalist
(186825, 5, 102968, 1, 1, 46801), -- Molten Primalist
(186825, 4, 102967, 1, 1, 46801), -- Molten Primalist
(186825, 3, 102966, 1, 1, 46801), -- Molten Primalist
(186825, 2, 102965, 1, 1, 46801), -- Molten Primalist
(186825, 1, 102964, 1, 1, 46801), -- Molten Primalist
(186825, 0, 102963, 1, 1, 46801), -- Molten Primalist
(195917, 0, 109032, 1, 1, 46801), -- Primal Revenant
(192181, 9, 105449, 1, 1, 46801), -- Wild Rockfang
(192181, 8, 105448, 1, 1, 46801), -- Wild Rockfang
(192181, 7, 105447, 1, 1, 46801), -- Wild Rockfang
(192181, 6, 105446, 1, 1, 46801), -- Wild Rockfang
(192181, 5, 105445, 1, 1, 46801), -- Wild Rockfang
(192181, 4, 105444, 1, 1, 46801), -- Wild Rockfang
(192181, 3, 105443, 1, 1, 46801), -- Wild Rockfang
(192181, 2, 105442, 1, 1, 46801), -- Wild Rockfang
(192181, 1, 105441, 1, 1, 46801), -- Wild Rockfang
(192181, 0, 105440, 1, 1, 46801), -- Wild Rockfang
(191768, 2, 108822, 1, 0, 46801), -- Majordomo Selistra
(191768, 1, 107040, 1, 0, 46801), -- Majordomo Selistra
(191768, 0, 108032, 1, 1, 46801), -- Majordomo Selistra
(192182, 1, 105450, 1, 1, 46801), -- Rockfang Hunter
(192182, 0, 100231, 1, 1, 46801), -- Rockfang Hunter
(186834, 0, 103564, 1, 1, 46801), -- Stubborn Hornswog
(191817, 8, 104515, 1, 1, 46801), -- Shores Snake
(191817, 7, 104516, 1, 1, 46801), -- Shores Snake
(191817, 6, 104517, 1, 1, 46801), -- Shores Snake
(191817, 5, 104518, 1, 1, 46801), -- Shores Snake
(191817, 4, 104519, 1, 1, 46801), -- Shores Snake
(191817, 3, 104520, 1, 1, 46801), -- Shores Snake
(191817, 2, 104521, 1, 1, 46801), -- Shores Snake
(191817, 1, 104522, 1, 1, 46801), -- Shores Snake
(191817, 0, 104523, 1, 1, 46801), -- Shores Snake
(191625, 3, 106708, 1, 1, 46801), -- Vorquin Foal
(191625, 2, 106707, 1, 1, 46801), -- Vorquin Foal
(191625, 1, 106706, 1, 1, 46801), -- Vorquin Foal
(191625, 0, 106705, 1, 1, 46801), -- Vorquin Foal
(190211, 0, 16946, 1, 1, 46801), -- Egg Returned to Safety Kill Credit [DNT]
(194525, 0, 102647, 1, 1, 46801), -- Apprentice Caretaker Zefren
(190155, 0, 102700, 1, 1, 46801), -- Caretaker Azkra
(194517, 3, 102586, 1, 1, 46801), -- Crushing Elemental
(194517, 2, 102585, 1, 1, 46801), -- Crushing Elemental
(194517, 1, 102584, 1, 1, 46801), -- Crushing Elemental
(194517, 0, 102583, 1, 1, 46801), -- Crushing Elemental
(199439, 0, 91096, 0.150000005960464477, 1, 46801), -- Flopping Tilapia
(191797, 1, 104536, 1, 1, 46801), -- Steam Drip
(191797, 0, 104537, 1, 1, 46801), -- Steam Drip
(188698, 0, 104580, 0.5, 1, 46801), -- Dreadsquall Feaster
(190151, 0, 102730, 1, 1, 46801), -- Ruby Culler
(188699, 0, 102500, 1, 1, 46801), -- Carrion Phoenix
(191792, 13, 103833, 1, 1, 46801), -- Frog
(191792, 12, 80919, 1, 1, 46801), -- Frog
(191792, 11, 22468, 1, 1, 46801), -- Frog
(191792, 10, 82113, 1, 1, 46801), -- Frog
(191792, 9, 103832, 1, 1, 46801), -- Frog
(191792, 8, 78847, 1, 1, 46801), -- Frog
(191792, 7, 78846, 1, 1, 46801), -- Frog
(191792, 6, 14932, 1, 1, 46801), -- Frog
(191792, 5, 78835, 1, 1, 46801), -- Frog
(191792, 4, 22469, 1, 1, 46801), -- Frog
(191792, 3, 78834, 1, 1, 46801), -- Frog
(191792, 2, 5379, 1, 1, 46801), -- Frog
(191792, 1, 28501, 1, 1, 46801), -- Frog
(191792, 0, 78833, 1, 1, 46801), -- Frog
(191975, 0, 107691, 1.5, 1, 46801), -- Rocan the Mountain
(191917, 0, 102517, 1, 1, 46801), -- Erupting Magma
(192054, 1, 102510, 1, 1, 46801), -- Bottled Water Elemental
(192054, 0, 102509, 1, 1, 46801), -- Bottled Water Elemental
(191677, 2, 102594, 1, 1, 46801), -- Magmammoth Calf
(191677, 1, 102593, 1, 1, 46801), -- Magmammoth Calf
(191677, 0, 102592, 1, 1, 46801), -- Magmammoth Calf
(191517, 0, 104039, 1, 1, 46801), -- Erupting Droplet
(192136, 0, 104525, 1, 1, 46801), -- Flame Flick
(191983, 0, 104039, 1, 1, 46801), -- Erupting Droplet
(190093, 0, 108677, 1, 1, 46801), -- Ruby Culler
(188297, 0, 107528, 1, 1, 46801), -- Caretaker Ventraz
(191945, 4, 106521, 1, 1, 46801), -- Cracked Elemental
(191945, 3, 106522, 1, 1, 46801), -- Cracked Elemental
(191945, 2, 106523, 1, 1, 46801), -- Cracked Elemental
(191945, 1, 106524, 1, 1, 46801), -- Cracked Elemental
(191945, 0, 106525, 1, 1, 46801), -- Cracked Elemental
(191944, 1, 102505, 1, 1, 46801), -- Erupting Lasher
(191944, 0, 102503, 1, 1, 46801), -- Erupting Lasher
(190771, 7, 102730, 1, 1, 46801), -- Injured Ruby Culler
(190771, 6, 102731, 1, 1, 46801), -- Injured Ruby Culler
(190771, 5, 102732, 1, 1, 46801), -- Injured Ruby Culler
(190771, 4, 102733, 1, 1, 46801), -- Injured Ruby Culler
(190771, 3, 102738, 1, 1, 46801), -- Injured Ruby Culler
(190771, 2, 102739, 1, 1, 46801), -- Injured Ruby Culler
(190771, 1, 102740, 1, 1, 46801), -- Injured Ruby Culler
(190771, 0, 102741, 1, 1, 46801), -- Injured Ruby Culler
(186697, 7, 102730, 1, 1, 46801), -- Ruby Culler
(186697, 6, 102731, 1, 1, 46801), -- Ruby Culler
(186697, 5, 102732, 1, 1, 46801), -- Ruby Culler
(186697, 4, 102733, 1, 1, 46801), -- Ruby Culler
(186697, 3, 102738, 1, 1, 46801), -- Ruby Culler
(186697, 2, 102739, 1, 1, 46801), -- Ruby Culler
(186697, 1, 102740, 1, 1, 46801), -- Ruby Culler
(186697, 0, 102741, 1, 1, 46801), -- Ruby Culler
(193925, 0, 103583, 1, 1, 46801), -- Obsidian Swoglet
(193926, 0, 103584, 1, 1, 46801), -- Elder Obsidian Hornswog
(194772, 2, 107055, 1, 0, 46801), -- Wrathion
(194772, 1, 107945, 1, 1, 46801), -- Wrathion
(194772, 0, 107146, 1, 0, 46801), -- Wrathion
(186767, 2, 108822, 1, 0, 46801), -- Majordomo Selistra
(186767, 1, 108032, 1, 0, 46801), -- Majordomo Selistra
(186767, 0, 107040, 1, 1, 46801), -- Majordomo Selistra
(191678, 5, 102600, 1, 1, 46801), -- Magmammoth Crusher
(191678, 4, 102597, 1, 1, 46801), -- Magmammoth Crusher
(191678, 3, 102599, 1, 1, 46801), -- Magmammoth Crusher
(191678, 2, 102596, 1, 1, 46801), -- Magmammoth Crusher
(191678, 1, 102601, 1, 1, 46801), -- Magmammoth Crusher
(191678, 0, 102598, 1, 1, 46801), -- Magmammoth Crusher
(194941, 0, 108717, 1, 1, 46801), -- Sotok's Cache
(193923, 0, 103564, 1, 1, 46801), -- Mature Obsidian Hornswog
(190563, 0, 51337, 1, 1, 46801), -- Left
(192341, 7, 101807, 1, 1, 46801), -- Qalashi Drakeflayer
(192341, 6, 101806, 1, 1, 46801), -- Qalashi Drakeflayer
(192341, 5, 101805, 1, 1, 46801), -- Qalashi Drakeflayer
(192341, 4, 101804, 1, 1, 46801), -- Qalashi Drakeflayer
(192341, 3, 101811, 1, 1, 46801), -- Qalashi Drakeflayer
(192341, 2, 101810, 1, 1, 46801), -- Qalashi Drakeflayer
(192341, 1, 101809, 1, 1, 46801), -- Qalashi Drakeflayer
(192341, 0, 101808, 1, 1, 46801), -- Qalashi Drakeflayer
(186727, 7, 102461, 1, 1, 46801), -- Qalashi Rampager
(186727, 6, 102462, 1, 1, 46801), -- Qalashi Rampager
(186727, 5, 102464, 1, 1, 46801), -- Qalashi Rampager
(186727, 4, 102465, 1, 1, 46801), -- Qalashi Rampager
(186727, 3, 102495, 1, 1, 46801), -- Qalashi Rampager
(186727, 2, 102496, 1, 1, 46801), -- Qalashi Rampager
(186727, 1, 102497, 1, 1, 46801), -- Qalashi Rampager
(186727, 0, 102498, 1, 1, 46801), -- Qalashi Rampager
(186683, 3, 102590, 1, 1, 46801), -- Restless Rocks
(186683, 2, 102589, 1, 1, 46801), -- Restless Rocks
(186683, 1, 102588, 1, 1, 46801), -- Restless Rocks
(186683, 0, 102587, 1, 1, 46801), -- Restless Rocks
(192135, 2, 104511, 1, 1, 46801), -- Phoenix Hatchling
(192135, 1, 104512, 1, 1, 46801), -- Phoenix Hatchling
(192135, 0, 104513, 1, 1, 46801), -- Phoenix Hatchling
(186724, 7, 102475, 1, 1, 46801), -- Qalashi Flamemaster
(186724, 6, 102476, 1, 1, 46801), -- Qalashi Flamemaster
(186724, 5, 102477, 1, 1, 46801), -- Qalashi Flamemaster
(186724, 4, 102011, 1, 1, 46801), -- Qalashi Flamemaster
(186724, 3, 102491, 1, 1, 46801), -- Qalashi Flamemaster
(186724, 2, 102492, 1, 1, 46801), -- Qalashi Flamemaster
(186724, 1, 102493, 1, 1, 46801), -- Qalashi Flamemaster
(186724, 0, 102494, 1, 1, 46801), -- Qalashi Flamemaster
(191899, 7, 101807, 1, 1, 46801), -- Qalashi Marauder
(191899, 6, 101806, 1, 1, 46801), -- Qalashi Marauder
(191899, 5, 101805, 1, 1, 46801), -- Qalashi Marauder
(191899, 4, 101804, 1, 1, 46801), -- Qalashi Marauder
(191899, 3, 101811, 1, 1, 46801), -- Qalashi Marauder
(191899, 2, 101810, 1, 1, 46801), -- Qalashi Marauder
(191899, 1, 101809, 1, 1, 46801), -- Qalashi Marauder
(191899, 0, 101808, 1, 1, 46801), -- Qalashi Marauder
(191898, 7, 101807, 1, 1, 46801), -- Qalashi Ragetamer
(191898, 6, 101806, 1, 1, 46801), -- Qalashi Ragetamer
(191898, 5, 101805, 1, 1, 46801), -- Qalashi Ragetamer
(191898, 4, 101804, 1, 1, 46801), -- Qalashi Ragetamer
(191898, 3, 101811, 1, 1, 46801), -- Qalashi Ragetamer
(191898, 2, 101810, 1, 1, 46801), -- Qalashi Ragetamer
(191898, 1, 101809, 1, 1, 46801), -- Qalashi Ragetamer
(191898, 0, 101808, 1, 1, 46801), -- Qalashi Ragetamer
(191902, 7, 101829, 1, 1, 46801), -- Qalashi Magmatamer
(191902, 6, 101828, 1, 1, 46801), -- Qalashi Magmatamer
(191902, 5, 101827, 1, 1, 46801), -- Qalashi Magmatamer
(191902, 4, 101826, 1, 1, 46801), -- Qalashi Magmatamer
(191902, 3, 101833, 1, 1, 46801), -- Qalashi Magmatamer
(191902, 2, 101832, 1, 1, 46801), -- Qalashi Magmatamer
(191902, 1, 101831, 1, 1, 46801), -- Qalashi Magmatamer
(191902, 0, 101830, 1, 1, 46801), -- Qalashi Magmatamer
(190564, 0, 51336, 1, 1, 46801), -- Right
(186682, 3, 102586, 1, 1, 46801), -- Raging Tremors
(186682, 2, 102585, 1, 1, 46801), -- Raging Tremors
(186682, 1, 102584, 1, 1, 46801), -- Raging Tremors
(186682, 0, 102583, 1, 1, 46801), -- Raging Tremors
(186573, 0, 104685, 1, 1, 46801), -- Restless Lava
(186777, 0, 102482, 1, 1, 46801), -- Meatgrinder Sotok
(188299, 0, 102390, 1, 1, 46801), -- Talonstalker Kavia
(187043, 0, 106053, 1, 1, 46801), -- Hardened Lava
(186728, 5, 102606, 1, 1, 46801), -- Magmammoth Bull
(186728, 4, 102603, 1, 1, 46801), -- Magmammoth Bull
(186728, 3, 102605, 1, 1, 46801), -- Magmammoth Bull
(186728, 2, 102602, 1, 1, 46801), -- Magmammoth Bull
(186728, 1, 102607, 1, 1, 46801), -- Magmammoth Bull
(186728, 0, 102604, 1, 1, 46801), -- Magmammoth Bull
(191901, 0, 104578, 0.60000002384185791, 1, 46801), -- Blazing Dreadsquall
(197869, 0, 109756, 1, 1, 46801), -- Shattered Orb
(186570, 0, 58875, 1, 1, 46801), -- Lava Elemental
(194804, 7, 102461, 1, 1, 46801), -- Qalashi Rampager
(194804, 6, 102462, 1, 1, 46801), -- Qalashi Rampager
(194804, 5, 102464, 1, 1, 46801), -- Qalashi Rampager
(194804, 4, 102465, 1, 1, 46801), -- Qalashi Rampager
(194804, 3, 102495, 1, 1, 46801), -- Qalashi Rampager
(194804, 2, 102496, 1, 1, 46801), -- Qalashi Rampager
(194804, 1, 102497, 1, 1, 46801), -- Qalashi Rampager
(194804, 0, 102498, 1, 1, 46801), -- Qalashi Rampager
(192134, 5, 104025, 1, 1, 46801), -- Lava Snail
(192134, 4, 104026, 1, 1, 46801), -- Lava Snail
(192134, 3, 104023, 1, 1, 46801), -- Lava Snail
(192134, 2, 104024, 1, 1, 46801), -- Lava Snail
(192134, 1, 104021, 1, 1, 46801), -- Lava Snail
(192134, 0, 104022, 1, 1, 46801), -- Lava Snail
(194222, 7, 102475, 1, 1, 46801), -- Qalashi Flamemuzzler
(194222, 6, 102476, 1, 1, 46801), -- Qalashi Flamemuzzler
(194222, 5, 102477, 1, 1, 46801), -- Qalashi Flamemuzzler
(194222, 4, 102011, 1, 1, 46801), -- Qalashi Flamemuzzler
(194222, 3, 102491, 1, 1, 46801), -- Qalashi Flamemuzzler
(194222, 2, 102492, 1, 1, 46801), -- Qalashi Flamemuzzler
(194222, 1, 102493, 1, 1, 46801), -- Qalashi Flamemuzzler
(194222, 0, 102494, 1, 1, 46801), -- Qalashi Flamemuzzler
(191611, 0, 107559, 1, 1, 46801); -- Dragonhunter Igordan

INSERT INTO `creature_template_model` (`CreatureID`, `Idx`, `CreatureDisplayID`, `DisplayScale`, `Probability`, `VerifiedBuild`) VALUES
(191513, 0, 104572, 0.5, 1, 46801), -- Captured Raven
(197260, 0, 101827, 1, 1, 46801), -- Flameshaper Lorak
(195678, 7, 101807, 1, 1, 46801), -- Qalashi Marauder
(195678, 6, 101806, 1, 1, 46801), -- Qalashi Marauder
(195678, 5, 101805, 1, 1, 46801), -- Qalashi Marauder
(195678, 4, 101804, 1, 1, 46801), -- Qalashi Marauder
(195678, 3, 101811, 1, 1, 46801), -- Qalashi Marauder
(195678, 2, 101810, 1, 1, 46801), -- Qalashi Marauder
(195678, 1, 101809, 1, 1, 46801), -- Qalashi Marauder
(195678, 0, 101808, 1, 1, 46801), -- Qalashi Marauder
(194693, 1, 27823, 3, 1, 46801), -- Dragon Target [DNT]
(194693, 0, 328, 1, 0, 46801), -- Dragon Target [DNT]
(191136, 7, 101829, 1, 1, 46801), -- Qalashi Flameshatter
(191136, 6, 101828, 1, 1, 46801), -- Qalashi Flameshatter
(191136, 5, 101827, 1, 1, 46801), -- Qalashi Flameshatter
(191136, 4, 101826, 1, 1, 46801), -- Qalashi Flameshatter
(191136, 3, 101833, 1, 1, 46801), -- Qalashi Flameshatter
(191136, 2, 101832, 1, 1, 46801), -- Qalashi Flameshatter
(191136, 1, 101831, 1, 1, 46801), -- Qalashi Flameshatter
(191136, 0, 101830, 1, 1, 46801), -- Qalashi Flameshatter
(191509, 0, 104578, 0.60000002384185791, 1, 46801), -- Blazing Dreadsquall
(192138, 0, 104524, 1, 1, 46801), -- Lava Pincer
(186800, 7, 102475, 1, 1, 46801), -- Seera Flametamed
(186800, 6, 102476, 1, 1, 46801), -- Seera Flametamed
(186800, 5, 102477, 1, 1, 46801), -- Seera Flametamed
(186800, 4, 102011, 1, 1, 46801), -- Seera Flametamed
(186800, 3, 102491, 1, 1, 46801), -- Seera Flametamed
(186800, 2, 102492, 1, 1, 46801), -- Seera Flametamed
(186800, 1, 102493, 1, 1, 46801), -- Seera Flametamed
(186800, 0, 102494, 1, 1, 46801), -- Seera Flametamed
(191672, 1, 106575, 1, 1, 46801), -- Lava Tarantula
(191672, 0, 104701, 1, 1, 46801), -- Lava Tarantula
(191819, 5, 75347, 1, 1, 46801), -- Prairie Dog
(191819, 4, 75346, 1, 1, 46801), -- Prairie Dog
(191819, 3, 75345, 1, 1, 46801), -- Prairie Dog
(191819, 2, 75344, 1, 1, 46801), -- Prairie Dog
(191819, 1, 75343, 1, 1, 46801), -- Prairie Dog
(191819, 0, 1072, 1, 1, 46801), -- Prairie Dog
(195672, 7, 101807, 1, 1, 46801), -- Qalashi Scoundrel
(195672, 6, 101806, 1, 1, 46801), -- Qalashi Scoundrel
(195672, 5, 101805, 1, 1, 46801), -- Qalashi Scoundrel
(195672, 4, 101804, 1, 1, 46801), -- Qalashi Scoundrel
(195672, 3, 101811, 1, 1, 46801), -- Qalashi Scoundrel
(195672, 2, 101810, 1, 1, 46801), -- Qalashi Scoundrel
(195672, 1, 101809, 1, 1, 46801), -- Qalashi Scoundrel
(195672, 0, 101808, 1, 1, 46801), -- Qalashi Scoundrel
(194774, 2, 108822, 1, 0, 46801), -- Majordomo Selistra
(194774, 1, 108032, 1, 0, 46801), -- Majordomo Selistra
(194774, 0, 107040, 1, 1, 46801), -- Majordomo Selistra
(186640, 2, 107055, 1, 0, 46801), -- Wrathion
(186640, 1, 107945, 1, 1, 46801), -- Wrathion
(186640, 0, 107146, 1, 0, 46801), -- Wrathion
(186792, 7, 101807, 1, 1, 46801), -- Qalashi Skirmisher
(186792, 6, 101806, 1, 1, 46801), -- Qalashi Skirmisher
(186792, 5, 101805, 1, 1, 46801), -- Qalashi Skirmisher
(186792, 4, 101804, 1, 1, 46801), -- Qalashi Skirmisher
(186792, 3, 101811, 1, 1, 46801), -- Qalashi Skirmisher
(186792, 2, 101810, 1, 1, 46801), -- Qalashi Skirmisher
(186792, 1, 101809, 1, 1, 46801), -- Qalashi Skirmisher
(186792, 0, 101808, 1, 1, 46801), -- Qalashi Skirmisher
(180705, 0, 100841, 1, 1, 46801), -- Magmammoth Calf
(186965, 0, 106029, 1, 1, 46801), -- Smoldering Feather
(191798, 0, 104538, 1, 1, 46801), -- Stray Gust
(191647, 9, 104156, 1, 1, 46801), -- Young Wind Serpent
(191647, 8, 104157, 1, 1, 46801), -- Young Wind Serpent
(191647, 7, 104158, 1, 1, 46801), -- Young Wind Serpent
(191647, 6, 104159, 1, 1, 46801), -- Young Wind Serpent
(191647, 5, 104160, 1, 1, 46801), -- Young Wind Serpent
(191647, 4, 104161, 1, 1, 46801), -- Young Wind Serpent
(191647, 3, 104162, 1, 1, 46801), -- Young Wind Serpent
(191647, 2, 104163, 1, 1, 46801), -- Young Wind Serpent
(191647, 1, 104164, 1, 1, 46801), -- Young Wind Serpent
(191647, 0, 104153, 1, 1, 46801), -- Young Wind Serpent
(191903, 5, 102606, 1, 1, 46801), -- Magmammoth Bull
(191903, 4, 102603, 1, 1, 46801), -- Magmammoth Bull
(191903, 3, 102605, 1, 1, 46801), -- Magmammoth Bull
(191903, 2, 102602, 1, 1, 46801), -- Magmammoth Bull
(191903, 1, 102607, 1, 1, 46801), -- Magmammoth Bull
(191903, 0, 102604, 1, 1, 46801), -- Magmammoth Bull
(191645, 9, 104143, 1, 1, 46801), -- Wind Serpent
(191645, 8, 104144, 1, 1, 46801), -- Wind Serpent
(191645, 7, 104145, 1, 1, 46801), -- Wind Serpent
(191645, 6, 104146, 1, 1, 46801), -- Wind Serpent
(191645, 5, 104147, 1, 1, 46801), -- Wind Serpent
(191645, 4, 104148, 1, 1, 46801), -- Wind Serpent
(191645, 3, 104149, 1, 1, 46801), -- Wind Serpent
(191645, 2, 104150, 1, 1, 46801), -- Wind Serpent
(191645, 1, 104151, 1, 1, 46801), -- Wind Serpent
(191645, 0, 104152, 1, 1, 46801), -- Wind Serpent
(191446, 7, 101807, 1, 1, 46801), -- Qalashi Scoundrel
(191446, 6, 101806, 1, 1, 46801), -- Qalashi Scoundrel
(191446, 5, 101805, 1, 1, 46801), -- Qalashi Scoundrel
(191446, 4, 101804, 1, 1, 46801), -- Qalashi Scoundrel
(191446, 3, 101811, 1, 1, 46801), -- Qalashi Scoundrel
(191446, 2, 101810, 1, 1, 46801), -- Qalashi Scoundrel
(191446, 1, 101809, 1, 1, 46801), -- Qalashi Scoundrel
(191446, 0, 101808, 1, 1, 46801), -- Qalashi Scoundrel
(191628, 2, 104033, 1, 1, 46801), -- Lava Snail
(191628, 1, 104034, 1, 1, 46801), -- Lava Snail
(191628, 0, 104035, 1, 1, 46801), -- Lava Snail
(191629, 2, 104027, 1, 1, 46801), -- Lava Slug
(191629, 1, 104028, 1, 1, 46801), -- Lava Slug
(191629, 0, 104029, 1, 1, 46801), -- Lava Slug
(190766, 7, 101807, 1, 1, 46801), -- Qalashi Ragetamer
(190766, 6, 101806, 1, 1, 46801), -- Qalashi Ragetamer
(190766, 5, 101805, 1, 1, 46801), -- Qalashi Ragetamer
(190766, 4, 101804, 1, 1, 46801), -- Qalashi Ragetamer
(190766, 3, 101811, 1, 1, 46801), -- Qalashi Ragetamer
(190766, 2, 101810, 1, 1, 46801), -- Qalashi Ragetamer
(190766, 1, 101809, 1, 1, 46801), -- Qalashi Ragetamer
(190766, 0, 101808, 1, 1, 46801), -- Qalashi Ragetamer
(191637, 0, 102500, 1, 1, 46801), -- Lava Phoenix
(186687, 1, 11686, 1, 1, 46801), -- Arbalest
(186687, 0, 15092, 1.399999976158142089, 0, 46801), -- Arbalest
(190767, 7, 102456, 1, 1, 46801), -- Qalashi Metalshaper
(190767, 6, 101815, 1, 1, 46801), -- Qalashi Metalshaper
(190767, 5, 101814, 1, 1, 46801), -- Qalashi Metalshaper
(190767, 4, 101813, 1, 1, 46801), -- Qalashi Metalshaper
(190767, 3, 102478, 1, 1, 46801), -- Qalashi Metalshaper
(190767, 2, 101817, 1, 1, 46801), -- Qalashi Metalshaper
(190767, 1, 101816, 1, 1, 46801), -- Qalashi Metalshaper
(190767, 0, 101812, 1, 1, 46801), -- Qalashi Metalshaper
(189064, 0, 104672, 1, 1, 46801), -- Waddles the Rescued Duckling
(184853, 0, 105190, 1, 1, 46801), -- Primal Scythid Queen
(190600, 0, 104672, 1, 1, 46801), -- Bubbled Duckling
(187439, 0, 104672, 1, 1, 46801), -- Bubbled Duckling
(187432, 0, 107062, 1, 1, 46801), -- Windyfin Windbringer
(187414, 0, 102550, 1, 1, 46801), -- Summoned Typhoon
(188205, 0, 102573, 1, 1, 46801), -- Whirling Updraft
(187543, 0, 102569, 1, 1, 46801), -- Summoned Zephyr
(187410, 1, 103465, 1, 1, 46801), -- Summoned Tsunami
(187410, 0, 103464, 1, 1, 46801), -- Summoned Tsunami
(187431, 0, 106085, 1, 1, 46801), -- Windyfin Skybasher
(187433, 0, 106085, 1, 1, 46801), -- Windyfin Squallstalker
(188860, 0, 109524, 1, 1, 46801), -- Whirglgurgl
(188859, 0, 103415, 1, 1, 46801), -- Sogglmoggl
(189984, 0, 103904, 1, 1, 46801), -- Grateful Gull
(187883, 0, 106006, 1, 1, 46801), -- Windyfin Gorloc Corpse
(187882, 0, 103280, 1, 1, 46801), -- Soggymaw Gorloc Corpse
(189983, 2, 103560, 1, 1, 46801), -- Grateful Basilisk
(189983, 1, 103561, 1, 1, 46801), -- Grateful Basilisk
(189983, 0, 103562, 1, 1, 46801), -- Grateful Basilisk
(189757, 2, 103557, 1, 1, 46801), -- Snoozing Basilisk Bull
(189757, 1, 103558, 1, 1, 46801), -- Snoozing Basilisk Bull
(189757, 0, 103559, 1, 1, 46801), -- Snoozing Basilisk Bull
(190193, 7, 103357, 1, 1, 46801), -- Bound Shoresnapper
(190193, 6, 103358, 1, 1, 46801), -- Bound Shoresnapper
(190193, 5, 103359, 1, 1, 46801), -- Bound Shoresnapper
(190193, 4, 103360, 1, 1, 46801), -- Bound Shoresnapper
(190193, 3, 103361, 1, 1, 46801), -- Bound Shoresnapper
(190193, 2, 103362, 1, 1, 46801), -- Bound Shoresnapper
(190193, 1, 103363, 1, 1, 46801), -- Bound Shoresnapper
(190193, 0, 103364, 1, 1, 46801), -- Bound Shoresnapper
(187542, 1, 102524, 1, 1, 46801), -- Summoned Ripple
(187542, 0, 102523, 1, 1, 46801), -- Summoned Ripple
(190133, 13, 103860, 1, 1, 46801), -- Conscripted Crab
(190133, 12, 103857, 1, 1, 46801), -- Conscripted Crab
(190133, 11, 103327, 1, 1, 46801), -- Conscripted Crab
(190133, 10, 103326, 1, 1, 46801), -- Conscripted Crab
(190133, 9, 103325, 1, 1, 46801), -- Conscripted Crab
(190133, 8, 103324, 1, 1, 46801), -- Conscripted Crab
(190133, 7, 103323, 1, 1, 46801), -- Conscripted Crab
(190133, 6, 103322, 1, 1, 46801), -- Conscripted Crab
(190133, 5, 103321, 1, 1, 46801), -- Conscripted Crab
(190133, 4, 103320, 1, 1, 46801), -- Conscripted Crab
(190133, 3, 103319, 1, 1, 46801), -- Conscripted Crab
(190133, 2, 103318, 1, 1, 46801), -- Conscripted Crab
(190133, 1, 103317, 1, 1, 46801), -- Conscripted Crab
(190133, 0, 103316, 1, 1, 46801), -- Conscripted Crab
(187971, 0, 103280, 1, 1, 46801), -- Soggymaw Crabtrapper
(187263, 0, 103279, 1, 1, 46801), -- Soggymaw Wavebringer
(187320, 0, 103280, 1, 1, 46801), -- Soggymaw Seabasher
(189737, 4, 103983, 1, 1, 46801), -- Kelp Nibbler
(189737, 3, 103984, 1, 1, 46801), -- Kelp Nibbler
(189737, 2, 103985, 1, 1, 46801), -- Kelp Nibbler
(189737, 1, 103981, 1, 1, 46801), -- Kelp Nibbler
(189737, 0, 103980, 1, 1, 46801), -- Kelp Nibbler
(190249, 2, 103560, 1, 1, 46801), -- Frazzled Basilisk
(190249, 1, 103562, 1, 1, 46801), -- Frazzled Basilisk
(190249, 0, 103561, 1, 1, 46801), -- Frazzled Basilisk
(193217, 0, 103923, 1, 1, 46801), -- Drakewing
(189992, 4, 104676, 1, 1, 46801), -- Restless Wildfowl
(189992, 3, 104677, 1, 1, 46801), -- Restless Wildfowl
(189992, 2, 104678, 1, 1, 46801), -- Restless Wildfowl
(189992, 1, 104679, 1, 1, 46801), -- Restless Wildfowl
(189992, 0, 104680, 1, 1, 46801), -- Restless Wildfowl
(188266, 4, 45880, 1, 1, 46801), -- Cowering Crab
(188266, 3, 103852, 1, 1, 46801), -- Cowering Crab
(188266, 2, 103850, 1, 1, 46801), -- Cowering Crab
(188266, 1, 103846, 1, 1, 46801), -- Cowering Crab
(188266, 0, 103847, 1, 1, 46801), -- Cowering Crab
(189756, 2, 103560, 1, 1, 46801), -- Lazy Basilisk
(189756, 1, 103561, 1, 1, 46801), -- Lazy Basilisk
(189756, 0, 103562, 1, 1, 46801), -- Lazy Basilisk
(187493, 1, 102510, 1, 1, 46801), -- Rampaging Water
(187493, 0, 102509, 1, 1, 46801), -- Rampaging Water
(187468, 4, 104676, 1, 1, 46801), -- Helpless Waterfowl
(187468, 3, 104677, 1, 1, 46801), -- Helpless Waterfowl
(187468, 2, 104678, 1, 1, 46801), -- Helpless Waterfowl
(187468, 1, 104679, 1, 1, 46801), -- Helpless Waterfowl
(187468, 0, 104680, 1, 1, 46801), -- Helpless Waterfowl
(180673, 0, 101794, 1, 1, 46801), -- Turbulent Waters
(187462, 2, 103552, 1, 1, 46801), -- Distressed Riverbeast Calf
(187462, 1, 103550, 1, 1, 46801), -- Distressed Riverbeast Calf
(187462, 0, 103548, 1, 1, 46801), -- Distressed Riverbeast Calf
(189703, 4, 104663, 1, 1, 46801), -- Sunning Salamanther
(189703, 3, 104667, 1, 1, 46801), -- Sunning Salamanther
(189703, 2, 104666, 1, 1, 46801), -- Sunning Salamanther
(189703, 1, 104665, 1, 1, 46801), -- Sunning Salamanther
(189703, 0, 104664, 1, 1, 46801), -- Sunning Salamanther
(189619, 4, 45880, 1, 1, 46801), -- Tragically Deceased Crab
(189619, 3, 103852, 1, 1, 46801), -- Tragically Deceased Crab
(189619, 2, 103850, 1, 1, 46801), -- Tragically Deceased Crab
(189619, 1, 103846, 1, 1, 46801), -- Tragically Deceased Crab
(189619, 0, 103847, 1, 1, 46801), -- Tragically Deceased Crab
(189688, 3, 104167, 1, 1, 46801), -- Bemused Axebeak
(189688, 2, 104168, 1, 1, 46801), -- Bemused Axebeak
(189688, 1, 104169, 1, 1, 46801), -- Bemused Axebeak
(189688, 0, 104170, 1, 1, 46801), -- Bemused Axebeak
(189659, 4, 104676, 1, 1, 46801), -- Tragically Deceased Waterfowl
(189659, 3, 104677, 1, 1, 46801), -- Tragically Deceased Waterfowl
(189659, 2, 104678, 1, 1, 46801), -- Tragically Deceased Waterfowl
(189659, 1, 104679, 1, 1, 46801), -- Tragically Deceased Waterfowl
(189659, 0, 104680, 1, 1, 46801), -- Tragically Deceased Waterfowl
(187494, 0, 102511, 1, 1, 46801), -- Rampaging Wind
(189613, 2, 103538, 1, 1, 46801), -- Tragically Deceased Riverbeast
(189613, 1, 103536, 1, 1, 46801), -- Tragically Deceased Riverbeast
(189613, 0, 103534, 1, 1, 46801), -- Tragically Deceased Riverbeast
(192095, 2, 106631, 1, 2, 46801), -- Ironbeak Duck
(192095, 1, 106634, 1, 49, 46801), -- Ironbeak Duck
(192095, 0, 106632, 1, 49, 46801), -- Ironbeak Duck
(186410, 0, 106301, 1, 1, 46801), -- Ecologist Iskha
(187620, 0, 103545, 1, 1, 46801), -- Disgruntled Riverbeast Matriarch
(195309, 0, 102140, 1, 1, 46801), -- Bolstered Whelpling
(191639, 2, 104049, 0.75, 1, 46801), -- Vibrant Butterfly
(191639, 1, 104050, 0.75, 1, 46801), -- Vibrant Butterfly
(191639, 0, 104047, 0.75, 1, 46801), -- Vibrant Butterfly
(195853, 3, 106307, 1, 1, 46801), -- Qalashi Trainee
(195853, 2, 106306, 1, 1, 46801), -- Qalashi Trainee
(195853, 1, 106309, 1, 1, 46801), -- Qalashi Trainee
(195853, 0, 106308, 1, 1, 46801), -- Qalashi Trainee
(191620, 0, 103580, 1, 1, 46801), -- River Swoglet
(191618, 0, 102562, 1, 1, 46801), -- River Hornswog
(189122, 2, 106626, 1, 2, 46801), -- Palamanther
(189122, 1, 106622, 1, 20, 46801), -- Palamanther
(189122, 0, 106623, 1, 78, 46801), -- Palamanther
(191616, 4, 103566, 1, 1, 46801), -- Young Ottuk
(191616, 3, 103567, 1, 1, 46801), -- Young Ottuk
(191616, 2, 103568, 1, 1, 46801), -- Young Ottuk
(191616, 1, 103569, 1, 1, 46801); -- Young Ottuk

INSERT INTO `creature_template_model` (`CreatureID`, `Idx`, `CreatureDisplayID`, `DisplayScale`, `Probability`, `VerifiedBuild`) VALUES
(191616, 0, 103565, 1, 1, 46801), -- Young Ottuk
(191624, 2, 104657, 1, 1, 46801), -- Tranquil Vorquin
(191624, 1, 104646, 1, 1, 46801), -- Tranquil Vorquin
(191624, 0, 104648, 1, 1, 46801), -- Tranquil Vorquin
(191615, 4, 103527, 1, 1, 46801), -- River Ottuk
(191615, 3, 103526, 1, 1, 46801), -- River Ottuk
(191615, 2, 103525, 1, 1, 46801), -- River Ottuk
(191615, 1, 103524, 1, 1, 46801), -- River Ottuk
(191615, 0, 103523, 1, 1, 46801), -- River Ottuk
(190301, 2, 103552, 1, 1, 46801), -- Fretful Riverbeast Calf
(190301, 1, 103550, 1, 1, 46801), -- Fretful Riverbeast Calf
(190301, 0, 103548, 1, 1, 46801), -- Fretful Riverbeast Calf
(186576, 7, 102774, 1, 1, 46801), -- Ruby Watcher
(186576, 6, 102775, 1, 1, 46801), -- Ruby Watcher
(186576, 5, 102776, 1, 1, 46801), -- Ruby Watcher
(186576, 4, 102777, 1, 1, 46801), -- Ruby Watcher
(186576, 3, 102778, 1, 1, 46801), -- Ruby Watcher
(186576, 2, 102779, 1, 1, 46801), -- Ruby Watcher
(186576, 1, 102780, 1, 1, 46801), -- Ruby Watcher
(186576, 0, 102781, 1, 1, 46801), -- Ruby Watcher
(191812, 2, 104532, 1, 1, 46801), -- Crumbling Pebbles
(191812, 1, 104533, 1, 1, 46801), -- Crumbling Pebbles
(191812, 0, 104534, 1, 1, 46801), -- Crumbling Pebbles
(194231, 0, 102140, 1, 1, 46801), -- Whimpering Whelpling
(187467, 2, 103538, 1, 1, 46801), -- Distressed Riverbeast
(187467, 1, 103536, 1, 1, 46801), -- Distressed Riverbeast
(187467, 0, 103534, 1, 1, 46801), -- Distressed Riverbeast
(186684, 0, 102500, 1, 1, 46801), -- Lava Phoenix
(192059, 2, 106626, 1, 2, 46801), -- Palamanther
(192059, 1, 106622, 1, 20, 46801), -- Palamanther
(192059, 0, 106623, 1, 78, 46801), -- Palamanther
(188296, 7, 101807, 1, 1, 46801), -- Qalashi Djaradin
(188296, 6, 101806, 1, 1, 46801), -- Qalashi Djaradin
(188296, 5, 101805, 1, 1, 46801), -- Qalashi Djaradin
(188296, 4, 101804, 1, 1, 46801), -- Qalashi Djaradin
(188296, 3, 101811, 1, 1, 46801), -- Qalashi Djaradin
(188296, 2, 101810, 1, 1, 46801), -- Qalashi Djaradin
(188296, 1, 101809, 1, 1, 46801), -- Qalashi Djaradin
(188296, 0, 101808, 1, 1, 46801), -- Qalashi Djaradin
(191833, 3, 106307, 1, 1, 46801), -- Qalashi Scavenger
(191833, 2, 106306, 1, 1, 46801), -- Qalashi Scavenger
(191833, 1, 106309, 1, 1, 46801), -- Qalashi Scavenger
(191833, 0, 106308, 1, 1, 46801), -- Qalashi Scavenger
(194129, 0, 107673, 1, 1, 46801), -- Sendrax
(191475, 0, 107296, 1, 1, 46801), -- Amella
(190144, 3, 103547, 1, 1, 46801), -- Fretful Riverbeast Elder
(190144, 2, 103546, 1, 1, 46801), -- Fretful Riverbeast Elder
(190144, 1, 103545, 1, 1, 46801), -- Fretful Riverbeast Elder
(190144, 0, 103543, 1, 1, 46801), -- Fretful Riverbeast Elder
(189307, 4, 103841, 1, 1, 46801), -- Skitterfly
(189307, 3, 103842, 1, 1, 46801), -- Skitterfly
(189307, 2, 103843, 1, 1, 46801), -- Skitterfly
(189307, 1, 103844, 1, 1, 46801), -- Skitterfly
(189307, 0, 103845, 1, 1, 46801), -- Skitterfly
(195037, 7, 102774, 1, 1, 46801), -- Ruby Watcher
(195037, 6, 102775, 1, 1, 46801), -- Ruby Watcher
(195037, 5, 102776, 1, 1, 46801), -- Ruby Watcher
(195037, 4, 102777, 1, 1, 46801), -- Ruby Watcher
(195037, 3, 102778, 1, 1, 46801), -- Ruby Watcher
(195037, 2, 102779, 1, 1, 46801), -- Ruby Watcher
(195037, 1, 102780, 1, 1, 46801), -- Ruby Watcher
(195037, 0, 102781, 1, 1, 46801), -- Ruby Watcher
(195032, 7, 101807, 1, 1, 46801), -- Qalashi Djaradin
(195032, 6, 101806, 1, 1, 46801), -- Qalashi Djaradin
(195032, 5, 101805, 1, 1, 46801), -- Qalashi Djaradin
(195032, 4, 101804, 1, 1, 46801), -- Qalashi Djaradin
(195032, 3, 101811, 1, 1, 46801), -- Qalashi Djaradin
(195032, 2, 101810, 1, 1, 46801), -- Qalashi Djaradin
(195032, 1, 101809, 1, 1, 46801), -- Qalashi Djaradin
(195032, 0, 101808, 1, 1, 46801), -- Qalashi Djaradin
(186593, 7, 102665, 1, 1, 46801), -- Ruby Watcher
(186593, 6, 102664, 1, 1, 46801), -- Ruby Watcher
(186593, 5, 102663, 1, 1, 46801), -- Ruby Watcher
(186593, 4, 102662, 1, 1, 46801), -- Ruby Watcher
(186593, 3, 102653, 1, 1, 46801), -- Ruby Watcher
(186593, 2, 102652, 1, 1, 46801), -- Ruby Watcher
(186593, 1, 102651, 1, 1, 46801), -- Ruby Watcher
(186593, 0, 102650, 1, 1, 46801), -- Ruby Watcher
(191809, 5, 104045, 1, 1, 46801), -- Tiny Butterfly
(191809, 4, 104044, 1, 1, 46801), -- Tiny Butterfly
(191809, 3, 104043, 1, 1, 46801), -- Tiny Butterfly
(191809, 2, 104042, 1, 1, 46801), -- Tiny Butterfly
(191809, 1, 104041, 1, 1, 46801), -- Tiny Butterfly
(191809, 0, 104040, 1, 1, 46801), -- Tiny Butterfly
(186577, 7, 102661, 1, 1, 46801), -- Ruby Searer
(186577, 6, 102660, 1, 1, 46801), -- Ruby Searer
(186577, 5, 102659, 1, 1, 46801), -- Ruby Searer
(186577, 4, 102658, 1, 1, 46801), -- Ruby Searer
(186577, 3, 102649, 1, 1, 46801), -- Ruby Searer
(186577, 2, 102648, 1, 1, 46801), -- Ruby Searer
(186577, 1, 102647, 1, 1, 46801), -- Ruby Searer
(186577, 0, 102646, 1, 1, 46801), -- Ruby Searer
(187442, 0, 104678, 1, 1, 46801), -- Waking Duck
(186584, 0, 107112, 1, 1, 46801), -- Commander Lethanak
(195303, 3, 102656, 1, 1, 46801), -- Mender Eskros
(195303, 2, 102654, 1, 1, 46801), -- Mender Eskros
(195303, 1, 102655, 1, 1, 46801), -- Mender Eskros
(195303, 0, 102657, 1, 1, 46801), -- Mender Eskros
(191721, 7, 102730, 1, 1, 46801), -- Ruby Fallen
(191721, 6, 102731, 1, 1, 46801), -- Ruby Fallen
(191721, 5, 102732, 1, 1, 46801), -- Ruby Fallen
(191721, 4, 102733, 1, 1, 46801), -- Ruby Fallen
(191721, 3, 102738, 1, 1, 46801), -- Ruby Fallen
(191721, 2, 102739, 1, 1, 46801), -- Ruby Fallen
(191721, 1, 102740, 1, 1, 46801), -- Ruby Fallen
(191721, 0, 102741, 1, 1, 46801), -- Ruby Fallen
(198618, 1, 23767, 1, 1, 46801), -- Tracker Dragon Glyph
(198618, 0, 21955, 1, 0, 46801), -- Tracker Dragon Glyph
(194972, 1, 23767, 1, 1, 46801), -- Dragon Glyph
(194972, 0, 21955, 1, 0, 46801), -- Dragon Glyph
(186582, 7, 110467, 1, 1, 46801), -- Ruby Warden
(186582, 6, 110461, 1, 1, 46801), -- Ruby Warden
(186582, 5, 110462, 1, 1, 46801), -- Ruby Warden
(186582, 4, 110460, 1, 1, 46801), -- Ruby Warden
(186582, 3, 110466, 1, 1, 46801), -- Ruby Warden
(186582, 2, 110464, 1, 1, 46801), -- Ruby Warden
(186582, 1, 110465, 1, 1, 46801), -- Ruby Warden
(186582, 0, 110463, 1, 1, 46801), -- Ruby Warden
(194235, 0, 107285, 1, 1, 46801), -- Ruby Wagon
(195174, 1, 82958, 1, 0, 46801), -- Ruby Packhorse
(195174, 0, 82954, 1, 1, 46801), -- Ruby Packhorse
(193023, 0, 102140, 1, 1, 46801), -- Wounded Swarmer
(199414, 2, 104045, 1, 1, 46801), -- Isles Butterfly
(199414, 1, 104044, 1, 1, 46801), -- Isles Butterfly
(199414, 0, 104040, 1, 1, 46801), -- Isles Butterfly
(191818, 0, 100271, 1, 1, 46801), -- Shaggy Rabbit
(191554, 2, 104138, 1, 1, 46801), -- Argali Lamb
(191554, 1, 104137, 1, 1, 46801), -- Argali Lamb
(191554, 0, 104136, 1, 1, 46801), -- Argali Lamb
(191553, 2, 104135, 1, 1, 46801), -- Wild Argali
(191553, 1, 104134, 1, 1, 46801), -- Wild Argali
(191553, 0, 104133, 1, 1, 46801), -- Wild Argali
(194127, 0, 105170, 1, 1, 46801), -- Toddy Whiskers
(194126, 0, 105169, 1, 1, 46801), -- Naleidea Rivergleam
(193372, 2, 108822, 1, 0, 46801), -- Majordomo Selistra
(193372, 1, 107040, 1, 0, 46801), -- Majordomo Selistra
(193372, 0, 108032, 1, 1, 46801), -- Majordomo Selistra
(193371, 2, 107055, 1, 0, 46801), -- Wrathion
(193371, 1, 107945, 1, 0, 46801), -- Wrathion
(193371, 0, 107146, 1, 1, 46801), -- Wrathion
(193366, 0, 105169, 1, 1, 46801), -- Naleidea Rivergleam
(193365, 0, 105170, 1, 1, 46801), -- Toddy Whiskers
(193363, 0, 107673, 1, 1, 46801), -- Sendrax
(195577, 0, 104139, 1, 1, 46801), -- Primal Proto-Whelp
(193876, 0, 104139, 1, 1, 46801), -- Primal Proto-Whelp
(191830, 0, 104581, 1, 1, 46801), -- Dreadsquall Hatchling
(194526, 0, 38548, 1, 1, 46801), -- Magma Droplet
(193001, 1, 108034, 1, 1, 46801), -- Kindlet
(193001, 0, 108033, 1, 5, 46801), -- Kindlet
(191807, 0, 107673, 1, 1, 46801), -- Sendrax
(188267, 0, 103904, 1, 1, 46801), -- Unsettled Seagull
(186428, 0, 102678, 1, 1, 46801), -- Ecologist Tharu
(192266, 0, 107777, 1, 1, 46801), -- Baron Crustcore
(193671, 0, 108252, 1, 1, 46801), -- Volcanic Geode
(187322, 0, 102508, 1, 1, 46801), -- Primal Earth Elemental
(193759, 0, 105170, 1, 1, 46801), -- Toddy Whiskers
(192137, 1, 104526, 1, 1, 46801), -- Lava Flick
(192137, 0, 104527, 1, 1, 46801), -- Lava Flick
(189801, 1, 107172, 1, 1, 46801), -- Ancient Proto-Dragon
(189801, 0, 107171, 1, 1, 46801), -- Ancient Proto-Dragon
(193758, 0, 105169, 1, 1, 46801), -- Naleidea Rivergleam
(189798, 0, 106997, 1, 1, 46801), -- Ancient Proto-Dragon
(193712, 0, 108269, 1, 1, 46801), -- Surveyor's Disc
(193000, 1, 108034, 1, 1, 46801), -- Kindlet
(193000, 0, 108033, 1, 5, 46801), -- Kindlet
(193026, 0, 108050, 1, 1, 46801), -- Emberling
(192274, 0, 107780, 1, 1, 46801), -- Baron Ashflow
(187321, 0, 102503, 1, 1, 46801), -- Primal Lava Elemental
(187326, 0, 104039, 1, 1, 46801), -- Encroaching Lava
(193024, 0, 108050, 1, 1, 46801), -- Emberling
(198392, 0, 108780, 1, 1, 46801), -- An'timon
(198095, 0, 108077, 1, 1, 46801), -- Sous-Chef Butterfingers
(198094, 0, 47711, 1.20000004768371582, 1, 46801), -- Head Chef Stacks
(198380, 0, 108456, 1, 1, 46801), -- Journalist Jessamine Spitz
(192227, 0, 104039, 1, 1, 46801), -- Encroaching Lava
(191946, 4, 101210, 1, 1, 46801), -- Cracked Elemental
(191946, 3, 101208, 1, 1, 46801), -- Cracked Elemental
(191946, 2, 102506, 1, 1, 46801), -- Cracked Elemental
(191946, 1, 102507, 1, 1, 46801), -- Cracked Elemental
(191946, 0, 102508, 1, 1, 46801), -- Cracked Elemental
(193915, 0, 85039, 1, 1, 46801), -- Emilia Bellocq
(193914, 0, 85065, 1, 1, 46801), -- Toht Twofingers
(192490, 0, 107880, 1, 1, 46801), -- Tixxa Mixxa
(192438, 0, 107861, 1, 1, 46801), -- Haephesta
(193928, 0, 64313, 1, 1, 46801), -- Brave Researcher
(193393, 0, 108182, 1, 1, 46801), -- Ambassador Fastrasz
(192210, 0, 107717, 1, 1, 46801), -- Mia Pyke
(194238, 7, 102749, 1, 1, 46801), -- Ruby Drakonid
(194238, 6, 102748, 1, 1, 46801), -- Ruby Drakonid
(194238, 5, 102747, 1, 1, 46801), -- Ruby Drakonid
(194238, 4, 102746, 1, 1, 46801), -- Ruby Drakonid
(194238, 3, 102745, 1, 1, 46801), -- Ruby Drakonid
(194238, 2, 102744, 1, 1, 46801), -- Ruby Drakonid
(194238, 1, 102743, 1, 1, 46801), -- Ruby Drakonid
(194238, 0, 102742, 1, 1, 46801), -- Ruby Drakonid
(192558, 0, 107915, 1, 1, 46801), -- Toninaar
(192407, 4, 102582, 1, 1, 46801), -- Cracked Elemental
(192407, 3, 107850, 1, 1, 46801), -- Cracked Elemental
(192407, 2, 102581, 1, 1, 46801), -- Cracked Elemental
(192407, 1, 107849, 1, 1, 46801), -- Cracked Elemental
(192407, 0, 102580, 1, 1, 46801), -- Cracked Elemental
(192207, 0, 107714, 1, 1, 46801), -- Sihua
(192048, 0, 107696, 1, 1, 46801), -- Deirdre Flemmin
(190577, 0, 107167, 1, 1, 46801), -- Tellywin Sharpfizzle
(190571, 0, 107162, 1, 1, 46801), -- Xelendus Felwatcher
(187261, 0, 108264, 1, 1, 46801), -- Grun Ashbeard
(187257, 0, 90051, 1, 1, 46801), -- Aster Cloudgaze
(193838, 0, 34635, 1, 1, 46801), -- Vish the Sneak
(192565, 0, 107922, 1, 1, 46801), -- Zayn Starmaker
(192563, 0, 107918, 1, 1, 46801), -- Kholmar Sunrunner
(192055, 0, 107697, 1, 1, 46801), -- Veeno
(198846, 0, 106843, 1, 1, 46801), -- Cataloger Jakes
(198398, 0, 110051, 1, 1, 46801), -- Misty Catseye
(193913, 0, 108339, 1, 1, 46801), -- Ruby Dragonspawn
(190535, 0, 89548, 1, 1, 46801), -- Quizla Blastcaps
(189061, 0, 56334, 1, 1, 46801), -- Archivist Rellid
(189058, 0, 107015, 1, 1, 46801), -- Thaelin Darkanvil
(185774, 0, 105506, 1, 1, 46801), -- Dallio Morelli
(185773, 0, 105505, 1, 1, 46801), -- Elia Bladeleaf
(184450, 0, 109009, 1, 1, 46801), -- Henry Garrick
(184449, 0, 109008, 1, 1, 46801), -- Captain Garrick
(198848, 0, 106418, 1, 1, 46801), -- Rae'ana
(193858, 0, 108321, 1, 1, 46801), -- Expedition Surveyor
(189063, 0, 89465, 1, 1, 46801), -- Spelunker Lockeye
(189062, 0, 94013, 1, 1, 46801), -- Professor Cogcatcher
(189060, 0, 106766, 1, 1, 46801), -- Cataloger Wulferd
(189059, 0, 106741, 1, 1, 46801), -- Pathfinder Jeb
(192549, 0, 107909, 1, 1, 46801), -- Feilin Kuan
(187194, 9, 108813, 1, 1, 46801), -- Restless Explorer
(187194, 8, 108812, 1, 1, 46801), -- Restless Explorer
(187194, 7, 108805, 1, 1, 46801), -- Restless Explorer
(187194, 6, 108808, 1, 1, 46801), -- Restless Explorer
(187194, 5, 108811, 1, 1, 46801), -- Restless Explorer
(187194, 4, 108810, 1, 1, 46801), -- Restless Explorer
(187194, 3, 108455, 1, 1, 46801), -- Restless Explorer
(187194, 2, 108456, 1, 1, 46801), -- Restless Explorer
(187194, 1, 108777, 1, 1, 46801), -- Restless Explorer
(187194, 0, 108778, 1, 1, 46801), -- Restless Explorer
(193707, 0, 108269, 1, 0, 46801), -- Surveyor's Disc
(187251, 0, 105170, 1, 1, 46801), -- Toddy Whiskers
(194236, 7, 102669, 1, 1, 46801), -- Ruby Dragonspawn
(194236, 6, 102668, 1, 1, 46801), -- Ruby Dragonspawn
(194236, 5, 102667, 1, 1, 46801), -- Ruby Dragonspawn
(194236, 4, 102666, 1, 1, 46801), -- Ruby Dragonspawn
(194236, 3, 102657, 1, 1, 46801), -- Ruby Dragonspawn
(194236, 2, 102656, 1, 1, 46801), -- Ruby Dragonspawn
(194236, 1, 102655, 1, 1, 46801), -- Ruby Dragonspawn
(194236, 0, 102654, 1, 1, 46801), -- Ruby Dragonspawn
(187252, 0, 102032, 1, 1, 46801), -- Scalecommander Azurathel
(184452, 0, 109010, 1, 1, 46801); -- Warlord Breka Grimaxe


INSERT INTO `creature_template_model` (`CreatureID`, `Idx`, `CreatureDisplayID`, `DisplayScale`, `Probability`, `VerifiedBuild`) VALUES
(184451, 0, 109011, 1, 1, 46801), -- Shuja Grimaxe
(197285, 0, 47166, 1, 0, 46801), -- Wildfeather
(187135, 1, 105870, 1, 1, 46801), -- Expedition Guardian
(187135, 0, 105878, 1, 1, 46801), -- Expedition Guardian
(193362, 0, 107673, 1, 1, 46801), -- Sendrax
(187125, 3, 106061, 1, 1, 46801), -- Expedition Guardian
(187125, 2, 106060, 1, 1, 46801), -- Expedition Guardian
(187125, 1, 105917, 1, 1, 46801), -- Expedition Guardian
(187125, 0, 105918, 1, 1, 46801), -- Expedition Guardian
(187121, 3, 83031, 1, 1, 46801), -- Expedition Guarantor
(187121, 2, 83025, 1, 1, 46801), -- Expedition Guarantor
(187121, 1, 81921, 1, 1, 46801), -- Expedition Guarantor
(187121, 0, 81919, 1, 1, 46801), -- Expedition Guarantor
(187253, 0, 107033, 1, 1, 46801), -- Spelunker Lazee
(193917, 0, 108340, 1, 1, 46801), -- Ruby Drakonid
(198622, 1, 23767, 1, 1, 46801), -- Tracker Dragon Glyph
(198622, 0, 21955, 1, 0, 46801), -- Tracker Dragon Glyph
(194695, 1, 23767, 1, 1, 46801), -- Dragon Glyph
(194695, 0, 21955, 1, 0, 46801), -- Dragon Glyph
(189093, 2, 106596, 1, 1, 46801), -- Pricklefury Hare
(189093, 1, 106595, 1, 30, 46801), -- Pricklefury Hare
(189093, 0, 106594, 1, 69, 46801), -- Pricklefury Hare
(192103, 2, 106596, 1, 1, 46801), -- Pricklefury Hare
(192103, 1, 106595, 1, 30, 46801), -- Pricklefury Hare
(192103, 0, 106594, 1, 69, 46801), -- Pricklefury Hare
(187151, 0, 107034, 1, 1, 46801), -- Spelunker Lazee
(184867, 0, 103583, 1, 1, 46801), -- Fussy Swoglet
(189094, 0, 108234, 1, 1, 46801), -- Magma Slug
(197503, 1, 27823, 1, 1, 46801), -- The Rugged Dragonscale
(197503, 0, 14473, 1, 0, 46801), -- The Rugged Dragonscale
(187254, 0, 107011, 1, 1, 46801), -- Archivist Spearblossom
(187111, 0, 103584, 1, 1, 46801), -- Ancient Hornswog
(184851, 2, 104033, 1, 1, 46801), -- Lava Snail
(184851, 1, 104034, 1, 1, 46801), -- Lava Snail
(184851, 0, 104035, 1, 1, 46801), -- Lava Snail
(198608, 1, 23767, 1, 1, 46801), -- Tracker Dragon Glyph
(198608, 0, 21955, 1, 0, 46801), -- Tracker Dragon Glyph
(194982, 1, 23767, 1, 1, 46801), -- Dragon Glyph
(194982, 0, 21955, 1, 0, 46801), -- Dragon Glyph
(187255, 0, 106742, 1, 1, 46801), -- Pathfinder Poppy
(187157, 0, 107012, 1, 1, 46801), -- Archivist Spearblossom
(192104, 0, 108234, 1, 1, 46801), -- Magma Slug
(190565, 0, 104465, 1, 1, 46801), -- Distressed Marmoni
(188028, 0, 103366, 1, 1, 46801), -- Salty Salamander
(187123, 1, 105870, 1, 1, 46801), -- Expedition Guardian
(187123, 0, 105878, 1, 1, 46801), -- Expedition Guardian
(195241, 9, 107187, 1, 1, 46801), -- Primal Proto-Drake
(195241, 8, 107186, 1, 1, 46801), -- Primal Proto-Drake
(195241, 7, 107185, 1, 1, 46801), -- Primal Proto-Drake
(195241, 6, 107184, 1, 1, 46801), -- Primal Proto-Drake
(195241, 5, 107183, 1, 1, 46801), -- Primal Proto-Drake
(195241, 4, 107182, 1, 1, 46801), -- Primal Proto-Drake
(195241, 3, 107181, 1, 1, 46801), -- Primal Proto-Drake
(195241, 2, 107180, 1, 1, 46801), -- Primal Proto-Drake
(195241, 1, 107179, 1, 1, 46801), -- Primal Proto-Drake
(195241, 0, 104140, 1, 1, 46801), -- Primal Proto-Drake
(194681, 0, 77686, 1, 1, 46801), -- Maoli
(184855, 1, 103530, 1, 1, 46801), -- Salty Skitterfly
(184855, 0, 103529, 1, 1, 46801), -- Salty Skitterfly
(187236, 0, 99812, 1, 1, 46801), -- Boss Magor
(187235, 0, 102033, 1, 1, 46801), -- Scalecommander Cindrethresh
(187234, 0, 106352, 1, 1, 46801), -- Pathfinder Tacha
(187229, 0, 106349, 1, 1, 46801), -- Cataloger Coralie
(184870, 0, 105169, 1, 1, 46801), -- Naleidea Rivergleam
(187143, 0, 106742, 1, 1, 46801), -- Pathfinder Poppy
(187120, 3, 107177, 1, 1, 46801), -- Hungry Proto-Dragon
(187120, 2, 107176, 1, 1, 46801), -- Hungry Proto-Dragon
(187120, 1, 107175, 1, 1, 46801), -- Hungry Proto-Dragon
(187120, 0, 104142, 1, 1, 46801), -- Hungry Proto-Dragon
(193806, 9, 107187, 1, 1, 46801), -- Primal Proto-Drake
(193806, 8, 107186, 1, 1, 46801), -- Primal Proto-Drake
(193806, 7, 107185, 1, 1, 46801), -- Primal Proto-Drake
(193806, 6, 107184, 1, 1, 46801), -- Primal Proto-Drake
(193806, 5, 107183, 1, 1, 46801), -- Primal Proto-Drake
(193806, 4, 107182, 1, 1, 46801), -- Primal Proto-Drake
(193806, 3, 107181, 1, 1, 46801), -- Primal Proto-Drake
(193806, 2, 107180, 1, 1, 46801), -- Primal Proto-Drake
(193806, 1, 107179, 1, 1, 46801), -- Primal Proto-Drake
(193806, 0, 104140, 1, 1, 46801), -- Primal Proto-Drake
(195597, 0, 104139, 1, 1, 46801), -- Primal Proto-Whelp
(195502, 2, 106596, 1, 1, 46801), -- Pricklefury Hare
(195502, 1, 106595, 1, 30, 46801), -- Pricklefury Hare
(195502, 0, 106594, 1, 69, 46801), -- Pricklefury Hare
(195242, 0, 104465, 1, 1, 46801), -- Distressed Marmoni
(195260, 0, 8971, 1, 1, 46801), -- Fire Beetle
(184862, 0, 104139, 1, 1, 46801), -- Primal Proto-Whelp
(187403, 0, 109962, 1, 1, 46801), -- Sil'nori Crestshade
(193811, 9, 107187, 1, 1, 46801), -- Primal Proto-Drake
(193811, 8, 107186, 1, 1, 46801), -- Primal Proto-Drake
(193811, 7, 107185, 1, 1, 46801), -- Primal Proto-Drake
(193811, 6, 107184, 1, 1, 46801), -- Primal Proto-Drake
(193811, 5, 107183, 1, 1, 46801), -- Primal Proto-Drake
(193811, 4, 107182, 1, 1, 46801), -- Primal Proto-Drake
(193811, 3, 107181, 1, 1, 46801), -- Primal Proto-Drake
(193811, 2, 107180, 1, 1, 46801), -- Primal Proto-Drake
(193811, 1, 107179, 1, 1, 46801), -- Primal Proto-Drake
(193811, 0, 104140, 1, 1, 46801), -- Primal Proto-Drake
(188057, 0, 106361, 1, 1, 46801), -- Curious Marmoni
(184859, 0, 102033, 1, 1, 46801), -- Scalecommander Cindrethresh
(184845, 0, 106352, 1, 1, 46801), -- Pathfinder Tacha
(184844, 0, 99812, 1, 1, 46801), -- Boss Magor
(184842, 0, 106349, 1, 1, 46801), -- Cataloger Coralie
(184841, 0, 105169, 1, 1, 46801), -- Naleidea Rivergleam
(184856, 1, 103576, 1, 1, 46801), -- Salty Skitterbug
(184856, 0, 103575, 1, 1, 46801), -- Salty Skitterbug
(195884, 1, 105871, 1, 1, 46801), -- Expedition Guarantor
(195884, 0, 105842, 1, 1, 46801), -- Expedition Guarantor
(191148, 0, 107350, 1, 1, 46801), -- Kite
(190524, 0, 82141, 1, 1, 46801), -- Mora Cloudwalker
(193816, 9, 107187, 1, 1, 46801), -- Primal Proto-Drake
(193816, 8, 107186, 1, 1, 46801), -- Primal Proto-Drake
(193816, 7, 107185, 1, 1, 46801), -- Primal Proto-Drake
(193816, 6, 107184, 1, 1, 46801), -- Primal Proto-Drake
(193816, 5, 107183, 1, 1, 46801), -- Primal Proto-Drake
(193816, 4, 107182, 1, 1, 46801), -- Primal Proto-Drake
(193816, 3, 107181, 1, 1, 46801), -- Primal Proto-Drake
(193816, 2, 107180, 1, 1, 46801), -- Primal Proto-Drake
(193816, 1, 107179, 1, 1, 46801), -- Primal Proto-Drake
(193816, 0, 104140, 1, 1, 46801), -- Primal Proto-Drake
(192153, 6, 103998, 1, 1, 46801), -- Baby Octopus
(192153, 5, 103999, 1, 1, 46801), -- Baby Octopus
(192153, 4, 104000, 1, 1, 46801), -- Baby Octopus
(192153, 3, 104001, 1, 1, 46801), -- Baby Octopus
(192153, 2, 104002, 1, 1, 46801), -- Baby Octopus
(192153, 1, 104003, 1, 1, 46801), -- Baby Octopus
(192153, 0, 104004, 1, 1, 46801), -- Baby Octopus
(192143, 3, 104010, 1, 1, 46801), -- Baby Sea Turtle
(192143, 2, 104011, 1, 1, 46801), -- Baby Sea Turtle
(192143, 1, 104012, 1, 1, 46801), -- Baby Sea Turtle
(192143, 0, 104009, 1, 1, 46801), -- Baby Sea Turtle
(192142, 3, 103930, 1, 1, 46801), -- Sea Turtle
(192142, 2, 103931, 1, 1, 46801), -- Sea Turtle
(192142, 1, 103932, 1, 1, 46801), -- Sea Turtle
(192142, 0, 103929, 1, 1, 46801), -- Sea Turtle
(188027, 0, 103366, 1, 1, 46801), -- Salty Salamander
(190526, 0, 82142, 1, 1, 46801), -- Jaffe Cloudwalker
(191060, 0, 103583, 1, 1, 46801), -- Fussy Swoglet
(190532, 0, 107152, 1, 1, 46801), -- Kite
(190516, 0, 107151, 1, 1, 46801), -- Ephra Breezewood
(187062, 1, 83049, 1, 1, 46801), -- Expedition Guarantor
(187062, 0, 83042, 1, 1, 46801), -- Expedition Guarantor
(184861, 0, 104465, 1, 1, 46801), -- Distressed Marmoni
(195639, 9, 107187, 1, 1, 46801), -- Primal Proto-Drake
(195639, 8, 107186, 1, 1, 46801), -- Primal Proto-Drake
(195639, 7, 107185, 1, 1, 46801), -- Primal Proto-Drake
(195639, 6, 107184, 1, 1, 46801), -- Primal Proto-Drake
(195639, 5, 107183, 1, 1, 46801), -- Primal Proto-Drake
(195639, 4, 107182, 1, 1, 46801), -- Primal Proto-Drake
(195639, 3, 107181, 1, 1, 46801), -- Primal Proto-Drake
(195639, 2, 107180, 1, 1, 46801), -- Primal Proto-Drake
(195639, 1, 107179, 1, 1, 46801), -- Primal Proto-Drake
(195639, 0, 104140, 1, 1, 46801), -- Primal Proto-Drake
(187061, 1, 105871, 1, 1, 46801), -- Expedition Guarantor
(187061, 0, 105842, 1, 1, 46801), -- Expedition Guarantor
(192149, 3, 103969, 1, 1, 46801), -- River Frillfish
(192149, 2, 103968, 1, 1, 46801), -- River Frillfish
(192149, 1, 103967, 1, 1, 46801), -- River Frillfish
(192149, 0, 103966, 1, 1, 46801), -- River Frillfish
(192132, 4, 104496, 1, 1, 46801), -- Depths Eel
(192132, 3, 104502, 1, 1, 46801), -- Depths Eel
(192132, 2, 104503, 1, 1, 46801), -- Depths Eel
(192132, 1, 104504, 1, 1, 46801), -- Depths Eel
(192132, 0, 104505, 1, 1, 46801), -- Depths Eel
(187140, 0, 103564, 1, 1, 46801), -- Cantankerous Hornswog
(192148, 2, 103954, 1, 1, 46801), -- Tranquil Tideskipper
(192148, 1, 103955, 1, 1, 46801), -- Tranquil Tideskipper
(192148, 0, 103956, 1, 1, 46801), -- Tranquil Tideskipper
(184857, 0, 103955, 1, 1, 46801), -- Rambunctious Tideskipper
(196954, 0, 106919, 1, 1, 46801), -- Guff Runetotem
(198299, 0, 103583, 0.400000005960464477, 1, 46801), -- Happy Swoglet
(190587, 3, 107174, 1, 1, 46801), -- Ancient Proto-Dragon
(190587, 2, 107173, 1, 1, 46801), -- Ancient Proto-Dragon
(190587, 1, 107172, 1, 1, 46801), -- Ancient Proto-Dragon
(190587, 0, 107171, 1, 1, 46801), -- Ancient Proto-Dragon
(190056, 9, 107187, 1, 1, 46801), -- Primal Proto-Drake
(190056, 8, 107186, 1, 1, 46801), -- Primal Proto-Drake
(190056, 7, 107185, 1, 1, 46801), -- Primal Proto-Drake
(190056, 6, 107184, 1, 1, 46801), -- Primal Proto-Drake
(190056, 5, 107183, 1, 1, 46801), -- Primal Proto-Drake
(190056, 4, 107182, 1, 1, 46801), -- Primal Proto-Drake
(190056, 3, 107181, 1, 1, 46801), -- Primal Proto-Drake
(190056, 2, 107180, 1, 1, 46801), -- Primal Proto-Drake
(190056, 1, 107179, 1, 1, 46801), -- Primal Proto-Drake
(190056, 0, 104140, 1, 1, 46801), -- Primal Proto-Drake
(184869, 9, 107187, 1, 1, 46801), -- Primal Proto-Drake
(184869, 8, 107186, 1, 1, 46801), -- Primal Proto-Drake
(184869, 7, 107185, 1, 1, 46801), -- Primal Proto-Drake
(184869, 6, 107184, 1, 1, 46801), -- Primal Proto-Drake
(184869, 5, 107183, 1, 1, 46801), -- Primal Proto-Drake
(184869, 4, 107182, 1, 1, 46801), -- Primal Proto-Drake
(184869, 3, 107181, 1, 1, 46801), -- Primal Proto-Drake
(184869, 2, 107180, 1, 1, 46801), -- Primal Proto-Drake
(184869, 1, 107179, 1, 1, 46801), -- Primal Proto-Drake
(184869, 0, 104140, 1, 1, 46801), -- Primal Proto-Drake
(192151, 4, 103971, 1, 1, 46801), -- Smoothfin Mantacorn
(192151, 3, 103972, 1, 1, 46801), -- Smoothfin Mantacorn
(192151, 2, 103973, 1, 1, 46801), -- Smoothfin Mantacorn
(192151, 1, 103974, 1, 1, 46801), -- Smoothfin Mantacorn
(192151, 0, 103970, 1, 1, 46801), -- Smoothfin Mantacorn
(195796, 9, 107187, 1, 1, 46801), -- Primal Proto-Drake
(195796, 8, 107186, 1, 1, 46801), -- Primal Proto-Drake
(195796, 7, 107185, 1, 1, 46801), -- Primal Proto-Drake
(195796, 6, 107184, 1, 1, 46801), -- Primal Proto-Drake
(195796, 5, 107183, 1, 1, 46801), -- Primal Proto-Drake
(195796, 4, 107182, 1, 1, 46801), -- Primal Proto-Drake
(195796, 3, 107181, 1, 1, 46801), -- Primal Proto-Drake
(195796, 2, 107180, 1, 1, 46801), -- Primal Proto-Drake
(195796, 1, 107179, 1, 1, 46801), -- Primal Proto-Drake
(195796, 0, 104140, 1, 1, 46801), -- Primal Proto-Drake
(195795, 3, 107174, 1, 1, 46801), -- Ancient Proto-Dragon
(195795, 2, 107173, 1, 1, 46801), -- Ancient Proto-Dragon
(195795, 1, 107172, 1, 1, 46801), -- Ancient Proto-Dragon
(195795, 0, 107171, 1, 1, 46801), -- Ancient Proto-Dragon
(189351, 0, 106352, 1, 1, 46801), -- Pathfinder Tacha
(189350, 0, 99812, 1, 1, 46801), -- Boss Magor
(189347, 0, 106349, 1, 1, 46801), -- Cataloger Coralie
(189346, 0, 102033, 1, 1, 46801), -- Scalecommander Cindrethresh
(194576, 0, 108628, 1, 1, 46801), -- Vernell Bartlett
(194116, 0, 108394, 1, 1, 46801), -- Shin Summerhill
(194065, 0, 108379, 1, 1, 46801), -- Ketuna Skyflame
(189609, 0, 83251, 1, 1, 46801), -- Quartermaster Furlein
(194582, 0, 108632, 1, 1, 46801), -- Mathog Hideflayer
(194581, 0, 108631, 1, 1, 46801), -- Trauga Bloodhelm
(194569, 0, 108626, 1, 1, 46801), -- Si'va
(194563, 0, 108625, 1, 1, 46801), -- Arandil Featherdawn
(194050, 0, 108375, 1, 1, 46801), -- Zalanti
(194583, 0, 108634, 1, 1, 46801), -- Krakz Cloudgrease
(194561, 0, 108624, 1, 1, 46801), -- Talanath Goldcrest
(194361, 0, 108483, 1, 1, 46801), -- Rathamaresh
(194073, 0, 86940, 1, 1, 46801), -- Lux Fizzlegig
(198367, 1, 27823, 1, 1, 46801), -- (Bunny) Crow's Nest [DNT]
(198367, 0, 14473, 1, 0, 46801), -- (Bunny) Crow's Nest [DNT]
(198368, 1, 11686, 1, 1, 46801), -- (Bunny) Crow's Nest
(198368, 0, 14473, 1, 0, 46801), -- (Bunny) Crow's Nest
(194056, 0, 22992, 1, 1, 46801), -- Dragon Kite
(194055, 0, 108376, 1, 1, 46801), -- Dahanu Highwing
(194577, 0, 108629, 1, 1, 46801), -- Rinka
(194115, 7, 108391, 1, 1, 46801), -- Airship Worker
(194115, 6, 108390, 1, 1, 46801), -- Airship Worker
(194115, 5, 108393, 1, 1, 46801), -- Airship Worker
(194115, 4, 108392, 1, 1, 46801), -- Airship Worker
(194115, 3, 108389, 1, 1, 46801), -- Airship Worker
(194115, 2, 108388, 1, 1, 46801), -- Airship Worker
(194115, 1, 108387, 1, 1, 46801), -- Airship Worker
(194115, 0, 108386, 1, 1, 46801), -- Airship Worker
(198750, 3, 104846, 1, 1, 46801), -- Expedition Escort
(198750, 2, 104845, 1, 1, 46801), -- Expedition Escort
(198750, 1, 104844, 1, 1, 46801), -- Expedition Escort
(198750, 0, 104843, 1, 1, 46801), -- Expedition Escort
(184286, 0, 106884, 1, 1, 46801); -- Captain Caspartine

INSERT INTO `creature_template_model` (`CreatureID`, `Idx`, `CreatureDisplayID`, `DisplayScale`, `Probability`, `VerifiedBuild`) VALUES
(184807, 1, 27823, 1, 1, 46801), -- The Defiant Dragonscale
(184807, 0, 14473, 1, 0, 46801), -- The Defiant Dragonscale
(198096, 1, 104198, 1, 1, 46801), -- Valdrakken Flightmage
(198096, 0, 104187, 1, 1, 46801), -- Valdrakken Flightmage
(189333, 0, 105169, 1, 1, 46801); -- Naleidea Rivergleam

UPDATE `creature_template_model` SET `VerifiedBuild`=46801 WHERE (`Idx`=1 AND `CreatureID` IN (179965,4075,62005,195830,187196,25110,187193,27893,26125,61158,61325,197611,184814,184812,184813,180701,198476,198434,189554,3300,199726,3197,3198,71100,40891,173548,149522,148768,72654,72559,28960,14499,52810,42548,4953,49837,62115,113395,93223,133271,61367,15476,14881,44158,45230,32520,50088,38821,49743,109912,3296,74228,51346,62114)) OR (`Idx`=0 AND `CreatureID` IN (179965,181535,4075,62005,25212,195830,187196,25110,187193,43499,69791,69792,27893,26125,60761,61158,6145,61751,39604,3208,3126,3123,417,121541,32642,32641,29238,61325,158637,197611,174170,43239,160530,160528,160527,197288,189075,160529,160526,3108,195385,195357,184814,184809,41621,184810,184808,198412,184812,181575,1860,198411,197279,195899,193450,190239,184813,180701,198476,198475,198434,189554,184858,184671,184665,62116,5951,3100,3300,3127,3204,199726,4311,3197,175156,3198,71100,40891,173548,149522,148768,3313,5817,137762,135202,88702,88701,62822,62821,6929,6466,5610,5609,5606,88703,5614,5613,5611,165189,44872,44871,44868,44867,44866,44865,44338,72654,198541,198497,72559,68979,57801,54473,54472,28960,14375,198538,62198,62194,3367,3329,198540,3369,62200,62199,49737,46709,46708,42506,14498,14451,3368,14499,52812,52809,198557,198553,198542,52810,47663,11017,8659,3413,3412,3348,2857,52032,46741,46718,46716,7010,3372,3371,141310,3189,42548,189077,176095,130911,44735,176012,1420,20492,9564,44948,44726,44745,4953,49837,43062,20486,47254,174147,62115,141920,44723,113395,88704,5875,44919,49131,3216,50488,3345,11066,63626,93223,3310,133271,61367,3335,54004,44743,5639,54113,176094,95057,15476,44740,14881,88705,20489,44158,45230,44918,32520,50088,38821,141912,20491,49743,50323,20488,5816,12136,114104,180016,109912,141528,5909,3296,74228,46181,44725,88706,50477,20493,3330,51346,3346,95234,62114,46742,20490,73780,21354,65011,46754,32207,28302,20029,20030,18379,18380,18378,18377,18365,18364,18363,14505,60941,305,304)) OR (`Idx`=2 AND `CreatureID` IN (4075,62005,195830,187196,25110,187193,26125,61158,61325,184814,184812,184813,198434,189554,3300,71100,40891,14499,42548,4953,49837,62115,133271,61367,15476,44158,45230,49743,109912,3296,74228,51346,62114)) OR (`Idx`=3 AND `CreatureID` IN (62005,195830,187196,25110,187193,26125,61158,184814,184812,184813,198434,189554,71100,40891,14499,42548,4953,49837,62115,133271,61367,15476,44158,45230,49743,3296,74228,51346,62114)) OR (`Idx`=9 AND `CreatureID` IN (195830,187193,184814,184812)) OR (`Idx`=8 AND `CreatureID` IN (195830,187193,184814,184812,189554)) OR (`Idx`=7 AND `CreatureID` IN (195830,187196,187193,184814,184812,184813,189554)) OR (`Idx`=6 AND `CreatureID` IN (195830,187196,187193,184814,184812,184813,189554)) OR (`Idx`=5 AND `CreatureID` IN (195830,187196,187193,184814,184812,184813,189554,45230,3296)) OR (`Idx`=4 AND `CreatureID` IN (195830,187196,187193,184814,184812,184813,189554,45230,3296)) OR (`Idx`=11 AND `CreatureID`=184812) OR (`Idx`=10 AND `CreatureID`=184812);

DELETE FROM `creature_questitem` WHERE (`Idx`=0 AND `CreatureEntry` IN (195915,197260,195678,187432,187431,187433,187263,187320,195577,193876,192266,192274,187321,195597,184862)) OR (`Idx`=1 AND `CreatureEntry`=195678);
INSERT INTO `creature_questitem` (`CreatureEntry`, `Idx`, `ItemId`, `VerifiedBuild`) VALUES
(195915, 0, 200119, 46801), -- Firava the Rekindler
(197260, 0, 191855, 46801), -- Flameshaper Lorak
(195678, 1, 198984, 46801), -- Qalashi Marauder
(195678, 0, 198984, 46801), -- Qalashi Marauder
(187432, 0, 191546, 46801), -- Windyfin Windbringer
(187431, 0, 191546, 46801), -- Windyfin Skybasher
(187433, 0, 191546, 46801), -- Windyfin Squallstalker
(187263, 0, 191549, 46801), -- Soggymaw Wavebringer
(187320, 0, 191549, 46801), -- Soggymaw Seabasher
(195577, 0, 198398, 46801), -- Primal Proto-Whelp
(193876, 0, 198398, 46801), -- Primal Proto-Whelp
(192266, 0, 190386, 46801), -- Baron Crustcore
(192274, 0, 194548, 46801), -- Baron Ashflow
(187321, 0, 198135, 46801), -- Primal Lava Elemental
(195597, 0, 189565, 46801), -- Primal Proto-Whelp
(184862, 0, 189565, 46801); -- Primal Proto-Whelp

UPDATE `creature_questitem` SET `VerifiedBuild`=46801 WHERE (`Idx`=0 AND `CreatureEntry` IN (3108,3127,3197,3198)) OR (`Idx`=1 AND `CreatureEntry` IN (3197,3198));

DELETE FROM `gameobject_template` WHERE `entry` IN (380534 /*Lost Arvillo*/, 380833 /*Primal Fire Conduit*/, 377502 /*Primal Fire Conduit*/, 376199 /*Hatched Dragon Egg*/, 376945 /*The Red and the Black Flights*/, 376942 /*The Scales of Wrath*/, 376941 /*The Titanic Comedy*/, 242514 /*Books on Fire*/, 376679 /*Ritual Circle*/, 377499 /*On the Origin of Draconic Species*/, 379263 /*Rich Draconium Deposit*/, 375238 /*Titan-Touched Draconium Deposit*/, 376634 /*Rock Wall*/, 377209 /*Water Basin [DNT]*/, 382031 /*Oily Dropcap*/, 379267 /*Rich Draconium Deposit*/, 385180 /*Lava*/, 380579 /*Spare Djaradin Tools*/, 380619 /*Curious Ingots*/, 376580 /*Djaradin Cache*/, 385181 /*Lava*/, 381209 /*Hochenblume*/, 385179 /*Lava*/, 377314 /*Dragon Parts [DNT]*/, 380940 /*Broken Head*/, 379206 /*Forge*/, 379205 /*Anvil*/, 376626 /*Djaradin Armaments*/, 381100 /*Temporal Dragonhead Pool*/, 381214 /*Frigid Hochenblume*/, 384837 /*Waking Frost*/, 381673 /*Gorloc Crystals*/, 376482 /*Viscera-Covered Shells*/, 384836 /*Waking Air*/, 384839 /*Waking Earth*/, 381071 /*Box of Rocks*/, 377009 /*Pile of Wind-Infused Shells*/, 377014 /*Pile of Water-Infused Shells*/, 381957 /*Lush Bubble Poppy*/, 380918 /*Broken Ornamented Statue*/, 380654 /*Dead Man's Chestplate*/, 377022 /*Ruby Door*/, 377307 /*Dragon Crystal Toy [DNT]*/, 349487 /*Skeleton*/, 349486 /*Skeleton*/, 382030 /*Nectar Filled Panthis*/, 381097 /*Thousandbite Piranha Swarm*/, 381674 /*Mature White Bell*/, 380502 /*Siege Arbalest*/, 381207 /*Saxifrage*/, 376186 /*Table*/, 381721 /*Campfire*/, 381205 /*Titan-Touched Saxifrage*/, 381105 /*Rich Serevite Deposit*/, 380604 /*Mysterious Banner*/, 384942 /*Bench*/, 384941 /*Bench*/, 384939 /*Stool*/, 384748 /*Cooking Oven*/, 379227 /*Conspicuous Note*/, 378999 /*Shiny Surveyors Scope*/, 378435 /*Embassy Visitor Log*/, 377983 /*Table*/, 384940 /*Stool*/, 384938 /*Stool*/, 378437 /*Alexstrasza's Welcome*/, 384953 /*Crate*/, 384951 /*Stool*/, 380853 /*Leatherworker's Tool Bench*/, 379183 /*Anvil*/, 379182 /*Mailbox*/, 379177 /*Forge*/, 378440 /*Fragment*/, 380854 /*Enchanter's Lectern*/, 379175 /*Brazier*/, 379000 /*Jeb's Backup Supply Pack*/, 378997 /*Golden Expedition Compass*/, 379179 /*Campfire*/, 377254 /*Dock*/, 379181 /*Brazier*/, 379180 /*Brazier*/, 378438 /*Brazier of Kinship*/, 379176 /*Brazier*/, 381515 /*Hardened Serevite Deposit*/, 381099 /*Cerulean Spinefish School*/, 381910 /*Stool*/, 378462 /*Campfire*/, 381098 /*Aileron Seamoth School*/, 268885 /*Fishing Bobber*/, 379276 /*Campfire*/, 381103 /*Serevite Deposit*/, 376502 /*Protodragon Rib Cage*/, 381516 /*Molten Serevite Deposit*/, 381102 /*Serevite Deposit*/, 375073 /*The Rugged Dragonscale*/, 376849 /*Reliquary Arcwine*/, 376846 /*Reliquary Pillows*/, 376845 /*Reliquary Chair*/, 376704 /*Reliquary Pillow*/, 376842 /*Telescope*/, 376840 /*Reliquary Jar*/, 376839 /*Reliquary Jar*/, 376674 /*Reliquary Crate*/, 376837 /*Reliquary Barrel*/, 376708 /*Reliquary Crate*/, 375041 /*The Defiant Dragonscale*/, 383583 /*Portal to Valdrakken*/);
INSERT INTO `gameobject_template` (`entry`, `type`, `displayId`, `name`, `IconName`, `castBarCaption`, `unk1`, `size`, `Data0`, `Data1`, `Data2`, `Data3`, `Data4`, `Data5`, `Data6`, `Data7`, `Data8`, `Data9`, `Data10`, `Data11`, `Data12`, `Data13`, `Data14`, `Data15`, `Data16`, `Data17`, `Data18`, `Data19`, `Data20`, `Data21`, `Data22`, `Data23`, `Data24`, `Data25`, `Data26`, `Data27`, `Data28`, `Data29`, `Data30`, `Data31`, `Data32`, `Data33`, `Data34`, `ContentTuningId`, `VerifiedBuild`) VALUES
(380534, 15, 75634, 'Lost Arvillo', '', '', '', 1, 9136, 10, 2, 0, 0, 81, 2573, 0, 0, 0, 0, 0, 0, 0, 0, 0, 0, 0, 0, 0, 0, 0, 0, 0, 0, 0, 0, 0, 0, 0, 0, 0, 0, 0, 0, 0, 46801), -- Lost Arvillo
(380833, 5, 73998, 'Primal Fire Conduit', '', '', '', 1.240000009536743164, 0, 0, 0, 0, 0, 0, 0, 0, 0, 0, 0, 0, 0, 0, 0, 0, 0, 0, 0, 0, 0, 0, 0, 0, 0, 0, 0, 0, 0, 0, 0, 0, 0, 0, 0, 0, 46801), -- Primal Fire Conduit
(377502, 5, 75227, 'Primal Fire Conduit', '', '', '', 1.5, 0, 0, 0, 0, 0, 0, 0, 0, 0, 0, 0, 0, 0, 0, 0, 0, 0, 0, 0, 0, 0, 0, 0, 0, 0, 0, 0, 0, 0, 0, 0, 0, 0, 0, 0, 0, 46801), -- Primal Fire Conduit
(376199, 5, 73988, 'Hatched Dragon Egg', 'questinteract', '', '', 1, 0, 0, 0, 0, 0, 0, 0, 0, 0, 0, 0, 0, 0, 0, 0, 0, 0, 0, 0, 0, 0, 0, 0, 0, 0, 0, 0, 0, 0, 0, 0, 0, 0, 0, 0, 0, 46801), -- Hatched Dragon Egg
(376945, 3, 74798, 'The Red and the Black Flights', 'questinteract', 'Collecting', '', 1, 1691, 0, 1, 0, 0, 0, 0, 0, 0, 0, 0, 0, 0, 0, 19676, 0, 0, 0, 0, 0, 0, 0, 0, 0, 0, 0, 0, 0, 0, 0, 111698, 1, 0, 0, 0, 2285, 46801), -- The Red and the Black Flights
(376942, 3, 74537, 'The Scales of Wrath', 'questinteract', 'Collecting', '', 0.699999988079071044, 1691, 111695, 1, 0, 0, 0, 0, 0, 0, 0, 0, 0, 0, 0, 19676, 0, 0, 0, 0, 0, 0, 0, 0, 0, 0, 0, 0, 0, 0, 0, 0, 1, 0, 0, 0, 2285, 46801), -- The Scales of Wrath
(376941, 3, 74795, 'The Titanic Comedy', 'questinteract', 'Collecting', '', 1, 1691, 0, 1, 0, 0, 0, 0, 0, 0, 0, 0, 0, 0, 0, 19676, 0, 0, 0, 0, 0, 0, 0, 0, 0, 0, 0, 0, 0, 0, 0, 111694, 1, 0, 0, 0, 2285, 46801), -- The Titanic Comedy
(242514, 5, 7189, 'Books on Fire', '', '', '', 1, 0, 0, 0, 0, 0, 0, 0, 0, 0, 0, 0, 0, 0, 0, 0, 0, 0, 0, 0, 0, 0, 0, 0, 0, 0, 0, 0, 0, 0, 0, 0, 0, 0, 0, 0, 0, 46801), -- Books on Fire
(376679, 5, 74516, 'Ritual Circle', '', '', '', 2, 0, 0, 0, 0, 0, 0, 0, 0, 0, 0, 0, 0, 0, 0, 0, 0, 0, 0, 0, 0, 0, 0, 0, 0, 0, 0, 0, 0, 0, 0, 0, 0, 0, 0, 0, 0, 46801), -- Ritual Circle
(377499, 2, 74796, 'On the Origin of Draconic Species', '', '', '', 1, 0, 25037, 0, 0, 0, 0, 0, 0, 0, 0, 100127, 0, 0, 0, 0, 0, 0, 0, 0, 0, 0, 0, 0, 0, 0, 0, 0, 0, 0, 0, 0, 0, 0, 0, 0, 0, 46801), -- On the Origin of Draconic Species
(379263, 50, 76206, 'Rich Draconium Deposit', '', '', '', 1, 3396, 114130, 0, 0, 100, 100, 30, 0, 0, 0, 0, 0, 681, 1, 388670, 0, 0, 0, 10, 0, 0, 0, 0, 1, 0, 0, 0, 0, 0, 0, 0, 0, 0, 0, 0, 2181, 46801), -- Rich Draconium Deposit
(375238, 50, 76210, 'Titan-Touched Draconium Deposit', '', '', '', 1, 3396, 114130, 0, 0, 100, 100, 30, 0, 0, 0, 0, 0, 681, 1, 388580, 0, 0, 0, 10, 0, 0, 0, 0, 1, 0, 0, 0, 0, 0, 0, 0, 0, 0, 0, 0, 2181, 46801), -- Titan-Touched Draconium Deposit
(376634, 0, 74485, 'Rock Wall', '', '', '', 1, 0, 3428, 3000, 0, 0, 0, 0, 0, 0, 1, 0, 0, 700, 0, 0, 0, 0, 0, 0, 0, 0, 0, 0, 0, 0, 0, 0, 0, 0, 0, 0, 0, 0, 0, 0, 0, 46801), -- Rock Wall
(377209, 5, 75078, 'Water Basin [DNT]', '', '', '', 1, 0, 0, 0, 0, 0, 0, 0, 0, 0, 0, 0, 0, 0, 0, 0, 0, 0, 0, 0, 0, 0, 0, 0, 0, 0, 0, 0, 0, 0, 0, 0, 0, 0, 0, 0, 0, 46801), -- Water Basin [DNT]
(382031, 50, 77564, 'Oily Dropcap', 'openhand', '', '', 1, 3427, 113620, 0, 1, 0, 0, 3, 0, 0, 0, 0, 0, 0, 0, 0, 0, 0, 5482, 1, 0, 0, 0, 0, 1, 0, 0, 0, 0, 0, 0, 0, 0, 0, 0, 0, 2214, 46801), -- Oily Dropcap
(379267, 50, 76203, 'Rich Draconium Deposit', '', '', '', 1, 3396, 114130, 0, 0, 100, 100, 30, 0, 0, 0, 0, 0, 681, 1, 388670, 0, 0, 0, 10, 0, 0, 0, 0, 1, 0, 0, 0, 0, 0, 0, 0, 0, 0, 0, 0, 2181, 46801), -- Rich Draconium Deposit
(385180, 8, 79241, 'Lava', '', '', '', 0.60769730806350708, 1851, 10, 384856, 0, 0, 0, 0, 0, 0, 0, 0, 0, 0, 0, 0, 0, 0, 0, 0, 0, 0, 0, 0, 0, 0, 0, 0, 0, 0, 0, 0, 0, 0, 0, 0, 0, 46801), -- Lava
(380579, 3, 76409, 'Spare Djaradin Tools', '', 'Opening', '', 1, 43, 0, 1, 0, 1, 1, 0, 0, 0, 0, 0, 0, 0, 1, 21400, 0, 0, 100245, 0, 2, 0, 0, 0, 0, 0, 0, 0, 0, 0, 5306, 112488, 0, 108, 0, 0, 2214, 46801), -- Spare Djaradin Tools
(380619, 3, 68849, 'Curious Ingots', 'interact', '', '', 1.5, 1690, 0, 1, 0, 1, 1, 0, 0, 0, 0, 0, 0, 0, 0, 0, 0, 0, 100300, 0, 0, 0, 0, 0, 0, 0, 0, 0, 0, 0, 5334, 112525, 0, 108, 0, 0, 2214, 46801), -- Curious Ingots
(376580, 50, 22474, 'Djaradin Cache', '', '', '', 0.699999988079071044, 3427, 110621, 0, 1, 0, 0, 90, 0, 0, 0, 0, 0, 0, 3, 0, 0, 0, 0, 10, 1, 0, 0, 0, 1, 0, 0, 0, 0, 0, 0, 0, 0, 0, 0, 0, 2214, 46801), -- Djaradin Cache
(385181, 8, 79241, 'Lava', '', '', '', 0.60769730806350708, 1851, 10, 384856, 0, 0, 0, 0, 0, 0, 0, 0, 0, 0, 0, 0, 0, 0, 0, 0, 0, 0, 0, 0, 0, 0, 0, 0, 0, 0, 0, 0, 0, 0, 0, 0, 0, 46801), -- Lava
(381209, 50, 76894, 'Hochenblume', '', '', '', 1, 3381, 113382, 0, 0, 15, 30, 30, 0, 0, 0, 0, 0, 292, 1, 390407, 0, 0, 0, 10, 0, 0, 0, 0, 1, 0, 0, 0, 0, 0, 0, 0, 0, 0, 0, 0, 2181, 46801), -- Hochenblume
(385179, 8, 79241, 'Lava', '', '', '', 0.60769730806350708, 1851, 10, 384856, 0, 0, 0, 0, 0, 0, 0, 0, 0, 0, 0, 0, 0, 0, 0, 0, 0, 0, 0, 0, 0, 0, 0, 0, 0, 0, 0, 0, 0, 0, 0, 0, 0, 46801), -- Lava
(377314, 5, 75249, 'Dragon Parts [DNT]', '', '', '', 1, 0, 0, 0, 0, 0, 0, 0, 0, 0, 0, 0, 0, 0, 0, 0, 0, 0, 0, 0, 0, 0, 0, 0, 0, 0, 0, 0, 0, 0, 0, 0, 0, 0, 0, 0, 0, 46801), -- Dragon Parts [DNT]
(380940, 3, 76706, 'Broken Head', 'questinteract', 'Collecting', '', 0.60000002384185791, 43, 0, 1, 0, 0, 0, 0, 0, 0, 0, 0, 0, 0, 0, 19676, 0, 0, 0, 0, 0, 0, 0, 0, 0, 0, 0, 0, 0, 0, 0, 112731, 1, 0, 0, 0, 2401, 46801), -- Broken Head
(379206, 8, 73864, 'Forge', '', '', '', 1, 3, 10, 0, 0, 0, 0, 0, 0, 103829, 0, 30092, 0, 0, 0, 0, 0, 0, 0, 0, 0, 0, 0, 0, 0, 0, 0, 0, 0, 0, 0, 0, 0, 0, 0, 0, 0, 46801), -- Forge
(379205, 8, 75499, 'Anvil', '', '', '', 1, 1, 10, 0, 0, 0, 0, 0, 0, 103828, 0, 30091, 0, 0, 0, 0, 0, 0, 0, 0, 0, 0, 0, 0, 0, 0, 0, 0, 0, 0, 0, 0, 0, 0, 0, 0, 0, 46801), -- Anvil
(376626, 10, 74051, 'Djaradin Armaments', 'questinteract', 'Looting', '', 0.699999988079071044, 3317, 0, 0, 3000, 0, 1, 0, 0, 0, 0, 375859, 0, 0, 0, 222227, 0, 0, 0, 0, 0, 1, 0, 0, 1, 0, 0, 0, 0, 0, 0, 0, 0, 0, 0, 0, 2297, 46801), -- Djaradin Armaments
(381100, 25, 6482, 'Temporal Dragonhead Pool', '', '', '', 1, 4, 112881, 3, 5, 1628, 0, 0, 0, 0, 0, 0, 0, 0, 0, 0, 0, 0, 0, 0, 0, 0, 0, 0, 0, 0, 0, 0, 0, 0, 0, 0, 0, 0, 0, 0, 2164, 46801), -- Temporal Dragonhead Pool
(381214, 50, 76894, 'Frigid Hochenblume', '', '', '', 1.5, 3381, 113382, 0, 0, 60, 100, 30, 0, 0, 0, 0, 0, 292, 1, 390415, 0, 0, 0, 10, 0, 0, 0, 0, 1, 0, 0, 0, 0, 0, 0, 0, 0, 0, 0, 0, 2181, 46801), -- Frigid Hochenblume
(384837, 10, 78991, 'Waking Frost', '', 'Activating', '', 0.400000005960464477, 43, 0, 0, 30000, 0, 1, 0, 0, 0, 0, 395940, 0, 0, 0, 27700, 0, 0, 0, 0, 0, 0, 0, 0, 1, 0, 0, 0, 0, 0, 0, 0, 0, 0, 0, 0, 0, 46801), -- Waking Frost
(381673, 50, 74149, 'Gorloc Crystals', '', '', '', 1, 3427, 113269, 0, 1, 0, 0, 1, 0, 0, 0, 0, 0, 0, 0, 0, 0, 0, 5482, 1, 0, 0, 0, 0, 1, 0, 0, 0, 0, 0, 0, 0, 0, 0, 0, 0, 2214, 46801), -- Gorloc Crystals
(376482, 10, 74334, 'Viscera-Covered Shells', 'questinteract', '', '', 0.200000002980232238, 2703, 0, 0, 3000, 0, 0, 0, 0, 0, 0, 0, 0, 0, 0, 0, 0, 0, 0, 0, 0, 1, 0, 0, 1, 0, 0, 0, 0, 0, 0, 0, 0, 0, 0, 0, 2151, 46801), -- Viscera-Covered Shells
(384836, 10, 78990, 'Waking Air', '', 'Activating', '', 0.400000005960464477, 43, 0, 0, 30000, 0, 1, 0, 0, 0, 0, 395932, 0, 0, 0, 27700, 0, 0, 0, 0, 0, 0, 0, 0, 1, 0, 0, 0, 0, 0, 0, 0, 0, 0, 0, 0, 0, 46801), -- Waking Air
(384839, 10, 74957, 'Waking Earth', '', 'Activating', '', 0.400000005960464477, 43, 0, 0, 30000, 0, 1, 0, 0, 0, 0, 395960, 0, 0, 0, 27700, 0, 0, 0, 0, 0, 0, 0, 0, 1, 0, 0, 0, 0, 0, 0, 0, 0, 0, 0, 0, 0, 46801), -- Waking Earth
(381071, 3, 51535, 'Box of Rocks', '', 'Collecting', '', 1, 1922, 0, 5, 1, 0, 0, 0, 0, 0, 0, 0, 0, 0, 0, 19676, 0, 0, 0, 0, 0, 0, 0, 0, 0, 0, 0, 0, 0, 0, 0, 112862, 0, 0, 0, 0, 2287, 46801), -- Box of Rocks
(377009, 3, 74861, 'Pile of Wind-Infused Shells', 'questinteract', '', '', 1, 2826, 0, 1, 0, 0, 0, 0, 0, 66106, 0, 0, 0, 0, 0, 0, 0, 0, 97592, 0, 0, 0, 0, 0, 0, 0, 0, 0, 0, 0, 0, 111239, 1, 0, 0, 0, 2294, 46801), -- Pile of Wind-Infused Shells
(377014, 3, 74861, 'Pile of Water-Infused Shells', 'questinteract', '', '', 1, 2826, 0, 1, 0, 0, 0, 0, 0, 66106, 0, 0, 0, 0, 0, 0, 0, 0, 97592, 0, 0, 0, 0, 0, 0, 0, 0, 0, 0, 0, 0, 111238, 1, 0, 0, 0, 2294, 46801), -- Pile of Water-Infused Shells
(381957, 50, 77405, 'Lush Bubble Poppy', '', '', '', 1.20000004768371582, 3381, 113538, 0, 0, 100, 175, 30, 0, 0, 0, 0, 0, 292, 1, 390407, 0, 0, 0, 10, 0, 0, 0, 0, 1, 0, 0, 0, 0, 0, 0, 0, 0, 0, 0, 0, 2181, 46801), -- Lush Bubble Poppy
(380918, 2, 76673, 'Broken Ornamented Statue', 'quest', '', '', 0.300000011920928955, 0, 25638, 0, 0, 0, 0, 0, 0, 0, 1, 0, 0, 0, 0, 0, 0, 0, 0, 0, 0, 0, 0, 0, 0, 0, 0, 0, 0, 0, 0, 0, 0, 0, 0, 0, 2401, 46801), -- Broken Ornamented Statue
(380654, 3, 76519, 'Dead Man\'s Chestplate', '', 'Opening', '', 1, 57, 0, 1, 1, 0, 0, 0, 0, 0, 0, 0, 0, 0, 1, 21400, 0, 0, 0, 0, 2, 0, 0, 0, 0, 0, 0, 0, 0, 0, 0, 112540, 0, 0, 0, 0, 2151, 46801), -- Dead Man's Chestplate
(377022, 0, 74399, 'Ruby Door', '', '', '', 1.728999614715576171, 0, 0, 0, 0, 0, 0, 0, 0, 1, 0, 0, 0, 0, 0, 0, 0, 0, 0, 0, 0, 0, 0, 0, 0, 0, 0, 0, 0, 0, 0, 0, 0, 0, 0, 0, 0, 46801), -- Ruby Door
(377307, 5, 74001, 'Dragon Crystal Toy [DNT]', '', '', '', 0.75, 0, 0, 0, 0, 0, 0, 0, 0, 0, 0, 0, 0, 0, 0, 0, 0, 0, 0, 0, 0, 0, 0, 0, 0, 0, 0, 0, 0, 0, 0, 0, 0, 0, 0, 0, 0, 46801), -- Dragon Crystal Toy [DNT]
(349487, 5, 5731, 'Skeleton', '', '', '', 1, 0, 0, 0, 0, 0, 0, 0, 1, 0, 0, 0, 0, 0, 0, 0, 0, 0, 0, 0, 0, 0, 0, 0, 0, 0, 0, 0, 0, 0, 0, 0, 0, 0, 0, 0, 0, 46801), -- Skeleton
(349486, 5, 4451, 'Skeleton', '', '', '', 1, 0, 0, 0, 0, 0, 0, 0, 1, 0, 0, 0, 0, 0, 0, 0, 0, 0, 0, 0, 0, 0, 0, 0, 0, 0, 0, 0, 0, 0, 0, 0, 0, 0, 0, 0, 0, 46801), -- Skeleton
(382030, 50, 76411, 'Nectar Filled Panthis', 'openhand', '', '', 0.800000011920928955, 3427, 113619, 0, 1, 0, 0, 3, 0, 0, 0, 0, 0, 0, 0, 0, 0, 0, 5482, 1, 0, 0, 0, 0, 1, 0, 0, 0, 0, 0, 0, 0, 0, 0, 0, 0, 2214, 46801), -- Nectar Filled Panthis
(381097, 25, 6742, 'Thousandbite Piranha Swarm', '', '', '', 1, 4, 113135, 3, 5, 1628, 0, 0, 0, 0, 0, 0, 0, 0, 0, 0, 0, 0, 0, 0, 0, 0, 0, 0, 0, 0, 0, 0, 0, 0, 0, 0, 0, 0, 0, 0, 2164, 46801), -- Thousandbite Piranha Swarm
(381674, 50, 76412, 'Mature White Bell', 'openhand', '', '', 1, 3427, 113270, 0, 1, 0, 0, 3, 0, 0, 0, 0, 0, 0, 0, 0, 0, 0, 5482, 1, 0, 0, 0, 0, 1, 0, 0, 0, 0, 0, 0, 0, 0, 0, 0, 0, 2214, 46801), -- Mature White Bell
(380502, 10, 73815, 'Siege Arbalest', '', 'Firing', '', 1, 2173, 0, 0, 3000, 0, 0, 0, 0, 0, 0, 0, 0, 0, 0, 59773, 0, 0, 0, 0, 0, 1, 0, 0, 0, 0, 0, 0, 0, 0, 0, 0, 0, 1, 0, 0, 2151, 46801), -- Siege Arbalest
(381207, 50, 76889, 'Saxifrage', '', '', '', 1, 3381, 113552, 0, 0, 30, 60, 30, 0, 0, 0, 0, 0, 292, 1, 390407, 0, 0, 0, 10, 0, 0, 0, 0, 1, 0, 0, 0, 0, 0, 0, 0, 0, 0, 0, 0, 2181, 46801), -- Saxifrage
(376186, 5, 73324, 'Table', '', '', '', 0.800000011920928955, 0, 0, 0, 0, 0, 0, 0, 0, 0, 0, 0, 0, 0, 0, 0, 0, 0, 0, 0, 0, 0, 0, 0, 0, 0, 0, 0, 0, 0, 0, 0, 0, 0, 0, 0, 0, 46801), -- Table
(381721, 8, 75250, 'Campfire', '', '', '', 1, 4, 10, 2061, 0, 0, 0, 0, 0, 0, 0, 0, 0, 0, 0, 0, 0, 0, 0, 0, 0, 0, 0, 0, 0, 0, 0, 0, 0, 0, 0, 0, 0, 0, 0, 0, 0, 46801), -- Campfire
(381205, 50, 76889, 'Titan-Touched Saxifrage', '', '', '', 1.5, 3381, 113552, 0, 0, 100, 175, 30, 0, 0, 0, 0, 0, 292, 1, 390412, 0, 0, 0, 10, 0, 0, 0, 0, 1, 0, 0, 0, 0, 0, 0, 0, 0, 0, 0, 0, 2181, 46801), -- Titan-Touched Saxifrage
(381105, 50, 76807, 'Rich Serevite Deposit', '', '', '', 1, 3396, 114131, 0, 0, 60, 100, 30, 0, 0, 0, 0, 0, 681, 1, 388670, 0, 0, 0, 10, 0, 0, 0, 0, 1, 0, 0, 0, 0, 0, 0, 0, 0, 0, 0, 0, 2181, 46801), -- Rich Serevite Deposit
(380604, 3, 76442, 'Mysterious Banner', '', 'Opening', '', 0.200000002980232238, 43, 0, 1, 0, 1, 1, 0, 0, 0, 0, 0, 0, 0, 1, 21400, 0, 0, 100242, 0, 2, 0, 0, 0, 0, 0, 0, 0, 0, 0, 5325, 112514, 0, 108, 0, 0, 2214, 46801), -- Mysterious Banner
(384942, 7, 71141, 'Bench', '', '', '', 0.99999934434890747, 2, 2, 0, 0, 0, 0, 0, 0, 0, 0, 0, 0, 0, 0, 0, 0, 0, 0, 0, 0, 0, 0, 0, 0, 0, 0, 0, 0, 0, 0, 0, 0, 0, 0, 0, 0, 46801), -- Bench
(384941, 7, 71141, 'Bench', '', '', '', 0.999999225139617919, 2, 2, 0, 0, 0, 0, 0, 0, 0, 0, 0, 0, 0, 0, 0, 0, 0, 0, 0, 0, 0, 0, 0, 0, 0, 0, 0, 0, 0, 0, 0, 0, 0, 0, 0, 0, 46801), -- Bench
(384939, 7, 76729, 'Stool', '', '', '', 0.999999403953552246, 1, 2, 0, 0, 0, 0, 0, 0, 0, 0, 0, 0, 0, 0, 0, 0, 0, 0, 0, 0, 0, 0, 0, 0, 0, 0, 0, 0, 0, 0, 0, 0, 0, 0, 0, 0, 46801), -- Stool
(384748, 8, 76573, 'Cooking Oven', '', '', '', 0.999999403953552246, 4, 10, 0, 0, 0, 0, 0, 0, 0, 0, 0, 0, 0, 0, 0, 0, 0, 0, 0, 0, 0, 0, 0, 0, 0, 0, 0, 0, 0, 0, 0, 0, 0, 0, 0, 0, 46801), -- Cooking Oven
(379227, 10, 15405, 'Conspicuous Note', 'questinteract', '', '', 1, 0, 70148, 0, 1, 0, 0, 0, 8610, 0, 1, 0, 0, 0, 0, 0, 0, 0, 0, 0, 0, 1, 0, 99880, 0, 0, 0, 0, 0, 0, 0, 0, 0, 0, 0, 0, 0, 46801), -- Conspicuous Note
(378999, 3, 30567, 'Shiny Surveyors Scope', 'questinteract', 'Collecting', '', 0.699999988079071044, 93, 0, 1, 0, 0, 0, 0, 0, 70042, 0, 0, 0, 0, 0, 19676, 0, 0, 0, 0, 0, 0, 0, 0, 0, 0, 0, 0, 0, 0, 0, 112168, 0, 0, 0, 0, 2309, 46801), -- Shiny Surveyors Scope
(378435, 2, 74224, 'Embassy Visitor Log', 'questinteract', '', '', 1, 0, 0, 0, 28713, 0, 0, 0, 0, 0, 0, 0, 0, 0, 0, 0, 0, 0, 0, 0, 0, 0, 0, 0, 0, 0, 0, 0, 0, 0, 0, 0, 0, 0, 0, 0, 2309, 46801), -- Embassy Visitor Log
(377983, 5, 73015, 'Table', '', '', '', 1, 0, 0, 0, 0, 0, 0, 0, 0, 0, 0, 0, 0, 0, 0, 0, 0, 0, 0, 0, 0, 0, 0, 0, 0, 0, 0, 0, 0, 0, 0, 0, 0, 0, 0, 0, 2401, 46801), -- Table
(384940, 7, 76729, 'Stool', '', '', '', 0.999999463558197021, 1, 2, 0, 0, 0, 0, 0, 0, 0, 0, 0, 0, 0, 0, 0, 0, 0, 0, 0, 0, 0, 0, 0, 0, 0, 0, 0, 0, 0, 0, 0, 0, 0, 0, 0, 0, 46801), -- Stool
(384938, 7, 76729, 'Stool', '', '', '', 0.999999463558197021, 1, 2, 0, 0, 0, 0, 0, 0, 0, 0, 0, 0, 0, 0, 0, 0, 0, 0, 0, 0, 0, 0, 0, 0, 0, 0, 0, 0, 0, 0, 0, 0, 0, 0, 0, 0, 46801), -- Stool
(378437, 10, 74576, 'Alexstrasza\'s Welcome', 'questinteract', 'Examining', '', 1, 93, 0, 0, 3000, 0, 0, 0, 8609, 0, 2, 382653, 0, 0, 0, 24124, 0, 0, 0, 0, 0, 1, 0, 99582, 1, 0, 0, 0, 0, 0, 0, 0, 0, 0, 0, 0, 2309, 46801), -- Alexstrasza's Welcome
(384953, 5, 73196, 'Crate', '', '', '', 0.779999971389770507, 0, 0, 0, 0, 0, 0, 0, 0, 0, 0, 0, 0, 0, 0, 0, 0, 0, 0, 0, 0, 0, 0, 0, 0, 0, 0, 0, 0, 0, 0, 0, 0, 0, 0, 0, 0, 46801), -- Crate
(384951, 5, 71292, 'Stool', '', '', '', 1, 0, 0, 0, 0, 0, 0, 0, 0, 0, 0, 0, 0, 0, 0, 0, 0, 0, 0, 0, 0, 0, 0, 0, 0, 0, 0, 0, 0, 0, 0, 0, 0, 0, 0, 0, 0, 46801), -- Stool
(380853, 8, 76631, 'Leatherworker\'s Tool Bench', '', '', '', 1, 2169, 10, 0, 0, 0, 0, 0, 0, 407, 0, 30084, 0, 0, 0, 2, 0, 0, 0, 0, 0, 0, 0, 0, 0, 0, 0, 0, 0, 0, 0, 0, 0, 0, 0, 0, 0, 46801), -- Leatherworker's Tool Bench
(379183, 8, 71475, 'Anvil', '', '', '', 1, 1, 10, 0, 0, 0, 0, 0, 0, 103828, 0, 30091, 0, 0, 0, 0, 0, 0, 0, 0, 0, 0, 0, 0, 0, 0, 0, 0, 0, 0, 0, 0, 0, 0, 0, 0, 0, 46801), -- Anvil
(379182, 19, 76071, 'Mailbox', '', '', '', 1.129999995231628417, 0, 0, 0, 0, 0, 0, 0, 0, 0, 0, 0, 0, 0, 0, 0, 0, 0, 0, 0, 0, 0, 0, 0, 0, 0, 0, 0, 0, 0, 0, 0, 0, 0, 0, 0, 0, 46801), -- Mailbox
(379177, 8, 71473, 'Forge', '', '', '', 1, 3, 10, 0, 0, 0, 0, 0, 0, 103829, 0, 30092, 0, 0, 0, 0, 0, 0, 0, 0, 0, 0, 0, 0, 0, 0, 0, 0, 0, 0, 0, 0, 0, 0, 0, 0, 0, 46801), -- Forge
(378440, 5, 74406, 'Fragment', '', '', '', 1, 0, 0, 0, 0, 0, 0, 0, 0, 0, 0, 0, 0, 0, 0, 0, 0, 0, 0, 0, 0, 0, 0, 0, 0, 0, 0, 0, 0, 0, 0, 0, 0, 0, 0, 0, 0, 46801), -- Fragment
(380854, 8, 76632, 'Enchanter\'s Lectern', '', '', '', 1, 2173, 10, 0, 0, 0, 0, 0, 0, 402, 0, 30079, 0, 0, 0, 9, 0, 0, 0, 0, 0, 0, 0, 0, 0, 0, 0, 0, 0, 0, 0, 0, 0, 0, 0, 0, 0, 46801), -- Enchanter's Lectern
(379175, 8, 75761, 'Brazier', '', '', '', 4.15000009536743164, 4, 10, 377066, 0, 0, 0, 0, 0, 0, 0, 0, 0, 0, 0, 0, 0, 0, 0, 0, 0, 0, 0, 0, 0, 0, 0, 0, 0, 0, 0, 0, 0, 0, 0, 0, 0, 46801), -- Brazier
(379000, 3, 76070, 'Jeb\'s Backup Supply Pack', 'questinteract', 'Opening', '', 1, 43, 0, 1, 0, 0, 0, 0, 0, 0, 0, 0, 0, 0, 0, 21400, 0, 0, 99563, 0, 0, 0, 0, 0, 0, 0, 0, 0, 0, 0, 0, 112175, 0, 0, 0, 0, 2309, 46801), -- Jeb's Backup Supply Pack
(378997, 3, 30433, 'Golden Expedition Compass', 'questinteract', 'Collecting', '', 0.5, 0, 0, 1, 0, 0, 0, 0, 0, 0, 0, 0, 0, 0, 0, 19676, 0, 0, 0, 0, 0, 0, 0, 0, 0, 0, 0, 0, 0, 0, 0, 112178, 0, 0, 0, 0, 2309, 46801), -- Golden Expedition Compass
(379179, 8, 16847, 'Campfire', '', '', '', 1, 4, 10, 215916, 0, 0, 0, 0, 0, 0, 0, 0, 0, 0, 0, 0, 0, 0, 0, 0, 0, 0, 0, 0, 0, 0, 0, 0, 0, 0, 0, 0, 0, 0, 0, 0, 0, 46801), -- Campfire
(377254, 43, 75070, 'Dock', '', '', '', 1, -1, 0, 0, 0, 0, 0, 0, 0, 0, 0, 0, 0, 0, 0, 0, 0, 0, 0, 0, 0, 0, 0, 0, 0, 0, 0, 0, 0, 0, 0, 0, 0, 0, 0, 0, 0, 46801), -- Dock
(379181, 8, 75513, 'Brazier', '', '', '', 1, 4, 10, 377066, 0, 0, 0, 0, 0, 0, 0, 0, 0, 0, 0, 0, 0, 0, 0, 0, 0, 0, 0, 0, 0, 0, 0, 0, 0, 0, 0, 0, 0, 0, 0, 0, 0, 46801), -- Brazier
(379180, 8, 75513, 'Brazier', '', '', '', 1, 4, 10, 377066, 0, 0, 0, 0, 0, 0, 0, 0, 0, 0, 0, 0, 0, 0, 0, 0, 0, 0, 0, 0, 0, 0, 0, 0, 0, 0, 0, 0, 0, 0, 0, 0, 0, 46801), -- Brazier
(378438, 10, 73375, 'Brazier of Kinship', 'questinteract', 'Light Brazier', '', 2.5, 2763, 0, 0, 3000, 0, 0, 0, 0, 0, 0, 382655, 0, 0, 0, 202791, 0, 0, 0, 0, 0, 1, 0, 0, 1, 0, 0, 0, 0, 0, 0, 0, 0, 0, 0, 0, 2309, 46801), -- Brazier of Kinship
(379176, 8, 75761, 'Brazier', '', '', '', 4.15000009536743164, 4, 10, 377066, 0, 0, 0, 0, 0, 0, 0, 0, 0, 0, 0, 0, 0, 0, 0, 0, 0, 0, 0, 0, 0, 0, 0, 0, 0, 0, 0, 0, 0, 0, 0, 0, 0, 46801), -- Brazier
(381515, 50, 76806, 'Hardened Serevite Deposit', '', '', '', 1, 3396, 114131, 0, 0, 60, 100, 30, 0, 0, 0, 0, 0, 681, 4, 388578, 0, 0, 0, 10, 0, 0, 0, 0, 1, 0, 0, 0, 0, 0, 0, 0, 0, 0, 0, 0, 2181, 46801), -- Hardened Serevite Deposit
(381099, 25, 6435, 'Cerulean Spinefish School', '', '', '', 1, 4, 112871, 3, 5, 1628, 0, 0, 0, 0, 0, 0, 0, 0, 0, 0, 0, 0, 0, 0, 0, 0, 0, 0, 0, 0, 0, 0, 0, 0, 0, 0, 0, 0, 0, 0, 2164, 46801), -- Cerulean Spinefish School
(381910, 7, 71292, 'Stool', '', '', '', 1, 1, 1, 0, 0, 0, 0, 0, 0, 0, 0, 0, 0, 0, 0, 0, 0, 0, 0, 0, 0, 0, 0, 0, 0, 0, 0, 0, 0, 0, 0, 0, 0, 0, 0, 0, 0, 46801), -- Stool
(378462, 8, 16975, 'Campfire', '', '', '', 1, 4, 10, 243896, 0, 0, 0, 0, 0, 0, 0, 0, 0, 0, 0, 0, 0, 0, 0, 0, 0, 0, 0, 0, 0, 0, 0, 0, 0, 0, 0, 0, 0, 0, 0, 0, 0, 46801), -- Campfire
(381098, 25, 6482, 'Aileron Seamoth School', '', '', '', 1, 4, 112870, 3, 5, 1628, 0, 0, 0, 0, 0, 0, 0, 0, 0, 0, 0, 0, 0, 0, 0, 0, 0, 0, 0, 0, 0, 0, 0, 0, 0, 0, 0, 0, 0, 0, 2164, 46801), -- Aileron Seamoth School
(268885, 17, 41629, 'Fishing Bobber', 'Fishing', '', '', 1, 0, 0, 0, 0, 0, 0, 0, 0, 0, 0, 0, 0, 0, 0, 0, 0, 0, 0, 0, 0, 0, 0, 0, 0, 0, 0, 0, 0, 0, 0, 0, 0, 0, 0, 0, 333, 46801), -- Fishing Bobber
(379276, 8, 33316, 'Campfire', '', '', '', 1, 4, 10, 249358, 0, 0, 0, 0, 0, 0, 0, 0, 0, 0, 0, 0, 0, 0, 0, 0, 0, 0, 0, 0, 0, 0, 0, 0, 0, 0, 0, 0, 0, 0, 0, 0, 0, 46801), -- Campfire
(381103, 50, 76805, 'Serevite Deposit', '', '', '', 1, 3396, 114131, 0, 0, 15, 30, 30, 0, 0, 0, 0, 0, 681, 1, 388670, 0, 0, 0, 10, 0, 0, 0, 0, 1, 0, 0, 0, 0, 0, 0, 0, 0, 0, 0, 0, 2181, 46801), -- Serevite Deposit
(376502, 10, 74365, 'Protodragon Rib Cage', 'questinteract', 'Destroying', '', 0.759999990463256835, 2741, 0, 0, 3000, 0, 0, 0, 0, 0, 0, 372984, 0, 0, 0, 24585, 0, 0, 0, 0, 0, 1, 0, 97321, 1, 0, 0, 0, 0, 0, 0, 0, 0, 0, 0, 0, 0, 46801), -- Protodragon Rib Cage
(381516, 50, 76806, 'Molten Serevite Deposit', '', '', '', 1, 3396, 114131, 0, 0, 60, 100, 30, 0, 0, 0, 0, 0, 681, 1, 388577, 0, 0, 0, 10, 0, 0, 0, 0, 1, 0, 0, 0, 0, 0, 0, 0, 0, 0, 0, 0, 2181, 46801), -- Molten Serevite Deposit
(381102, 50, 76804, 'Serevite Deposit', '', '', '', 1, 3396, 114131, 0, 0, 15, 30, 30, 0, 0, 0, 0, 0, 681, 1, 388670, 0, 0, 0, 10, 0, 0, 0, 0, 1, 0, 0, 0, 0, 0, 0, 0, 0, 0, 0, 0, 2181, 46801), -- Serevite Deposit
(375073, 15, 51679, 'The Rugged Dragonscale', '', '', '', 1, 8659, 30, 1, 0, 0, 1, 2524, 21511, 0, 0, 0, 0, 0, 0, 0, 0, 0, 0, 0, 0, 0, 0, 0, 0, 0, 0, 0, 0, 0, 0, 0, 0, 0, 0, 0, 0, 46801), -- The Rugged Dragonscale
(376849, 5, 34494, 'Reliquary Arcwine', '', '', '', 0.800000011920928955, 0, 0, 0, 0, 0, 0, 0, 0, 0, 0, 0, 0, 0, 0, 0, 0, 0, 0, 0, 0, 0, 0, 0, 0, 0, 0, 0, 0, 0, 0, 0, 0, 0, 0, 0, 0, 46801), -- Reliquary Arcwine
(376846, 5, 37520, 'Reliquary Pillows', '', '', '', 1, 0, 0, 0, 0, 0, 0, 0, 0, 0, 0, 0, 0, 0, 0, 0, 0, 0, 0, 0, 0, 0, 0, 0, 0, 0, 0, 0, 0, 0, 0, 0, 0, 0, 0, 0, 0, 46801), -- Reliquary Pillows
(376845, 5, 34334, 'Reliquary Chair', '', '', '', 1, 0, 0, 0, 0, 0, 0, 0, 0, 0, 0, 0, 0, 0, 0, 0, 0, 0, 0, 0, 0, 0, 0, 0, 0, 0, 0, 0, 0, 0, 0, 0, 0, 0, 0, 0, 0, 46801), -- Reliquary Chair
(376704, 5, 74541, 'Reliquary Pillow', '', '', '', 1, 0, 0, 0, 0, 0, 0, 0, 0, 0, 0, 0, 0, 0, 0, 0, 0, 0, 0, 0, 0, 0, 0, 0, 0, 0, 0, 0, 0, 0, 0, 0, 0, 0, 0, 0, 0, 46801), -- Reliquary Pillow
(376842, 5, 74696, 'Telescope', '', '', '', 1, 0, 0, 0, 0, 0, 0, 0, 0, 0, 0, 0, 0, 0, 0, 0, 0, 0, 0, 0, 0, 0, 0, 0, 0, 0, 0, 0, 0, 0, 0, 0, 0, 0, 0, 0, 0, 46801), -- Telescope
(376840, 5, 74694, 'Reliquary Jar', '', '', '', 1, 0, 0, 0, 0, 0, 0, 0, 0, 0, 0, 0, 0, 0, 0, 0, 0, 0, 0, 0, 0, 0, 0, 0, 0, 0, 0, 0, 0, 0, 0, 0, 0, 0, 0, 0, 0, 46801), -- Reliquary Jar
(376839, 5, 74693, 'Reliquary Jar', '', '', '', 1, 0, 0, 0, 0, 0, 0, 0, 0, 0, 0, 0, 0, 0, 0, 0, 0, 0, 0, 0, 0, 0, 0, 0, 0, 0, 0, 0, 0, 0, 0, 0, 0, 0, 0, 0, 0, 46801), -- Reliquary Jar
(376674, 5, 72869, 'Reliquary Crate', '', '', '', 1, 0, 0, 0, 0, 0, 0, 0, 0, 0, 0, 0, 0, 0, 0, 0, 0, 0, 0, 0, 0, 0, 0, 0, 0, 0, 0, 0, 0, 0, 0, 0, 0, 0, 0, 0, 0, 46801), -- Reliquary Crate
(376837, 5, 74692, 'Reliquary Barrel', '', '', '', 1, 0, 0, 0, 0, 0, 0, 0, 0, 0, 0, 0, 0, 0, 0, 0, 0, 0, 0, 0, 0, 0, 0, 0, 0, 0, 0, 0, 0, 0, 0, 0, 0, 0, 0, 0, 0, 46801), -- Reliquary Barrel
(376708, 5, 74546, 'Reliquary Crate', '', '', '', 1, 0, 0, 0, 0, 0, 0, 0, 0, 0, 0, 0, 0, 0, 0, 0, 0, 0, 0, 0, 0, 0, 0, 0, 0, 0, 0, 0, 0, 0, 0, 0, 0, 0, 0, 0, 0, 46801), -- Reliquary Crate
(375041, 15, 75394, 'The Defiant Dragonscale', '', '', '', 1, 8658, 30, 1, 0, 0, 61, 2523, 21511, 0, 0, 0, 0, 0, 0, 0, 0, 0, 0, 0, 0, 0, 0, 0, 0, 0, 0, 0, 0, 0, 0, 0, 0, 0, 0, 0, 0, 46801), -- The Defiant Dragonscale
(383583, 22, 77931, 'Portal to Valdrakken', '', '', '', 0.999999761581420898, 393589, -1, 0, 0, 0, 103378, 1, 0, 0, 0, 0, 0, 0, 0, 0, 0, 0, 0, 0, 0, 0, 0, 0, 0, 0, 0, 0, 0, 0, 0, 0, 0, 0, 0, 0, 2424, 46801); -- Portal to Valdrakken

UPDATE `gameobject_template` SET `VerifiedBuild`=46801 WHERE `entry` IN (299330, 206590, 20694, 204360, 204169, 196475, 204168, 204167, 204171, 204170, 204172, 203471, 58595, 1731, 207889, 152614, 323850, 355229, 204211, 206726, 204215, 204214, 204210, 269949, 204209, 259114, 210059, 210058, 204205, 204200, 202802, 207646, 206729, 204695, 204693, 204203, 207633, 204696, 204694, 204681, 202800, 208534, 207630, 204939, 204938, 204204, 202801, 202799, 202798, 186722, 202813, 204680, 208270, 208269, 204937, 204936, 204706, 202814, 202811, 208054, 207632, 204698, 204679, 204678, 204643, 202815, 202809, 202808, 193981, 206547, 206538, 197280, 204699, 223739, 197307, 197259, 197315, 204688, 197285, 197312, 197261, 207634, 206730, 197322, 197314, 202810, 204727, 197311, 197207, 197287, 204700, 206740, 206548, 197284, 197260, 206529, 197313, 207414, 204726, 197309, 223814, 197286, 197278, 197310, 186238, 243292, 245923, 243296, 243302, 252281, 237942, 243299, 205056, 254068, 243332, 243300, 206110, 190549, 243294, 253169, 212212, 105576, 203969, 210181, 243295, 243333, 243301, 243298, 376258, 243293, 243324, 206608, 206609, 206610);
UPDATE `gameobject_template` SET `ContentTuningId`=331, `VerifiedBuild`=46801 WHERE `entry`=268883; -- Fishing Bobber

DELETE FROM `gameobject_questitem` WHERE (`Idx`=0 AND `GameObjectEntry` IN (376945,376942,376941,380940,377009,377014,378999,378997));
INSERT INTO `gameobject_questitem` (`GameObjectEntry`, `Idx`, `ItemId`, `VerifiedBuild`) VALUES
(376945, 0, 192756, 46801), -- The Red and the Black Flights
(376942, 0, 192753, 46801), -- The Scales of Wrath
(376941, 0, 192745, 46801), -- The Titanic Comedy
(380940, 0, 198982, 46801), -- Broken Head
(377009, 0, 191546, 46801), -- Pile of Wind-Infused Shells
(377014, 0, 191549, 46801), -- Pile of Water-Infused Shells
(378999, 0, 198134, 46801), -- Shiny Surveyors Scope
(378997, 0, 198133, 46801); -- Golden Expedition Compass

UPDATE `gameobject_questitem` SET `VerifiedBuild`=46801 WHERE (`Idx`=0 AND `GameObjectEntry` IN (204360,58595,203969));

DELETE FROM `page_text` WHERE `ID`=8609;
INSERT INTO `page_text` (`ID`, `Text`, `NextPageID`, `PlayerConditionID`, `Flags`, `VerifiedBuild`) VALUES
(8609, 'Welcome, friend of the dragonflights.\n\nMay your journeys in the Dragon Isles bring you tranquility, confidence, and camaraderie.\n\nWhile you travel these isles, reflect on the... <this portion of the tablet has broken off.>\n\n... remember our oaths to Azeroth, symbolized in the Oathstones at the seats of power for each dragonflight. We ask... <this portion of the tablet has broken off.>\n\n... For life, and for Azeroth.\n\nAlexstrasza the Life-Binder,\nQueen of the Dragons', 0, 0, 0, 46801); -- 8609

UPDATE `page_text` SET `VerifiedBuild`=46801 WHERE `ID`=4931;


